stage,generation,train_accuracy_percent,train_loss,test_accuracy_percent,test_loss
generation,0,18.99999976158142,60.659854888916016,11.629999428987503,65.77811431884766
generation,1,19.499999284744263,77.88116455078125,11.490000039339066,82.04391479492188
generation,2,18.50000023841858,50.825077056884766,13.329999148845673,53.3195686340332
generation,3,17.499999701976776,70.16828155517578,13.349999487400055,71.7621841430664
generation,4,18.50000023841858,68.01152038574219,13.040000200271606,69.15607452392578
generation,5,18.50000023841858,69.58743286132812,14.219999313354492,74.1442642211914
generation,6,17.999999225139618,58.69990539550781,11.03999987244606,62.350711822509766
generation,7,17.000000178813934,54.97636413574219,11.499999463558197,60.294193267822266
generation,8,19.499999284744263,67.9165267944336,11.620000004768372,78.4863510131836
generation,9,22.499999403953552,46.61842346191406,15.439999103546143,48.41910934448242
generation,10,19.999998807907104,54.546669006347656,15.529999136924744,55.03468704223633
generation,11,19.499999284744263,48.53315734863281,14.350000023841858,54.487831115722656
generation,12,17.999999225139618,55.16899108886719,11.779999732971191,56.34373092651367
generation,13,18.50000023841858,56.62455749511719,14.489999413490295,59.5638427734375
generation,14,20.499999821186066,52.35939407348633,14.489999413490295,59.5638427734375
generation,15,18.50000023841858,66.06029510498047,11.419999599456787,67.439208984375
generation,16,22.999998927116394,64.7762222290039,16.110000014305115,70.91850280761719
generation,17,19.999998807907104,50.544883728027344,15.160000324249268,57.936100006103516
generation,18,17.499999701976776,64.64488983154297,12.669999897480011,69.24329376220703
generation,19,18.99999976158142,60.731380462646484,12.479999661445618,66.19799041748047
generation,20,19.999998807907104,70.1781234741211,15.42000025510788,69.46666717529297
generation,21,17.999999225139618,75.8222427368164,14.100000262260437,76.91629028320312
generation,22,19.999998807907104,69.058349609375,12.309999763965607,72.0436782836914
generation,23,21.49999886751175,77.15873718261719,16.87999963760376,84.50215911865234
generation,24,18.50000023841858,51.930076599121094,13.179999589920044,57.39117431640625
generation,25,20.499999821186066,70.22964477539062,13.279999792575836,76.54792785644531
generation,26,19.999998807907104,75.59955596923828,13.050000369548798,81.19734191894531
generation,27,20.999999344348907,48.200130462646484,13.869999349117279,55.31290054321289
generation,28,20.499999821186066,51.725154876708984,13.869999349117279,55.31290054321289
generation,29,18.99999976158142,64.49789428710938,12.289999425411224,73.87229919433594
generation,30,18.50000023841858,48.33492660522461,15.639999508857727,49.64957046508789
generation,31,19.999998807907104,87.25825500488281,16.87999963760376,84.50215911865234
generation,32,18.99999976158142,49.33464431762695,15.150000154972076,50.10580825805664
generation,33,18.99999976158142,67.08223724365234,13.349999487400055,65.75945281982422
generation,34,17.999999225139618,75.20663452148438,14.180000126361847,77.22592163085938
generation,35,19.499999284744263,57.07558059692383,11.159999668598175,62.20612335205078
generation,36,20.499999821186066,56.85166931152344,13.939999043941498,59.12808609008789
generation,37,20.499999821186066,61.8611946105957,14.270000159740448,66.18293762207031
generation,38,19.499999284744263,55.71533203125,14.259999990463257,61.05219268798828
generation,39,20.499999821186066,63.668582916259766,13.030000030994415,69.09135437011719
generation,40,18.50000023841858,51.717689514160156,13.740000128746033,59.01283264160156
generation,41,21.49999886751175,57.302032470703125,13.660000264644623,66.2810287475586
generation,42,22.999998927116394,38.615875244140625,16.419999301433563,44.275848388671875
generation,43,22.499999403953552,58.249176025390625,16.14999920129776,66.78742218017578
generation,44,23.999999463558197,62.211219787597656,16.14999920129776,66.78742218017578
generation,45,18.99999976158142,56.5118408203125,15.289999544620514,55.9321174621582
generation,46,19.999998807907104,59.460758209228516,14.899998903274536,63.82786178588867
generation,47,19.499999284744263,75.78596496582031,16.939999163150787,81.27017974853516
generation,48,19.999998807907104,57.61003494262695,14.139999449253082,63.75947570800781
generation,49,19.999998807907104,50.78141784667969,13.849999010562897,58.60573196411133
generation,50,18.50000023841858,65.31535339355469,14.819999039173126,69.97433471679688
generation,51,21.99999988079071,62.375892639160156,16.21999889612198,68.78968811035156
generation,52,20.999999344348907,56.553253173828125,17.629998922348022,56.15598678588867
generation,53,25.499999523162842,50.122798919677734,17.629998922348022,56.15598678588867
generation,54,18.50000023841858,55.12325668334961,14.209999144077301,63.11457061767578
generation,55,20.999999344348907,49.923641204833984,17.29999929666519,53.97239303588867
generation,56,20.499999821186066,66.0682373046875,14.909999072551727,66.30013275146484
generation,57,19.499999284744263,73.4382553100586,16.099999845027924,74.98786163330078
generation,58,19.499999284744263,58.861576080322266,11.789999902248383,66.48218536376953
generation,59,21.49999886751175,48.21494674682617,15.299999713897705,49.62412643432617
generation,60,17.499999701976776,50.97342300415039,15.299999713897705,49.62412643432617
generation,61,21.99999988079071,57.90531921386719,18.889999389648438,61.04599380493164
generation,62,22.499999403953552,54.74800109863281,18.889999389648438,61.04599380493164
generation,63,22.999998927116394,65.9599838256836,18.889999389648438,61.04599380493164
generation,64,23.999999463558197,50.2928581237793,18.889999389648438,61.04599380493164
generation,65,21.49999886751175,50.4294548034668,16.349999606609344,56.609718322753906
generation,66,22.499999403953552,44.77898406982422,14.289999008178711,51.20374298095703
generation,67,20.499999821186066,60.554351806640625,12.379999458789825,61.3135986328125
generation,68,19.999998807907104,54.76609802246094,14.639998972415924,58.947601318359375
generation,69,26.499998569488525,55.750003814697266,18.889999389648438,61.04599380493164
generation,70,19.999998807907104,49.255279541015625,17.04999953508377,53.185298919677734
generation,71,20.499999821186066,49.756744384765625,15.160000324249268,50.27716827392578
generation,72,21.99999988079071,46.83005905151367,13.920000195503235,54.03156280517578
generation,73,23.499999940395355,55.77360916137695,18.889999389648438,61.04599380493164
generation,74,19.999998807907104,61.06621551513672,18.889999389648438,61.04599380493164
generation,75,21.49999886751175,46.46454620361328,15.029999613761902,51.982967376708984
generation,76,21.49999886751175,57.976749420166016,17.639999091625214,58.15195083618164
generation,77,21.49999886751175,58.963584899902344,18.889999389648438,61.04599380493164
generation,78,22.499999403953552,54.78435516357422,18.889999389648438,61.04599380493164
generation,79,22.499999403953552,73.05665588378906,16.939999163150787,77.51041412353516
generation,80,22.999998927116394,56.64901351928711,18.889999389648438,61.04599380493164
generation,81,23.999999463558197,48.907962799072266,16.369999945163727,54.2669677734375
generation,82,22.499999403953552,47.944793701171875,18.50000023841858,49.42122268676758
generation,83,23.999999463558197,64.54671478271484,13.48000019788742,70.34628295898438
generation,84,25.0,43.324092864990234,18.469999730587006,47.27024459838867
generation,85,23.499999940395355,68.97663116455078,14.980000257492065,67.32434844970703
generation,86,21.49999886751175,45.810028076171875,16.279999911785126,45.245697021484375
generation,87,23.999999463558197,47.18141174316406,18.469999730587006,47.27024459838867
generation,88,24.49999898672104,53.37273406982422,17.44999885559082,59.304264068603516
generation,89,22.999998927116394,74.2440185546875,18.239998817443848,69.68087005615234
generation,90,22.499999403953552,45.10072708129883,17.409999668598175,47.475379943847656
generation,91,23.499999940395355,44.892635345458984,15.230000019073486,48.59979248046875
generation,92,20.999999344348907,44.447025299072266,18.82999986410141,44.176246643066406
generation,93,25.0,55.568485260009766,15.060000121593475,60.0333137512207
generation,94,23.499999940395355,47.19337844848633,18.699999153614044,54.997093200683594
generation,95,25.999999046325684,49.9699821472168,19.72000002861023,51.2465705871582
generation,96,23.999999463558197,50.78383255004883,15.230000019073486,61.701812744140625
generation,97,20.499999821186066,41.76466751098633,13.050000369548798,50.918235778808594
generation,98,23.499999940395355,50.425472259521484,19.40999925136566,49.0035400390625
generation,99,22.999998927116394,68.82386016845703,17.29999929666519,67.10400390625
generation,100,21.99999988079071,48.31596374511719,15.070000290870667,52.04949188232422
generation,101,22.499999403953552,55.58085632324219,16.290000081062317,54.356407165527344
generation,102,23.499999940395355,55.51591491699219,18.859998881816864,60.02275085449219
generation,103,25.0,47.24267578125,16.409999132156372,54.9000244140625
generation,104,25.999999046325684,54.127315521240234,17.87000000476837,53.05458068847656
generation,105,23.499999940395355,53.45899963378906,17.94999986886978,52.64567947387695
generation,106,25.999999046325684,53.294349670410156,18.569999933242798,54.41766357421875
generation,107,23.499999940395355,51.94972610473633,19.349999725818634,55.232398986816406
generation,108,21.49999886751175,52.443153381347656,18.6599999666214,48.447540283203125
generation,109,22.499999403953552,46.3300666809082,19.280000030994415,47.22491455078125
generation,110,28.49999964237213,57.52192687988281,21.10999971628189,64.79779052734375
generation,111,26.499998569488525,53.3952522277832,20.789998769760132,54.1485481262207
generation,112,25.499999523162842,50.198387145996094,20.659999549388885,48.28668975830078
generation,113,25.0,54.486846923828125,17.77999997138977,55.380069732666016
generation,114,24.49999898672104,54.557281494140625,20.469999313354492,54.976806640625
generation,115,25.499999523162842,63.871604919433594,19.829998910427094,66.06437683105469
generation,116,24.49999898672104,49.3862190246582,16.899999976158142,53.11076354980469
generation,117,25.0,47.27543640136719,19.269999861717224,52.309295654296875
generation,118,28.49999964237213,51.6401481628418,20.999999344348907,57.57451248168945
generation,119,25.499999523162842,60.213653564453125,19.460000097751617,66.65249633789062
generation,120,25.0,61.61534118652344,20.999999344348907,60.85746383666992
generation,121,26.499998569488525,58.9918098449707,21.16999924182892,57.071739196777344
generation,122,25.0,36.43582534790039,20.76999992132187,37.655174255371094
generation,123,25.999999046325684,41.919944763183594,21.769998967647552,46.90999984741211
generation,124,27.500000596046448,48.35442352294922,20.520000159740448,47.82768249511719
generation,125,25.0,58.0638313293457,20.569999516010284,57.844932556152344
generation,126,32.999998331069946,37.44999694824219,21.1899995803833,43.47382736206055
generation,127,26.499998569488525,56.37348937988281,23.889999091625214,52.34253692626953
generation,128,29.499998688697815,48.62669372558594,23.559999465942383,49.84817886352539
generation,129,28.999999165534973,45.383174896240234,23.559999465942383,49.84817886352539
generation,130,26.999998092651367,44.94944763183594,19.73000019788742,46.92524719238281
generation,131,26.999998092651367,63.830570220947266,22.029998898506165,61.79781723022461
generation,132,27.500000596046448,45.8474006652832,20.170000195503235,54.40422058105469
generation,133,23.999999463558197,48.22602462768555,23.12999963760376,42.70282745361328
generation,134,26.999998092651367,45.217002868652344,20.160000026226044,51.378692626953125
generation,135,26.999998092651367,60.56525421142578,21.66999876499176,57.934261322021484
generation,136,29.499998688697815,61.520233154296875,22.849999368190765,65.930908203125
generation,137,30.500000715255737,46.901702880859375,22.129999101161957,51.8635368347168
generation,138,26.499998569488525,69.26687622070312,22.31999933719635,70.30549621582031
generation,139,28.999999165534973,54.99225616455078,21.549999713897705,55.463932037353516
generation,140,31.49999976158142,50.44308090209961,21.57999873161316,56.6453742980957
generation,141,26.999998092651367,45.174617767333984,22.699999809265137,48.93360137939453
generation,142,28.00000011920929,59.967002868652344,22.06999957561493,63.67473220825195
generation,143,31.999999284744263,44.82672882080078,22.699999809265137,49.371768951416016
generation,144,28.49999964237213,55.68593215942383,22.32999950647354,56.186038970947266
generation,145,28.49999964237213,74.9732437133789,20.889998972415924,82.99934387207031
generation,146,32.999998331069946,47.03153991699219,22.599999606609344,55.20270538330078
generation,147,28.00000011920929,49.86260223388672,21.779999136924744,49.806846618652344
generation,148,32.499998807907104,52.44271469116211,25.130000710487366,55.6057014465332
generation,149,29.999998211860657,49.494407653808594,23.37999939918518,48.11439514160156
generation,150,29.999998211860657,54.852745056152344,25.130000710487366,55.6057014465332
generation,151,28.00000011920929,43.126163482666016,23.669999837875366,45.79702377319336
generation,152,28.00000011920929,75.96406555175781,25.40999948978424,72.263671875
generation,153,30.500000715255737,44.190879821777344,23.669999837875366,45.79702377319336
generation,154,26.499998569488525,45.27830505371094,22.759999334812164,47.785491943359375
generation,155,28.999999165534973,47.909000396728516,22.709999978542328,51.35921859741211
generation,156,29.999998211860657,51.53806686401367,25.87999999523163,50.42076110839844
generation,157,30.500000715255737,46.857662200927734,25.40999948978424,47.45109176635742
generation,158,26.999998092651367,50.24318313598633,22.87999987602234,52.23694610595703
generation,159,31.49999976158142,50.25364303588867,25.07999837398529,52.259979248046875
generation,160,30.500000715255737,47.8982048034668,24.219998717308044,50.720237731933594
generation,161,31.00000023841858,46.319313049316406,24.479998648166656,48.840118408203125
generation,162,36.49999797344208,43.66502380371094,25.529998540878296,51.20320510864258
generation,163,32.999998331069946,52.306312561035156,23.809999227523804,55.557064056396484
generation,164,31.00000023841858,46.2807731628418,26.569998264312744,50.679542541503906
generation,165,33.49999785423279,44.93116760253906,24.369999766349792,53.25452423095703
generation,166,29.499998688697815,43.960636138916016,26.240000128746033,44.858943939208984
generation,167,31.999999284744263,53.077484130859375,23.46999943256378,55.77686309814453
generation,168,29.499998688697815,49.709922790527344,25.81999897956848,50.32976531982422
generation,169,28.49999964237213,51.856571197509766,23.319999873638153,55.76228713989258
generation,170,30.500000715255737,57.143165588378906,25.529998540878296,54.35093688964844
generation,171,29.499998688697815,55.12501907348633,23.46999943256378,55.4616813659668
generation,172,34.49999988079071,41.970985412597656,23.420000076293945,47.011844635009766
generation,173,31.49999976158142,45.14338302612305,26.600000262260437,49.202396392822266
generation,174,28.49999964237213,43.96440887451172,24.069999158382416,43.13340377807617
generation,175,33.49999785423279,43.442874908447266,25.130000710487366,48.034095764160156
generation,176,31.49999976158142,59.544273376464844,24.41999912261963,63.355979919433594
generation,177,28.999999165534973,51.64427185058594,27.239999175071716,50.026031494140625
generation,178,31.49999976158142,44.67878341674805,25.380000472068787,50.52417755126953
generation,179,32.999998331069946,39.686866760253906,27.480000257492065,45.297332763671875
generation,180,31.999999284744263,43.459617614746094,24.12000000476837,49.28743362426758
generation,181,34.00000035762787,44.26649856567383,26.659998297691345,50.954254150390625
generation,182,34.49999988079071,47.831790924072266,24.779999256134033,54.765132904052734
generation,183,34.99999940395355,51.91530227661133,27.539998292922974,51.30782699584961
generation,184,32.999998331069946,43.622467041015625,26.909998059272766,46.48096466064453
generation,185,32.999998331069946,38.54093933105469,26.739999651908875,39.4433708190918
generation,186,29.999998211860657,39.051517486572266,26.12999975681305,42.58718490600586
generation,187,31.00000023841858,57.35654830932617,25.839999318122864,56.33832550048828
generation,188,31.00000023841858,44.75114822387695,26.179999113082886,47.28228759765625
generation,189,29.499998688697815,48.021400451660156,26.78999900817871,46.33600616455078
generation,190,36.49999797344208,37.54659652709961,27.459999918937683,42.184661865234375
generation,191,37.00000047683716,38.152061462402344,27.529999613761902,44.14728546142578
generation,192,35.999998450279236,46.209716796875,28.39999794960022,53.12252426147461
generation,193,30.500000715255737,46.49665451049805,27.210000157356262,44.87910842895508
generation,194,33.49999785423279,49.83876419067383,28.709998726844788,48.34768295288086
generation,195,32.999998331069946,60.4591178894043,28.589999675750732,60.8033561706543
generation,196,34.99999940395355,50.297645568847656,27.19999849796295,52.82831954956055
generation,197,34.99999940395355,51.46369934082031,29.22999858856201,52.6755256652832
generation,198,31.00000023841858,55.32408142089844,27.41999924182892,53.796512603759766
generation,199,32.499998807907104,45.61606979370117,28.709998726844788,47.57773971557617
generation,200,34.99999940395355,53.73569869995117,26.339998841285706,56.76481246948242
generation,201,33.49999785423279,49.0532112121582,28.509998321533203,51.21998977661133
generation,202,32.499998807907104,57.3612174987793,26.36999785900116,58.01648712158203
generation,203,31.49999976158142,42.07643508911133,29.899999499320984,44.024967193603516
generation,204,34.99999940395355,54.96449279785156,28.749999403953552,56.40934371948242
generation,205,34.49999988079071,46.540985107421875,25.32999813556671,49.85842514038086
generation,206,34.99999940395355,49.68898391723633,29.189997911453247,49.22764587402344
generation,207,33.49999785423279,46.049617767333984,30.12000024318695,46.99241256713867
generation,208,32.999998331069946,43.63607406616211,27.57999897003174,47.64866256713867
generation,209,34.00000035762787,50.314857482910156,29.189997911453247,47.172454833984375
generation,210,29.999998211860657,43.96278762817383,29.399999976158142,41.43096160888672
generation,211,34.00000035762787,49.10316467285156,29.04999852180481,50.52521514892578
generation,212,36.49999797344208,43.08794403076172,28.689998388290405,49.1521110534668
generation,213,34.49999988079071,46.075042724609375,31.56999945640564,43.7436408996582
generation,214,31.49999976158142,46.88554763793945,30.500000715255737,45.18204116821289
generation,215,34.99999940395355,41.446319580078125,29.440000653266907,45.1599235534668
generation,216,31.49999976158142,52.385292053222656,31.459999084472656,48.019187927246094
generation,217,34.49999988079071,46.55146026611328,29.559999704360962,50.95232009887695
generation,218,34.99999940395355,38.15696716308594,28.9900004863739,42.78457260131836
generation,219,38.499999046325684,50.98371505737305,29.87000048160553,56.87253189086914
generation,220,32.999998331069946,54.4388313293457,28.720000386238098,48.940704345703125
generation,221,37.5,46.39897537231445,29.319998621940613,48.85150146484375
generation,222,39.99999761581421,42.63776397705078,28.00000011920929,51.289154052734375
generation,223,37.00000047683716,37.572486877441406,29.559999704360962,46.84407043457031
generation,224,34.99999940395355,46.03895568847656,31.309998035430908,46.93446731567383
generation,225,35.999998450279236,43.65122604370117,30.899998545646667,42.82706069946289
generation,226,39.99999761581421,42.57789993286133,30.259999632835388,49.39993667602539
generation,227,34.00000035762787,42.22154235839844,29.519999027252197,44.98208236694336
generation,228,34.99999940395355,43.25044250488281,29.6099990606308,44.48631286621094
generation,229,38.999998569488525,43.39201354980469,31.369999051094055,44.464073181152344
generation,230,34.49999988079071,57.731449127197266,30.43999969959259,61.14219284057617
generation,231,34.00000035762787,53.063411712646484,29.330000281333923,50.6512336730957
generation,232,36.49999797344208,40.79045867919922,28.79999876022339,46.34541702270508
generation,233,37.00000047683716,51.46730041503906,30.93000054359436,49.45491409301758
generation,234,40.50000011920929,41.8155632019043,30.68999946117401,44.37301254272461
generation,235,34.49999988079071,44.3795051574707,31.129997968673706,43.29267120361328
generation,236,41.49999916553497,35.60841369628906,30.709999799728394,42.53482437133789
generation,237,34.00000035762787,43.14679718017578,29.490000009536743,45.18693923950195
generation,238,35.499998927116394,47.33994674682617,31.73999786376953,50.71114730834961
generation,239,37.5,42.54338836669922,32.02999830245972,44.64568328857422
generation,240,41.999998688697815,38.04914474487305,32.70999789237976,46.89900207519531
generation,241,35.499998927116394,39.625431060791016,31.41999840736389,41.945335388183594
generation,242,39.49999809265137,42.69293975830078,29.569998383522034,50.92550277709961
generation,243,37.5,51.3294677734375,30.320000648498535,52.00674819946289
generation,244,35.999998450279236,42.45795440673828,31.00000023841858,44.33352279663086
generation,245,33.49999785423279,52.34343338012695,33.28000009059906,44.603580474853516
generation,246,38.999998569488525,42.68645477294922,32.31000006198883,42.09347915649414
generation,247,34.49999988079071,47.7383918762207,33.139997720718384,45.52922058105469
generation,248,41.999998688697815,35.27668762207031,31.32999837398529,40.99049377441406
generation,249,34.00000035762787,44.17060470581055,33.16999971866608,41.95587921142578
generation,250,39.49999809265137,37.33616256713867,33.05999934673309,39.32332992553711
generation,251,37.99999952316284,46.39222717285156,31.459999084472656,47.6192741394043
generation,252,41.49999916553497,46.456031799316406,30.779999494552612,45.647281646728516
generation,253,39.99999761581421,44.31610870361328,33.69999825954437,45.93947982788086
generation,254,37.99999952316284,44.62969207763672,31.279999017715454,45.42146301269531
generation,255,37.5,45.1110725402832,32.72999823093414,41.91171646118164
generation,256,43.99999976158142,36.04018783569336,32.31000006198883,42.23526382446289
generation,257,37.99999952316284,38.03230285644531,33.640000224113464,41.29731369018555
generation,258,34.99999940395355,45.23908996582031,31.929999589920044,42.71197509765625
generation,259,39.99999761581421,37.86420822143555,30.219998955726624,42.15391159057617
generation,260,38.499999046325684,41.05472183227539,31.97999894618988,41.858890533447266
generation,261,40.99999964237213,39.080894470214844,33.49999785423279,45.03389358520508
generation,262,37.5,39.409019470214844,31.439998745918274,43.98270797729492
generation,263,39.49999809265137,36.66072463989258,32.54999816417694,41.552669525146484
generation,264,41.49999916553497,43.23086929321289,32.099997997283936,45.44514846801758
generation,265,39.49999809265137,37.766971588134766,32.4099987745285,44.97269058227539
generation,266,36.49999797344208,43.56340789794922,32.27999806404114,41.6130485534668
generation,267,41.999998688697815,45.240318298339844,32.83999860286713,45.11359405517578
generation,268,37.99999952316284,41.35822677612305,30.910000205039978,45.65394973754883
generation,269,42.49999821186066,32.660526275634766,32.24000036716461,39.96332931518555
generation,270,39.49999809265137,40.5776481628418,31.41999840736389,45.669151306152344
generation,271,39.99999761581421,43.5758056640625,32.499998807907104,46.352783203125
generation,272,38.999998569488525,41.153411865234375,33.42999815940857,43.28179931640625
generation,273,36.49999797344208,44.02085494995117,32.87999927997589,42.55332946777344
generation,274,37.00000047683716,56.01919937133789,32.55999982357025,52.55875778198242
generation,275,36.49999797344208,43.99056625366211,33.66000056266785,43.344173431396484
generation,276,38.499999046325684,37.67691421508789,32.009997963905334,40.62861633300781
generation,277,38.499999046325684,43.24812316894531,33.19000005722046,40.185665130615234
generation,278,40.50000011920929,44.18903350830078,33.57999920845032,45.447975158691406
generation,279,44.49999928474426,41.07716369628906,33.53999853134155,45.10917282104492
generation,280,38.499999046325684,44.12737274169922,31.48999810218811,44.16197967529297
generation,281,41.999998688697815,39.51808166503906,33.37999880313873,42.115779876708984
generation,282,39.49999809265137,35.71574401855469,32.87999927997589,40.97551345825195
generation,283,41.49999916553497,33.10517883300781,33.28999876976013,38.676326751708984
generation,284,42.49999821186066,32.746803283691406,34.07000005245209,40.68632125854492
generation,285,39.99999761581421,38.5355224609375,34.90999937057495,38.83111572265625
generation,286,41.999998688697815,36.020713806152344,33.46000015735626,43.31161880493164
generation,287,37.5,48.900997161865234,32.69000053405762,45.70375442504883
generation,288,39.49999809265137,39.582462310791016,33.40999782085419,40.20370101928711
generation,289,41.49999916553497,38.891258239746094,34.83999967575073,41.437896728515625
generation,290,39.99999761581421,36.128807067871094,34.31999981403351,40.60331726074219
generation,291,34.49999988079071,39.943939208984375,34.129998087882996,41.49742889404297
generation,292,42.49999821186066,34.22004318237305,33.92999768257141,39.164241790771484
generation,293,37.5,46.67475128173828,34.039998054504395,42.98922348022461
generation,294,40.50000011920929,42.79460144042969,34.81999933719635,44.591644287109375
generation,295,39.99999761581421,42.07674789428711,34.289997816085815,41.87112045288086
generation,296,40.50000011920929,31.835203170776367,35.22000014781952,37.35240173339844
generation,297,43.50000023841858,40.6538200378418,35.009998083114624,42.13595962524414
generation,298,42.9999977350235,44.549251556396484,34.40999984741211,42.03316116333008
generation,299,36.49999797344208,45.7313346862793,34.16000008583069,41.21576690673828
generation,300,37.5,48.20201110839844,35.019999742507935,41.431976318359375
generation,301,42.9999977350235,44.20209884643555,33.149999380111694,47.71502685546875
generation,302,39.99999761581421,44.012351989746094,35.27999818325043,44.49003601074219
generation,303,36.49999797344208,41.24447250366211,32.760000228881836,39.63869857788086
generation,304,39.99999761581421,39.49130630493164,35.499998927116394,38.83733367919922
generation,305,43.50000023841858,40.92015075683594,32.420000433921814,45.76897430419922
generation,306,42.49999821186066,39.329261779785156,35.20999848842621,40.24808883666992
generation,307,40.50000011920929,39.24766540527344,34.49999988079071,39.39207077026367
generation,308,37.99999952316284,44.64693832397461,33.75000059604645,42.86459732055664
generation,309,40.99999964237213,35.17704772949219,35.56999862194061,40.462162017822266
generation,310,40.99999964237213,43.341102600097656,35.24999916553497,44.01853561401367
generation,311,41.49999916553497,40.0053596496582,34.59999859333038,41.5566291809082
generation,312,40.99999964237213,39.946231842041016,34.139999747276306,39.397254943847656
generation,313,42.9999977350235,36.1847038269043,35.04999876022339,40.007930755615234
generation,314,42.9999977350235,41.650089263916016,35.499998927116394,46.825523376464844
generation,315,37.5,49.32630920410156,35.830000042915344,44.03581619262695
generation,316,42.9999977350235,40.83344268798828,34.279999136924744,43.10236740112305
generation,317,43.99999976158142,40.57912063598633,35.179999470710754,41.88987731933594
generation,318,46.99999988079071,35.566410064697266,34.70999896526337,41.49235153198242
generation,319,41.49999916553497,38.662723541259766,34.14999842643738,41.979576110839844
generation,320,43.50000023841858,38.15602493286133,35.35999953746796,39.755584716796875
generation,321,41.999998688697815,35.677207946777344,35.80999970436096,39.40816879272461
generation,322,45.499998331069946,33.536502838134766,35.839998722076416,36.8983154296875
generation,323,44.49999928474426,35.865116119384766,34.64999794960022,42.22550582885742
generation,324,44.49999928474426,35.4404411315918,36.60999834537506,40.71409225463867
generation,325,40.99999964237213,34.20185852050781,35.80999970436096,39.40816879272461
generation,326,39.49999809265137,45.266483306884766,34.119999408721924,44.443809509277344
generation,327,42.9999977350235,37.335601806640625,35.31999886035919,42.60188674926758
generation,328,41.999998688697815,35.816036224365234,36.719998717308044,38.84138107299805
generation,329,43.50000023841858,35.88596725463867,36.559998989105225,39.88677215576172
generation,330,42.9999977350235,33.127197265625,37.09999918937683,38.41735076904297
generation,331,42.49999821186066,40.32472229003906,37.18000054359436,40.21331024169922
generation,332,47.49999940395355,37.680091857910156,37.09999918937683,38.41735076904297
generation,333,40.99999964237213,40.71265411376953,34.7599983215332,41.642879486083984
generation,334,40.99999964237213,41.67000961303711,34.049999713897705,43.6411247253418
generation,335,45.99999785423279,34.06371307373047,35.499998927116394,41.41427230834961
generation,336,42.49999821186066,35.99331283569336,37.059998512268066,37.77967071533203
generation,337,43.99999976158142,31.989606857299805,37.0199978351593,39.53247833251953
generation,338,42.49999821186066,34.91444396972656,36.51999831199646,35.26615905761719
generation,339,37.00000047683716,39.03483200073242,36.719998717308044,36.84769821166992
generation,340,46.99999988079071,40.813629150390625,35.74000000953674,43.68927001953125
generation,341,44.999998807907104,34.31499481201172,36.75999939441681,39.22004699707031
generation,342,39.99999761581421,31.593734741210938,35.830000042915344,36.59611892700195
generation,343,39.99999761581421,36.94808578491211,36.26999855041504,37.7383918762207
generation,344,36.49999797344208,44.749755859375,36.03000044822693,42.315059661865234
generation,345,43.50000023841858,41.467735290527344,37.07999885082245,38.83912658691406
generation,346,42.9999977350235,41.62394714355469,37.07000017166138,40.967803955078125
generation,347,42.9999977350235,37.58904266357422,37.369999289512634,38.47142028808594
generation,348,40.99999964237213,41.19765090942383,36.489999294281006,41.93227005004883
generation,349,45.99999785423279,29.8411922454834,37.299999594688416,38.103328704833984
generation,350,42.9999977350235,38.707740783691406,35.64999997615814,42.18014144897461
generation,351,41.999998688697815,39.878658294677734,37.3199999332428,39.91322326660156
generation,352,39.99999761581421,43.566200256347656,36.820000410079956,43.835357666015625
generation,353,43.50000023841858,39.59160232543945,37.199997901916504,40.58143615722656
generation,354,44.999998807907104,39.501441955566406,36.51999831199646,42.0186653137207
generation,355,42.49999821186066,32.73933410644531,36.9299978017807,38.514801025390625
generation,356,38.999998569488525,39.46668243408203,37.98999786376953,39.57765197753906
generation,357,42.9999977350235,38.57571029663086,35.74000000953674,42.36025619506836
generation,358,46.99999988079071,33.5237922668457,37.1099978685379,40.592350006103516
generation,359,45.99999785423279,36.19072341918945,36.24999821186066,38.7848014831543
generation,360,45.99999785423279,34.75233459472656,36.73999905586243,39.39928436279297
generation,361,47.999998927116394,31.385114669799805,35.60999929904938,40.3098258972168
generation,362,44.999998807907104,33.51304626464844,37.139999866485596,40.2895622253418
generation,363,45.499998331069946,39.24433517456055,36.77999973297119,41.869789123535156
generation,364,41.999998688697815,34.748600006103516,38.05999755859375,36.416664123535156
generation,365,44.49999928474426,35.4598274230957,37.449997663497925,37.70735168457031
generation,366,43.50000023841858,37.258155822753906,36.43999993801117,39.87437057495117
generation,367,44.49999928474426,40.61374282836914,36.58999800682068,41.46870422363281
generation,368,43.99999976158142,30.499483108520508,38.06999921798706,37.35684585571289
generation,369,43.99999976158142,41.30301284790039,37.289997935295105,41.010276794433594
generation,370,43.50000023841858,41.037166595458984,38.49000036716461,38.0396614074707
generation,371,41.999998688697815,35.616146087646484,37.790000438690186,39.240455627441406
generation,372,42.9999977350235,36.099117279052734,38.28999996185303,39.06653594970703
generation,373,46.50000035762787,36.094173431396484,36.389997601509094,42.128997802734375
generation,374,47.49999940395355,37.000614166259766,37.16999888420105,42.390743255615234
generation,375,44.49999928474426,35.50126647949219,38.429999351501465,38.570152282714844
generation,376,42.49999821186066,45.74458312988281,37.359997630119324,41.38276672363281
generation,377,47.999998927116394,35.117862701416016,37.56999969482422,43.074222564697266
generation,378,43.99999976158142,38.08281707763672,36.730000376701355,41.27537536621094
generation,379,41.49999916553497,36.0550537109375,37.91999816894531,39.15987014770508
generation,380,38.999998569488525,45.60710144042969,37.619999051094055,40.52077865600586
generation,381,44.49999928474426,36.9014778137207,37.869998812675476,41.96998977661133
generation,382,42.49999821186066,41.52775573730469,37.7700001001358,41.05493927001953
generation,383,40.50000011920929,38.74721145629883,37.57999837398529,41.468997955322266
generation,384,40.50000011920929,42.0029182434082,38.339999318122864,40.6872673034668
generation,385,47.999998927116394,35.807373046875,37.0199978351593,40.725013732910156
generation,386,45.499998331069946,37.787479400634766,37.88999915122986,39.324947357177734
generation,387,49.49999749660492,32.799861907958984,37.52000033855438,41.462398529052734
generation,388,45.99999785423279,35.233821868896484,38.54999840259552,39.475013732910156
generation,389,43.50000023841858,45.18048858642578,37.459999322891235,42.859954833984375
generation,390,40.50000011920929,43.446598052978516,37.869998812675476,38.545108795166016
generation,391,47.49999940395355,38.7579460144043,37.41999864578247,42.62483596801758
generation,392,40.50000011920929,35.97063064575195,38.24999928474426,38.60456085205078
generation,393,45.99999785423279,34.68409729003906,39.239999651908875,40.15647888183594
generation,394,45.99999785423279,32.264766693115234,37.379997968673706,39.79859161376953
generation,395,42.9999977350235,40.58021545410156,37.5900000333786,39.515804290771484
generation,396,43.99999976158142,37.67646408081055,38.53999972343445,37.33810806274414
generation,397,40.50000011920929,43.15509796142578,38.45999836921692,39.68318557739258
generation,398,42.49999821186066,42.207035064697266,38.43999803066254,40.90469741821289
generation,399,46.50000035762787,38.29331588745117,38.97999823093414,39.28269577026367
generation,400,41.999998688697815,43.90232467651367,36.8399977684021,42.46672058105469
generation,401,46.50000035762787,41.49815368652344,37.16000020503998,46.63294219970703
generation,402,43.99999976158142,41.514686584472656,38.589999079704285,40.64884567260742
generation,403,42.9999977350235,38.00175476074219,38.56000006198883,40.22686004638672
generation,404,46.50000035762787,37.74311828613281,36.94999814033508,41.72260284423828
generation,405,46.50000035762787,30.414512634277344,38.509997725486755,38.6828727722168
generation,406,38.999998569488525,39.2219123840332,38.839998841285706,38.5477294921875
generation,407,42.9999977350235,37.466487884521484,38.60999941825867,39.267112731933594
generation,408,39.99999761581421,38.156185150146484,38.56000006198883,37.63368606567383
generation,409,43.99999976158142,33.23849868774414,38.259997963905334,38.052223205566406
generation,410,43.50000023841858,40.37867736816406,38.74000012874603,37.40432357788086
generation,411,39.49999809265137,40.265933990478516,36.50999963283539,42.89436721801758
generation,412,41.49999916553497,39.67803192138672,39.169999957084656,38.089420318603516
generation,413,40.99999964237213,36.530399322509766,38.989999890327454,37.69973373413086
generation,414,44.49999928474426,36.133140563964844,38.359999656677246,38.850032806396484
generation,415,41.49999916553497,46.32477569580078,37.89999783039093,39.52810287475586
generation,416,46.50000035762787,33.57322692871094,39.569997787475586,36.100643157958984
generation,417,43.99999976158142,37.658077239990234,39.6699994802475,37.281944274902344
generation,418,39.49999809265137,44.180870056152344,37.80999779701233,38.096641540527344
generation,419,42.49999821186066,40.758609771728516,38.37999999523163,36.832584381103516
generation,420,50.49999952316284,34.43870544433594,39.30999934673309,37.2619743347168
generation,421,42.9999977350235,41.795955657958984,40.25000035762787,40.26691818237305
generation,422,42.9999977350235,42.204750061035156,38.269999623298645,38.692222595214844
generation,423,50.0,31.611196517944336,39.010000228881836,37.29551696777344
generation,424,44.999998807907104,34.587886810302734,36.58999800682068,39.2592658996582
generation,425,45.99999785423279,33.144935607910156,38.05999755859375,36.97311019897461
generation,426,41.49999916553497,46.369293212890625,37.99999952316284,39.45030975341797
generation,427,44.49999928474426,35.655921936035156,39.53000009059906,37.2850227355957
generation,428,44.49999928474426,37.5905647277832,38.49000036716461,36.46635818481445
generation,429,42.9999977350235,38.425987243652344,39.20999765396118,37.04532241821289
generation,430,45.499998331069946,38.995548248291016,38.259997963905334,37.745460510253906
generation,431,44.49999928474426,42.0026741027832,39.03999924659729,38.922706604003906
generation,432,42.9999977350235,36.644962310791016,38.56000006198883,38.987770080566406
generation,433,46.50000035762787,35.11444091796875,38.81999850273132,37.88419723510742
generation,434,43.50000023841858,40.94784164428711,38.6599987745285,38.92332458496094
generation,435,45.499998331069946,32.88969421386719,38.47000002861023,36.96065139770508
generation,436,41.999998688697815,42.60975646972656,38.13000023365021,38.90949249267578
generation,437,39.49999809265137,40.103336334228516,39.26999866962433,37.13883590698242
generation,438,41.999998688697815,36.529293060302734,39.10999894142151,38.063255310058594
generation,439,44.999998807907104,44.22373962402344,40.50999879837036,37.76234436035156
generation,440,38.499999046325684,37.40117645263672,38.74000012874603,39.48661422729492
generation,441,47.49999940395355,28.694679260253906,39.35000002384186,36.751827239990234
generation,442,47.999998927116394,33.1649284362793,39.50999975204468,35.883724212646484
generation,443,44.49999928474426,37.94820785522461,40.63999950885773,35.23049545288086
generation,444,44.999998807907104,36.91960144042969,39.86999988555908,36.37128448486328
generation,445,43.99999976158142,36.765682220458984,39.249998331069946,37.40498733520508
generation,446,46.50000035762787,34.46818542480469,39.68999981880188,35.39984130859375
generation,447,47.49999940395355,38.163230895996094,38.89999985694885,40.37415313720703
generation,448,45.499998331069946,37.523277282714844,39.8499995470047,35.723506927490234
generation,449,46.50000035762787,32.83268737792969,38.58000040054321,38.13179397583008
generation,450,41.999998688697815,37.50102615356445,39.58999812602997,35.47813415527344
generation,451,37.00000047683716,49.05022430419922,40.230000019073486,38.55809020996094
generation,452,44.49999928474426,41.7192268371582,37.95999884605408,40.08572006225586
generation,453,50.49999952316284,26.00579071044922,38.65000009536743,36.21977615356445
generation,454,49.49999749660492,30.862289428710938,38.94999921321869,37.588470458984375
generation,455,51.99999809265137,34.6287841796875,39.99999761581421,37.35930252075195
generation,456,45.499998331069946,33.25776290893555,40.48999845981598,37.091312408447266
generation,457,43.50000023841858,37.64702224731445,39.33999836444855,34.97820281982422
generation,458,43.99999976158142,43.410831451416016,39.9399995803833,37.1630744934082
generation,459,48.499998450279236,33.77140808105469,40.72999954223633,36.28102111816406
generation,460,47.49999940395355,34.180694580078125,39.890000224113464,38.100120544433594
generation,461,43.50000023841858,33.06101989746094,38.760000467300415,36.35125732421875
generation,462,48.99999797344208,36.152740478515625,39.80000019073486,36.88058853149414
generation,463,45.99999785423279,35.13908767700195,40.209999680519104,38.152889251708984
generation,464,45.99999785423279,31.04635238647461,40.619999170303345,36.54523849487305
generation,465,47.999998927116394,29.015180587768555,41.029998660087585,35.68167495727539
generation,466,51.499998569488525,29.785045623779297,40.950000286102295,34.38165283203125
generation,467,46.99999988079071,35.095542907714844,40.52000045776367,35.57825469970703
generation,468,43.50000023841858,31.915382385253906,39.980000257492065,35.05183792114258
generation,469,46.99999988079071,34.81303405761719,39.85999822616577,35.708595275878906
generation,470,47.49999940395355,34.03913879394531,39.33999836444855,37.411746978759766
generation,471,41.49999916553497,42.211097717285156,39.60999846458435,36.17833709716797
generation,472,47.999998927116394,28.854780197143555,39.719998836517334,35.532230377197266
generation,473,45.99999785423279,33.667633056640625,40.6499981880188,36.010093688964844
generation,474,50.49999952316284,27.126630783081055,40.139999985694885,35.43149185180664
generation,475,51.499998569488525,30.76860809326172,40.74999988079071,35.60249710083008
generation,476,47.999998927116394,36.01631546020508,39.559999108314514,36.42136764526367
generation,477,50.999999046325684,29.60012435913086,40.0299996137619,36.932838439941406
generation,478,43.99999976158142,35.24699783325195,39.62000012397766,37.70543670654297
generation,479,50.49999952316284,34.37620162963867,40.32999873161316,37.29817581176758
generation,480,47.49999940395355,29.609819412231445,40.10999798774719,36.132164001464844
generation,481,44.999998807907104,37.186241149902344,40.32000005245209,36.00576400756836
generation,482,47.49999940395355,31.3138370513916,40.57999849319458,36.903560638427734
generation,483,46.99999988079071,30.916868209838867,40.83999991416931,36.5008430480957
generation,484,50.999999046325684,35.66374206542969,40.59999883174896,36.802085876464844
generation,485,50.0,33.447540283203125,39.899998903274536,36.630374908447266
generation,486,46.99999988079071,32.03575897216797,40.16999900341034,36.92460632324219
generation,487,52.99999713897705,30.367298126220703,40.79999923706055,35.10177993774414
generation,488,48.499998450279236,37.965553283691406,39.99999761581421,37.633819580078125
generation,489,43.50000023841858,32.021358489990234,40.369999408721924,35.513851165771484
generation,490,50.0,29.961820602416992,41.48999750614166,35.07561111450195
generation,491,43.99999976158142,36.398277282714844,39.80000019073486,35.30916213989258
generation,492,45.499998331069946,36.341800689697266,41.06999933719635,36.153465270996094
generation,493,46.99999988079071,40.952388763427734,40.43999910354614,38.44118881225586
generation,494,48.499998450279236,33.25231170654297,40.539997816085815,36.18963623046875
generation,495,48.499998450279236,29.28058624267578,41.47000014781952,35.468109130859375
generation,496,44.999998807907104,36.39638900756836,40.47999978065491,37.4830436706543
generation,497,47.49999940395355,40.845157623291016,40.16000032424927,39.66520690917969
generation,498,40.99999964237213,38.551490783691406,40.539997816085815,36.90103530883789
generation,499,48.499998450279236,33.193016052246094,40.9199982881546,37.52629089355469
generation,500,43.50000023841858,38.4755973815918,40.5599981546402,35.38602828979492
generation,501,50.0,30.678842544555664,41.3100004196167,36.10211181640625
generation,502,44.999998807907104,35.012367248535156,39.729997515678406,36.87504196166992
generation,503,46.50000035762787,32.37614822387695,40.72999954223633,38.3267936706543
generation,504,42.49999821186066,34.68487548828125,41.08999967575073,34.97023010253906
generation,505,48.499998450279236,36.34864044189453,40.4699981212616,35.59537124633789
generation,506,43.99999976158142,35.289005279541016,41.38000011444092,34.47614669799805
generation,507,44.999998807907104,35.61882019042969,41.15999937057495,33.86140441894531
generation,508,38.999998569488525,40.82571792602539,39.399999380111694,34.06172180175781
generation,509,42.9999977350235,41.492401123046875,40.779998898506165,35.720218658447266
generation,510,47.49999940395355,37.15488815307617,41.69999957084656,36.363502502441406
generation,511,43.99999976158142,39.056671142578125,41.24999940395355,36.19969940185547
generation,512,41.49999916553497,38.86075973510742,39.99999761581421,35.98683547973633
generation,513,53.49999666213989,27.118173599243164,41.06999933719635,37.35758590698242
generation,514,43.99999976158142,34.527584075927734,40.30999839305878,37.88339614868164
generation,515,50.0,32.15272521972656,41.68999791145325,34.50567626953125
generation,516,39.99999761581421,41.67770004272461,41.05999767780304,35.76948547363281
generation,517,47.49999940395355,35.30568313598633,42.02999770641327,34.95465850830078
generation,518,43.50000023841858,39.50285339355469,40.79999923706055,35.93889236450195
generation,519,53.49999666213989,28.66549301147461,41.48999750614166,34.1046142578125
generation,520,50.999999046325684,31.850780487060547,40.92999994754791,34.175559997558594
generation,521,52.49999761581421,28.306493759155273,40.539997816085815,34.94241714477539
generation,522,45.99999785423279,31.885404586791992,41.94999933242798,33.35210037231445
generation,523,43.99999976158142,41.269412994384766,41.53999984264374,36.089420318603516
generation,524,47.49999940395355,33.492767333984375,41.029998660087585,34.07820129394531
generation,525,45.99999785423279,32.0658073425293,40.4699981212616,35.72290802001953
generation,526,48.499998450279236,31.47665786743164,40.619999170303345,35.228553771972656
generation,527,47.999998927116394,32.93354415893555,41.78999960422516,33.94936752319336
generation,528,46.99999988079071,36.777889251708984,41.13999903202057,38.22259521484375
generation,529,48.499998450279236,33.375343322753906,40.16000032424927,37.5894889831543
generation,530,50.49999952316284,26.870336532592773,41.36999845504761,34.59715270996094
generation,531,38.499999046325684,42.35980987548828,40.97999930381775,36.36638259887695
generation,532,47.999998927116394,31.014333724975586,40.66999852657318,36.20438766479492
generation,533,43.99999976158142,38.20087814331055,41.07999801635742,37.743038177490234
generation,534,46.99999988079071,32.919654846191406,40.25000035762787,37.42526626586914
generation,535,48.499998450279236,35.613521575927734,41.56000018119812,35.444122314453125
generation,536,42.49999821186066,35.70246887207031,41.679999232292175,35.70144271850586
generation,537,40.50000011920929,39.18891525268555,40.860000252723694,35.95325469970703
generation,538,47.999998927116394,41.25634765625,41.84999763965607,34.905662536621094
generation,539,45.99999785423279,32.648712158203125,41.029998660087585,34.526676177978516
generation,540,44.999998807907104,34.213558197021484,41.38999879360199,35.23557662963867
generation,541,44.999998807907104,37.78193283081055,41.70999825000763,35.92679214477539
generation,542,49.49999749660492,35.616539001464844,41.589999198913574,36.49103927612305
generation,543,40.99999964237213,40.717838287353516,41.52999818325043,35.7585334777832
generation,544,41.49999916553497,41.19829559326172,41.24999940395355,34.52434539794922
generation,545,43.50000023841858,37.532588958740234,41.74000024795532,34.03947067260742
generation,546,49.49999749660492,29.263689041137695,41.999998688697815,34.01371383666992
generation,547,44.49999928474426,35.96312713623047,42.080000042915344,33.88462829589844
generation,548,44.999998807907104,32.96686935424805,41.110000014305115,36.45825958251953
generation,549,49.49999749660492,33.04134750366211,41.679999232292175,34.739620208740234
generation,550,47.999998927116394,31.045642852783203,41.909998655319214,33.80394744873047
generation,551,46.99999988079071,41.566436767578125,41.89999997615814,34.928062438964844
generation,552,48.99999797344208,31.016563415527344,41.439998149871826,35.01865768432617
generation,553,43.99999976158142,36.06626892089844,41.019999980926514,36.128089904785156
generation,554,47.49999940395355,36.238651275634766,41.110000014305115,34.84158706665039
generation,555,46.99999988079071,36.860557556152344,41.84999763965607,35.498252868652344
generation,556,47.999998927116394,30.829509735107422,41.40999913215637,34.78373718261719
generation,557,46.99999988079071,34.246639251708984,41.49999916553497,36.53632354736328
generation,558,42.9999977350235,35.868038177490234,41.52999818325043,35.17256546020508
generation,559,51.499998569488525,33.62643814086914,41.13999903202057,35.33407974243164
generation,560,49.49999749660492,33.61162185668945,41.759997606277466,34.58892059326172
generation,561,42.49999821186066,38.239540100097656,41.15999937057495,35.17596435546875
generation,562,50.0,29.496084213256836,42.260000109672546,34.30158615112305
generation,563,48.499998450279236,35.68861389160156,40.43000042438507,37.769073486328125
generation,564,52.49999761581421,31.996641159057617,40.57999849319458,35.9215087890625
generation,565,46.99999988079071,34.97623062133789,41.189998388290405,34.893741607666016
generation,566,45.499998331069946,33.205570220947266,41.110000014305115,33.52690505981445
generation,567,46.99999988079071,36.161285400390625,40.19999802112579,35.996891021728516
generation,568,45.499998331069946,32.0933837890625,41.769999265670776,35.379783630371094
generation,569,44.999998807907104,34.164031982421875,41.38999879360199,34.63629913330078
generation,570,44.999998807907104,31.855253219604492,40.71999788284302,36.014461517333984
generation,571,45.499998331069946,32.24148941040039,41.77999794483185,34.95535659790039
generation,572,51.99999809265137,29.668865203857422,41.86999797821045,34.0872802734375
generation,573,46.99999988079071,34.93526077270508,40.7399982213974,35.04707336425781
generation,574,43.99999976158142,33.96382141113281,41.040000319480896,34.132389068603516
generation,575,46.99999988079071,31.7921199798584,41.16999804973602,35.989654541015625
generation,576,42.49999821186066,41.560386657714844,41.669997572898865,34.4650764465332
generation,577,48.499998450279236,36.532936096191406,40.95999896526337,35.50725173950195
generation,578,50.999999046325684,31.849580764770508,41.79999828338623,35.9898796081543
generation,579,44.999998807907104,32.33207702636719,41.69999957084656,34.215370178222656
generation,580,50.49999952316284,34.545040130615234,40.869998931884766,35.78065490722656
generation,581,49.49999749660492,33.474945068359375,41.47999882698059,34.909454345703125
generation,582,43.99999976158142,35.486576080322266,41.70999825000763,33.90890121459961
generation,583,45.499998331069946,35.052207946777344,41.599997878074646,35.92066192626953
generation,584,51.99999809265137,33.199729919433594,42.03999936580658,37.01236343383789
generation,585,45.99999785423279,31.932695388793945,41.85999929904938,34.4161376953125
generation,586,42.49999821186066,40.29349136352539,42.239999771118164,36.22652053833008
generation,587,47.999998927116394,33.55683898925781,41.45999848842621,33.701812744140625
generation,588,44.999998807907104,36.204158782958984,42.11999773979187,33.61651611328125
generation,589,52.49999761581421,28.05584144592285,41.83000028133392,36.38765335083008
generation,590,56.49999976158142,27.173145294189453,41.36999845504761,35.565467834472656
generation,591,46.50000035762787,37.26137161254883,42.05999970436096,34.96767807006836
generation,592,45.99999785423279,33.96214294433594,41.15999937057495,34.83640670776367
generation,593,49.49999749660492,34.93092727661133,41.62999987602234,34.22378921508789
generation,594,45.499998331069946,37.15438461303711,42.21999943256378,34.13799285888672
generation,595,46.99999988079071,41.01069641113281,41.81999862194061,35.4922981262207
generation,596,43.50000023841858,32.71167755126953,41.999998688697815,34.52866744995117
generation,597,49.49999749660492,29.288820266723633,42.010000348091125,34.31195831298828
generation,598,46.99999988079071,29.373090744018555,41.71999990940094,32.74081802368164
generation,599,48.499998450279236,29.624731063842773,41.60999953746796,31.64113426208496
generation,600,49.49999749660492,30.776742935180664,42.38999783992767,33.59779739379883
generation,601,44.999998807907104,33.3458137512207,41.749998927116394,33.761962890625
generation,602,45.499998331069946,39.70845031738281,42.329999804496765,35.09362030029297
generation,603,46.50000035762787,36.38251876831055,42.3799991607666,33.68167495727539
generation,604,39.99999761581421,33.496524810791016,41.80999994277954,33.77195739746094
generation,605,50.0,28.38204574584961,42.05999970436096,33.93949508666992
generation,606,46.99999988079071,30.1881103515625,42.069998383522034,33.29241180419922
generation,607,47.49999940395355,35.75773239135742,41.38000011444092,34.155975341796875
generation,608,44.999998807907104,38.4097785949707,41.40999913215637,35.457332611083984
generation,609,43.99999976158142,32.5091552734375,42.35000014305115,33.47802734375
generation,610,42.49999821186066,41.176551818847656,41.17999970912933,35.43999099731445
generation,611,50.999999046325684,27.582304000854492,42.010000348091125,34.43431091308594
generation,612,46.50000035762787,38.50503158569336,41.61999821662903,33.83259201049805
generation,613,46.99999988079071,37.410282135009766,40.95999896526337,34.64992904663086
generation,614,42.49999821186066,32.710269927978516,40.87999761104584,34.06682586669922
generation,615,46.50000035762787,35.68928527832031,42.35000014305115,35.02882766723633
generation,616,43.50000023841858,41.22990798950195,42.17999875545502,34.55942153930664
generation,617,48.99999797344208,32.04521560668945,42.409998178482056,34.4456672668457
generation,618,48.99999797344208,34.340763092041016,41.05999767780304,34.69827651977539
generation,619,50.0,32.39458084106445,41.99000000953674,34.50859069824219
generation,620,46.99999988079071,35.25611114501953,42.51999855041504,35.05851364135742
generation,621,48.99999797344208,32.96553039550781,41.79999828338623,35.490623474121094
generation,622,49.49999749660492,28.53282928466797,42.04999804496765,33.803123474121094
generation,623,45.99999785423279,30.462045669555664,42.33999848365784,33.931373596191406
generation,624,45.99999785423279,35.269935607910156,42.639997601509094,34.32305145263672
generation,625,47.49999940395355,31.878122329711914,42.53000020980835,32.98938751220703
generation,626,47.999998927116394,34.224571228027344,42.289999127388,34.1693229675293
generation,627,49.49999749660492,30.53565216064453,42.53999888896942,33.40598678588867
generation,628,50.0,33.37102127075195,41.999998688697815,33.73460388183594
generation,629,46.50000035762787,37.430580139160156,41.56000018119812,37.23631286621094
generation,630,48.499998450279236,32.438106536865234,42.50999987125397,34.858638763427734
generation,631,46.50000035762787,35.017765045166016,42.0199990272522,32.62971496582031
generation,632,49.49999749660492,28.838397979736328,42.49999821186066,33.70369338989258
generation,633,50.999999046325684,30.202054977416992,42.68999993801117,32.97441482543945
generation,634,51.99999809265137,33.18608093261719,42.87000000476837,33.48225021362305
generation,635,51.499998569488525,28.604795455932617,41.70999825000763,35.86031723022461
generation,636,44.49999928474426,35.04164123535156,42.559999227523804,32.45939254760742
generation,637,45.99999785423279,37.053043365478516,42.36999750137329,34.07911682128906
generation,638,48.499998450279236,34.84383010864258,42.329999804496765,34.107425689697266
generation,639,48.99999797344208,32.529884338378906,42.59999990463257,33.1569938659668
generation,640,44.999998807907104,33.2354621887207,41.839998960494995,33.72542953491211
generation,641,45.499998331069946,35.53107833862305,42.53999888896942,34.151405334472656
generation,642,43.99999976158142,38.0474967956543,42.82999932765961,32.877254486083984
generation,643,42.49999821186066,41.888214111328125,41.89999997615814,35.12284469604492
generation,644,48.99999797344208,33.42437744140625,41.32999777793884,34.191436767578125
generation,645,49.49999749660492,30.169944763183594,42.49999821186066,33.161495208740234
generation,646,50.49999952316284,32.30216598510742,41.71999990940094,34.6428108215332
generation,647,46.50000035762787,30.65428924560547,42.26999878883362,33.85639190673828
generation,648,46.99999988079071,34.139503479003906,43.14999878406525,33.292816162109375
generation,649,46.50000035762787,37.03733825683594,42.329999804496765,33.168739318847656
generation,650,48.499998450279236,29.630229949951172,43.10999810695648,32.6060676574707
generation,651,47.49999940395355,34.102909088134766,43.43999922275543,32.34727478027344
generation,652,48.499998450279236,32.870689392089844,43.23999881744385,33.695045471191406
generation,653,44.49999928474426,36.26590347290039,42.77999997138977,33.216854095458984
generation,654,51.499998569488525,30.746538162231445,41.84999763965607,34.647789001464844
generation,655,45.99999785423279,38.49833297729492,41.83000028133392,34.45682144165039
generation,656,48.99999797344208,29.366477966308594,43.09999942779541,32.977935791015625
generation,657,49.49999749660492,29.205852508544922,42.74999797344208,33.84543228149414
generation,658,47.999998927116394,33.0688362121582,42.969998717308044,33.33069610595703
generation,659,49.49999749660492,34.102909088134766,42.36999750137329,34.46307373046875
generation,660,51.499998569488525,31.89468002319336,42.67999827861786,33.09465789794922
generation,661,44.49999928474426,35.924041748046875,42.58999824523926,33.839263916015625
generation,662,47.999998927116394,36.93585205078125,42.890000343322754,32.914329528808594
generation,663,50.999999046325684,30.7618350982666,43.41999888420105,32.25436019897461
generation,664,48.499998450279236,26.54602813720703,42.080000042915344,33.49323272705078
generation,665,51.499998569488525,27.71485137939453,42.49999821186066,33.313594818115234
generation,666,43.50000023841858,36.405174255371094,42.409998178482056,33.35682678222656
generation,667,42.9999977350235,40.168128967285156,42.17999875545502,35.242919921875
generation,668,48.99999797344208,32.572044372558594,43.32999885082245,32.25558853149414
generation,669,45.99999785423279,32.167564392089844,42.36999750137329,32.69120788574219
generation,670,47.999998927116394,35.85753631591797,43.52999925613403,31.451107025146484
generation,671,45.499998331069946,33.2776985168457,42.75999963283539,33.546791076660156
generation,672,54.500001668930054,26.158632278442383,42.44999885559082,34.543209075927734
generation,673,47.999998927116394,33.03003692626953,43.02999973297119,32.311038970947266
generation,674,50.0,27.773893356323242,43.34999918937683,32.0512809753418
generation,675,49.49999749660492,33.41341781616211,42.53999888896942,33.42206573486328
generation,676,47.49999940395355,31.333566665649414,43.14999878406525,33.08053970336914
generation,677,46.50000035762787,32.52885818481445,42.80000030994415,32.79423904418945
generation,678,47.49999940395355,31.464529037475586,43.309998512268066,33.15252685546875
generation,679,48.499998450279236,33.61024475097656,42.569997906684875,33.07170867919922
generation,680,49.49999749660492,30.967601776123047,42.65999794006348,34.11945724487305
generation,681,50.0,38.0484504699707,42.289999127388,35.044212341308594
generation,682,49.49999749660492,35.11143493652344,42.82999932765961,34.07978820800781
generation,683,52.49999761581421,28.55118179321289,43.299999833106995,33.02703857421875
generation,684,41.999998688697815,35.607032775878906,42.33999848365784,34.71005630493164
generation,685,47.999998927116394,29.82915496826172,42.53000020980835,32.901634216308594
generation,686,50.49999952316284,32.526554107666016,42.14999973773956,35.04283905029297
generation,687,50.0,31.46358871459961,43.0899977684021,34.06558609008789
generation,688,42.9999977350235,47.83293533325195,42.60999858379364,34.7393913269043
generation,689,47.49999940395355,36.8138313293457,42.96000003814697,33.22362518310547
generation,690,45.99999785423279,33.281715393066406,43.299999833106995,32.38028335571289
generation,691,56.00000023841858,24.71115493774414,42.71999895572662,32.04476547241211
generation,692,44.49999928474426,35.11017990112305,43.19999814033508,32.65047836303711
generation,693,47.49999940395355,31.199596405029297,42.9099977016449,33.218414306640625
generation,694,42.49999821186066,32.217803955078125,43.10999810695648,32.12711715698242
generation,695,47.49999940395355,30.389795303344727,42.85999834537506,33.44143295288086
generation,696,48.499998450279236,33.85636901855469,42.85999834537506,33.882869720458984
generation,697,44.999998807907104,34.69364929199219,42.60999858379364,32.77029037475586
generation,698,47.999998927116394,32.09307098388672,42.4699991941452,34.13740539550781
generation,699,47.49999940395355,31.458538055419922,42.739999294281006,33.585838317871094
generation,700,51.499998569488525,27.223718643188477,42.84999966621399,32.41938018798828
generation,701,45.99999785423279,32.975704193115234,43.07999908924103,33.032814025878906
generation,702,48.499998450279236,28.82486343383789,43.24999749660492,32.03546905517578
generation,703,52.49999761581421,24.708824157714844,42.75999963283539,33.1971549987793
generation,704,48.99999797344208,31.58391571044922,42.30999946594238,31.824827194213867
generation,705,53.999996185302734,27.43655776977539,43.469998240470886,33.32828903198242
generation,706,43.50000023841858,34.2673225402832,42.84999966621399,33.65545654296875
generation,707,45.99999785423279,36.80942153930664,42.94999837875366,31.902408599853516
generation,708,51.499998569488525,30.99881362915039,43.140000104904175,32.63805389404297
generation,709,48.99999797344208,30.952177047729492,42.98999905586243,33.220882415771484
generation,710,45.99999785423279,30.669668197631836,42.899999022483826,32.84664535522461
generation,711,45.99999785423279,29.266138076782227,42.69999861717224,33.3370361328125
generation,712,43.50000023841858,34.026607513427734,42.62000024318695,31.732181549072266
generation,713,51.99999809265137,26.795534133911133,43.209999799728394,33.552669525146484
generation,714,52.49999761581421,29.918336868286133,42.17999875545502,33.7144889831543
generation,715,50.0,29.294496536254883,43.699997663497925,32.67783737182617
generation,716,38.999998569488525,40.9376106262207,42.969998717308044,32.16131591796875
generation,717,53.49999666213989,23.06121826171875,43.55999827384949,31.649803161621094
generation,718,45.499998331069946,33.69633483886719,42.65999794006348,32.77385711669922
generation,719,50.0,30.248920440673828,43.32999885082245,32.566104888916016
generation,720,47.999998927116394,33.743648529052734,43.02999973297119,33.470699310302734
generation,721,51.99999809265137,32.71540451049805,43.55999827384949,31.69533348083496
generation,722,46.50000035762787,33.85284423828125,43.02999973297119,31.938962936401367
generation,723,54.500001668930054,27.341402053833008,43.25999915599823,31.094778060913086
generation,724,48.499998450279236,35.087745666503906,43.51999759674072,32.314640045166016
generation,725,46.99999988079071,29.561914443969727,43.299999833106995,32.57191848754883
generation,726,50.49999952316284,32.072593688964844,43.09999942779541,31.510927200317383
generation,727,46.99999988079071,27.584190368652344,42.980000376701355,32.225311279296875
generation,728,46.99999988079071,30.84393882751465,42.80000030994415,33.18757629394531
generation,729,45.499998331069946,32.469696044921875,43.23999881744385,32.42118835449219
generation,730,50.999999046325684,28.79379653930664,43.18999946117401,32.46177673339844
generation,731,45.99999785423279,35.12721252441406,43.09999942779541,31.93952751159668
generation,732,45.99999785423279,33.17536544799805,42.980000376701355,32.191551208496094
generation,733,46.50000035762787,31.116674423217773,43.609997630119324,33.431827545166016
generation,734,50.49999952316284,34.11478805541992,42.69999861717224,33.219329833984375
generation,735,43.50000023841858,36.32008361816406,42.96000003814697,32.58929443359375
generation,736,47.49999940395355,30.85808563232422,43.66999864578247,31.15890884399414
generation,737,44.49999928474426,33.13407897949219,43.41000020503998,32.53611373901367
generation,738,44.999998807907104,35.96918487548828,43.09999942779541,33.13350296020508
generation,739,48.499998450279236,34.33833312988281,43.72999966144562,32.43346405029297
generation,740,51.499998569488525,31.249807357788086,43.36999952793121,31.8088436126709
generation,741,50.0,29.524913787841797,43.629997968673706,32.01845932006836
generation,742,51.499998569488525,34.7409553527832,44.15999948978424,32.894798278808594
generation,743,48.99999797344208,30.2719783782959,43.64999830722809,32.28253936767578
generation,744,49.49999749660492,29.9393367767334,43.25999915599823,31.849246978759766
generation,745,46.50000035762787,29.623369216918945,43.52999925613403,31.99443817138672
generation,746,52.99999713897705,28.213485717773438,43.41000020503998,31.65015983581543
generation,747,50.999999046325684,30.532180786132812,43.709999322891235,31.264097213745117
generation,748,52.49999761581421,28.218664169311523,43.9300000667572,32.09673309326172
generation,749,48.499998450279236,30.462574005126953,43.779999017715454,31.749771118164062
generation,750,45.499998331069946,29.72809410095215,44.17999982833862,32.69054412841797
generation,751,55.000001192092896,27.378904342651367,43.27999949455261,32.47584915161133
generation,752,47.999998927116394,31.937034606933594,43.87999773025513,32.61140441894531
generation,753,55.50000071525574,26.536317825317383,43.25999915599823,32.54253005981445
generation,754,51.99999809265137,29.684160232543945,43.77000033855438,32.474910736083984
generation,755,49.49999749660492,30.85723876953125,43.50000023841858,32.58735275268555
generation,756,50.0,31.29559898376465,43.3599978685379,32.04117202758789
generation,757,54.500001668930054,30.506813049316406,43.57999861240387,31.636499404907227
generation,758,52.49999761581421,30.771507263183594,43.219998478889465,31.646644592285156
generation,759,50.0,27.579822540283203,43.72999966144562,32.40217971801758
generation,760,50.49999952316284,29.492494583129883,43.32000017166138,31.948774337768555
generation,761,47.999998927116394,32.8913459777832,43.19999814033508,33.44325637817383
generation,762,47.999998927116394,31.818696975708008,43.2699978351593,33.0993766784668
generation,763,42.9999977350235,35.724124908447266,43.59999895095825,31.99947738647461
generation,764,49.49999749660492,31.637372970581055,43.80999803543091,31.504480361938477
generation,765,45.99999785423279,33.0291862487793,44.08999979496002,31.505962371826172
generation,766,51.99999809265137,28.8795223236084,43.449997901916504,31.77495574951172
generation,767,51.499998569488525,29.940942764282227,43.72999966144562,32.88058853149414
generation,768,51.99999809265137,28.86980438232422,43.9300000667572,31.21396827697754
generation,769,48.499998450279236,31.323209762573242,43.629997968673706,30.723058700561523
generation,770,53.999996185302734,24.27191925048828,43.86000037193298,32.2657356262207
generation,771,50.49999952316284,26.973388671875,43.959999084472656,30.69626235961914
generation,772,51.99999809265137,32.15828323364258,43.449997901916504,32.92146682739258
generation,773,55.000001192092896,25.867958068847656,43.66999864578247,31.426965713500977
generation,774,46.99999988079071,33.872135162353516,43.449997901916504,31.904870986938477
generation,775,45.99999785423279,34.53392028808594,43.549999594688416,31.86116600036621
generation,776,54.500001668930054,28.897111892700195,44.519999623298645,31.46664047241211
generation,777,50.49999952316284,27.740650177001953,43.80999803543091,31.627450942993164
generation,778,49.49999749660492,31.507722854614258,43.5699999332428,32.02033233642578
generation,779,50.999999046325684,30.510011672973633,43.77000033855438,31.49130630493164
generation,780,47.999998927116394,33.18720626831055,44.029998779296875,32.7071647644043
generation,781,52.49999761581421,28.310710906982422,44.30999755859375,30.783565521240234
generation,782,47.49999940395355,33.267677307128906,43.01999807357788,32.080116271972656
generation,783,45.499998331069946,31.449207305908203,43.709999322891235,31.642436981201172
generation,784,44.999998807907104,37.9067268371582,43.73999834060669,31.985584259033203
generation,785,50.999999046325684,26.98259925842285,43.949997425079346,31.265119552612305
generation,786,56.49999976158142,25.246549606323242,43.68000030517578,30.965253829956055
generation,787,52.99999713897705,27.50613784790039,44.08999979496002,30.877534866333008
generation,788,45.99999785423279,33.856502532958984,43.80999803543091,32.134090423583984
generation,789,45.99999785423279,36.798431396484375,43.799999356269836,31.041099548339844
generation,790,50.49999952316284,34.871002197265625,43.16999912261963,31.833993911743164
generation,791,45.499998331069946,32.844547271728516,43.41000020503998,32.62669372558594
generation,792,50.999999046325684,32.155574798583984,43.32000017166138,32.85660934448242
generation,793,45.499998331069946,29.447410583496094,44.00999844074249,31.649063110351562
generation,794,47.49999940395355,30.237043380737305,43.309998512268066,31.329212188720703
generation,795,48.499998450279236,32.591575622558594,43.34999918937683,31.64643669128418
generation,796,48.99999797344208,29.23569107055664,44.38000023365021,30.95799446105957
generation,797,51.99999809265137,27.514780044555664,43.50999891757965,30.25499153137207
generation,798,45.499998331069946,32.140830993652344,44.110000133514404,30.790637969970703
generation,799,45.99999785423279,31.1301326751709,44.30999755859375,30.86734962463379
generation,800,50.999999046325684,26.405061721801758,44.00999844074249,29.8305721282959
generation,801,46.99999988079071,29.849809646606445,43.779999017715454,30.795833587646484
generation,802,48.99999797344208,31.268848419189453,43.87999773025513,30.92125701904297
generation,803,45.499998331069946,28.738248825073242,43.82999837398529,31.898462295532227
generation,804,50.0,35.93849563598633,43.869999051094055,30.414854049682617
generation,805,48.99999797344208,27.657175064086914,43.449997901916504,31.662269592285156
generation,806,55.000001192092896,27.852035522460938,44.32999789714813,30.630022048950195
generation,807,47.999998927116394,28.804044723510742,43.48999857902527,32.028404235839844
generation,808,55.50000071525574,23.58477783203125,44.359999895095825,31.8846492767334
generation,809,44.49999928474426,31.893905639648438,43.96999776363373,30.537647247314453
generation,810,51.499998569488525,32.29343032836914,43.66999864578247,32.442604064941406
generation,811,50.999999046325684,32.080936431884766,44.22999918460846,30.663381576538086
generation,812,52.99999713897705,30.671363830566406,43.87999773025513,30.138391494750977
generation,813,49.49999749660492,31.762128829956055,43.80999803543091,31.875505447387695
generation,814,47.49999940395355,32.852630615234375,43.91999840736389,30.43968391418457
generation,815,47.999998927116394,31.449235916137695,43.55999827384949,31.462255477905273
generation,816,44.999998807907104,35.328086853027344,43.71999800205231,30.76759910583496
generation,817,53.49999666213989,27.692617416381836,43.96999776363373,30.379655838012695
generation,818,46.50000035762787,29.063886642456055,43.90999972820282,31.258438110351562
generation,819,51.499998569488525,27.825977325439453,43.609997630119324,30.862560272216797
generation,820,48.499998450279236,32.385074615478516,44.21999752521515,30.50682830810547
generation,821,47.999998927116394,34.627567291259766,43.5699999332428,32.16393280029297
generation,822,52.49999761581421,28.758852005004883,44.029998779296875,31.99195671081543
generation,823,50.999999046325684,28.914230346679688,43.80999803543091,31.31296157836914
generation,824,42.9999977350235,36.221710205078125,44.07999813556671,29.975156784057617
generation,825,48.499998450279236,32.72002029418945,43.19999814033508,30.696184158325195
generation,826,46.99999988079071,35.95123291015625,44.23999786376953,30.978849411010742
generation,827,50.49999952316284,26.35125732421875,44.099998474121094,30.54979705810547
generation,828,49.49999749660492,28.476055145263672,43.949997425079346,30.273365020751953
generation,829,52.99999713897705,27.710466384887695,44.349998235702515,30.779525756835938
generation,830,50.999999046325684,30.42901039123535,43.71999800205231,30.50490951538086
generation,831,45.99999785423279,31.05404281616211,44.14999783039093,30.56631851196289
generation,832,47.999998927116394,31.8281307220459,43.84999871253967,31.049049377441406
generation,833,43.50000023841858,31.14275550842285,44.49999928474426,30.147275924682617
generation,834,48.99999797344208,29.823457717895508,43.97999942302704,31.241310119628906
generation,835,44.49999928474426,36.011375427246094,43.8400000333786,30.898252487182617
generation,836,45.499998331069946,31.5710391998291,42.969998717308044,30.602596282958984
generation,837,49.49999749660492,31.272716522216797,43.789997696876526,31.49365997314453
generation,838,50.0,29.170286178588867,43.80999803543091,30.666759490966797
generation,839,42.9999977350235,31.058481216430664,44.04999911785126,30.01641845703125
generation,840,50.999999046325684,27.578201293945312,44.7299987077713,29.308881759643555
generation,841,51.99999809265137,25.177099227905273,43.97999942302704,30.132400512695312
generation,842,47.999998927116394,28.41571044921875,43.549999594688416,29.697309494018555
generation,843,48.99999797344208,28.74134063720703,43.389999866485596,31.060943603515625
generation,844,51.99999809265137,26.809425354003906,43.75,29.389602661132812
generation,845,47.49999940395355,29.630569458007812,44.269999861717224,31.17266845703125
generation,846,46.99999988079071,26.496898651123047,43.73999834060669,30.436168670654297
generation,847,47.999998927116394,33.50192642211914,43.629997968673706,30.353683471679688
generation,848,45.99999785423279,30.19536781311035,44.33999955654144,30.84218978881836
generation,849,50.0,24.229158401489258,44.14999783039093,30.00078773498535
generation,850,48.499998450279236,28.463407516479492,43.789997696876526,30.0769100189209
generation,851,49.49999749660492,30.255712509155273,43.779999017715454,30.74811553955078
generation,852,48.499998450279236,24.88788414001465,43.97999942302704,29.963855743408203
generation,853,53.999996185302734,29.707674026489258,44.099998474121094,30.519081115722656
generation,854,50.49999952316284,28.107446670532227,44.47000026702881,30.03716468811035
generation,855,51.499998569488525,31.15450668334961,44.20999884605408,30.342008590698242
generation,856,46.50000035762787,33.107940673828125,44.22999918460846,29.835777282714844
generation,857,50.49999952316284,27.546194076538086,44.14999783039093,31.061805725097656
generation,858,50.0,27.575681686401367,43.82999837398529,30.211999893188477
generation,859,45.99999785423279,31.571321487426758,43.99999976158142,29.451406478881836
generation,860,47.49999940395355,31.670297622680664,43.709999322891235,30.156959533691406
generation,861,46.50000035762787,28.79932403564453,44.110000133514404,29.525775909423828
generation,862,48.99999797344208,33.03417205810547,44.56999897956848,29.762165069580078
generation,863,46.99999988079071,31.737445831298828,44.200000166893005,30.65920066833496
generation,864,49.49999749660492,27.853757858276367,43.84999871253967,29.592805862426758
generation,865,50.49999952316284,26.28875732421875,44.029998779296875,30.287334442138672
generation,866,44.999998807907104,35.278160095214844,43.82999837398529,30.265819549560547
generation,867,55.000001192092896,23.45071792602539,44.099998474121094,30.164350509643555
generation,868,52.99999713897705,29.525978088378906,44.38000023365021,29.388168334960938
generation,869,48.499998450279236,24.948562622070312,44.33999955654144,29.469865798950195
generation,870,45.99999785423279,28.19048500061035,44.349998235702515,30.29456901550293
generation,871,58.49999785423279,29.313148498535156,44.119998812675476,29.36935043334961
generation,872,54.500001668930054,23.1064453125,44.13999915122986,30.637916564941406
generation,873,48.499998450279236,29.8055477142334,44.279998540878296,29.873844146728516
generation,874,50.999999046325684,29.03046226501465,43.3599978685379,31.074481964111328
generation,875,48.499998450279236,29.67144012451172,43.88999938964844,30.093774795532227
generation,876,48.499998450279236,29.154836654663086,44.00999844074249,29.950424194335938
generation,877,48.499998450279236,30.400707244873047,43.869999051094055,29.99266815185547
generation,878,49.49999749660492,29.8443603515625,44.53999996185303,29.88260269165039
generation,879,51.499998569488525,26.05597686767578,44.279998540878296,30.219533920288086
generation,880,42.9999977350235,36.43977355957031,44.65999901294708,29.134960174560547
generation,881,46.50000035762787,32.85075759887695,44.65000033378601,29.781587600708008
generation,882,46.99999988079071,27.799091339111328,44.269999861717224,29.316150665283203
generation,883,51.99999809265137,28.591209411621094,44.40999925136566,29.215744018554688
generation,884,50.49999952316284,26.217266082763672,44.47999894618988,29.577362060546875
generation,885,50.49999952316284,28.911222457885742,44.589999318122864,30.0413875579834
generation,886,50.999999046325684,26.830949783325195,44.3699985742569,29.314422607421875
generation,887,51.499998569488525,24.881118774414062,44.79999840259552,29.258663177490234
generation,888,49.49999749660492,29.4401798248291,44.349998235702515,30.05486297607422
generation,889,40.99999964237213,39.255558013916016,44.32999789714813,30.779829025268555
generation,890,53.49999666213989,27.94794464111328,43.75,30.3398494720459
generation,891,50.0,29.32384490966797,44.349998235702515,30.922208786010742
generation,892,43.99999976158142,29.898473739624023,44.07999813556671,29.943450927734375
generation,893,48.499998450279236,27.92013168334961,44.200000166893005,29.535930633544922
generation,894,43.99999976158142,33.59563064575195,44.13999915122986,30.403169631958008
generation,895,50.49999952316284,32.13725662231445,43.87999773025513,30.216915130615234
generation,896,46.99999988079071,30.770998001098633,44.24999952316284,29.836227416992188
generation,897,55.50000071525574,26.026721954345703,43.869999051094055,29.48822593688965
generation,898,52.99999713897705,25.518081665039062,44.39999759197235,29.428634643554688
generation,899,53.49999666213989,22.414688110351562,44.68999803066254,29.40195083618164
generation,900,45.499998331069946,31.783960342407227,44.65000033378601,29.1680965423584
generation,901,47.49999940395355,31.223281860351562,44.4599986076355,29.1160945892334
generation,902,45.499998331069946,28.560728073120117,44.279998540878296,29.22899055480957
generation,903,51.499998569488525,31.189794540405273,44.609999656677246,29.447193145751953
generation,904,49.49999749660492,27.641695022583008,44.24999952316284,30.807281494140625
generation,905,52.99999713897705,26.448081970214844,44.48999762535095,29.346872329711914
generation,906,52.49999761581421,22.989757537841797,44.20999884605408,29.36449432373047
generation,907,51.99999809265137,29.46044921875,44.03999745845795,29.943872451782227
generation,908,47.49999940395355,33.5142936706543,44.05999779701233,29.086544036865234
generation,909,50.0,28.449045181274414,44.279998540878296,29.848264694213867
generation,910,50.999999046325684,30.697702407836914,44.39999759197235,29.717021942138672
generation,911,48.499998450279236,29.823457717895508,44.04999911785126,29.299827575683594
generation,912,48.99999797344208,32.37599182128906,44.3699985742569,29.16078758239746
generation,913,51.499998569488525,27.0876522064209,44.29999887943268,29.98883056640625
generation,914,51.499998569488525,28.608495712280273,44.39999759197235,29.475616455078125
generation,915,47.999998927116394,30.679542541503906,44.38999891281128,29.56439971923828
generation,916,52.49999761581421,26.416091918945312,44.56999897956848,28.77142906188965
generation,917,52.99999713897705,25.445947647094727,44.439998269081116,29.82280921936035
generation,918,47.999998927116394,30.103548049926758,44.23999786376953,29.713224411010742
generation,919,50.49999952316284,26.549968719482422,44.77999806404114,29.3410587310791
generation,920,56.99999928474426,24.379812240600586,44.21999752521515,28.6636962890625
generation,921,47.49999940395355,32.58603286743164,44.48999762535095,29.142093658447266
generation,922,44.49999928474426,32.45683288574219,44.53999996185303,29.519575119018555
generation,923,51.99999809265137,26.99560546875,44.110000133514404,29.397180557250977
generation,924,53.999996185302734,27.316818237304688,44.439998269081116,29.175615310668945
generation,925,55.50000071525574,23.8190975189209,44.200000166893005,30.13631820678711
generation,926,48.99999797344208,28.629478454589844,44.30999755859375,28.921472549438477
generation,927,47.999998927116394,29.475078582763672,43.939998745918274,28.918190002441406
generation,928,54.500001668930054,26.11627197265625,44.65999901294708,28.998247146606445
generation,929,48.99999797344208,26.9716796875,44.39999759197235,29.703046798706055
generation,930,51.99999809265137,29.821794509887695,44.099998474121094,29.351234436035156
generation,931,51.499998569488525,29.870206832885742,44.12999749183655,29.126949310302734
generation,932,53.49999666213989,25.807815551757812,44.189998507499695,30.032249450683594
generation,933,48.499998450279236,30.33065414428711,44.29999887943268,28.9039249420166
generation,934,52.99999713897705,24.630868911743164,44.5499986410141,28.956050872802734
generation,935,48.99999797344208,29.131065368652344,44.8199987411499,29.00581169128418
generation,936,48.499998450279236,30.020925521850586,44.290000200271606,29.320362091064453
generation,937,48.499998450279236,27.9541015625,44.12999749183655,29.534984588623047
generation,938,56.00000023841858,22.052766799926758,44.6399986743927,29.342147827148438
generation,939,55.000001192092896,23.821521759033203,44.78999972343445,29.066871643066406
generation,940,41.49999916553497,35.43043518066406,44.04999911785126,29.513103485107422
generation,941,46.50000035762787,27.608003616333008,44.12999749183655,29.282756805419922
generation,942,54.500001668930054,22.71353530883789,44.61999833583832,29.19338035583496
generation,943,48.99999797344208,32.18523406982422,44.6399986743927,28.916959762573242
generation,944,50.0,25.314193725585938,44.03999745845795,29.085664749145508
generation,945,43.99999976158142,33.60173797607422,44.57999765872955,29.18760871887207
generation,946,48.99999797344208,26.53824234008789,43.97999942302704,29.677730560302734
generation,947,50.999999046325684,29.560901641845703,44.24999952316284,29.478574752807617
generation,948,48.499998450279236,27.89297866821289,44.189998507499695,29.068561553955078
generation,949,43.99999976158142,34.192508697509766,44.30999755859375,29.005077362060547
generation,950,47.999998927116394,28.100534439086914,44.20999884605408,29.126272201538086
generation,951,47.49999940395355,27.812986373901367,43.949997425079346,29.241640090942383
generation,952,50.0,23.265125274658203,44.70999836921692,28.526124954223633
generation,953,48.499998450279236,27.981395721435547,44.38999891281128,28.9299373626709
generation,954,53.49999666213989,26.518047332763672,44.679999351501465,29.16119384765625
generation,955,50.999999046325684,26.359760284423828,44.56999897956848,28.874631881713867
generation,956,51.499998569488525,24.549978256225586,44.56999897956848,28.638059616088867
generation,957,52.99999713897705,27.722238540649414,44.06999945640564,28.768075942993164
generation,958,52.49999761581421,25.85889434814453,44.6399986743927,28.70425033569336
generation,959,43.99999976158142,29.799287796020508,44.72000002861023,29.06085968017578
generation,960,51.499998569488525,25.641695022583008,44.41999793052673,27.9842472076416
generation,961,50.49999952316284,32.10185241699219,44.47999894618988,28.78169059753418
generation,962,51.99999809265137,24.056684494018555,44.519999623298645,29.0734806060791
generation,963,47.49999940395355,30.2680606842041,44.279998540878296,28.80287742614746
generation,964,50.999999046325684,25.864831924438477,44.509997963905334,28.75494384765625
generation,965,50.0,27.693405151367188,44.81000006198883,28.154003143310547
generation,966,51.499998569488525,25.16666030883789,44.439998269081116,29.030344009399414
generation,967,50.49999952316284,29.102834701538086,44.38000023365021,28.371618270874023
generation,968,52.99999713897705,24.722620010375977,44.5499986410141,28.96334457397461
generation,969,56.99999928474426,23.204782485961914,44.56000030040741,28.520553588867188
generation,970,52.99999713897705,22.99563217163086,44.65000033378601,28.559980392456055
generation,971,55.000001192092896,25.460403442382812,44.200000166893005,28.63078498840332
generation,972,52.99999713897705,25.247961044311523,44.33999955654144,28.02865982055664
generation,973,46.50000035762787,30.135393142700195,44.679999351501465,27.861841201782227
generation,974,53.999996185302734,26.888469696044922,44.609999656677246,28.527183532714844
generation,975,48.499998450279236,25.824913024902344,44.279998540878296,28.08545684814453
generation,976,55.000001192092896,25.590770721435547,44.7299987077713,27.89401626586914
generation,977,46.99999988079071,29.67687225341797,44.13999915122986,28.3658504486084
generation,978,53.999996185302734,28.585084915161133,44.189998507499695,28.45522117614746
generation,979,55.000001192092896,25.435470581054688,44.57999765872955,28.806610107421875
generation,980,45.99999785423279,31.871498107910156,44.47000026702881,28.82143211364746
generation,981,49.49999749660492,29.22486114501953,44.429999589920044,28.615694046020508
generation,982,45.499998331069946,31.511640548706055,44.41999793052673,28.9191837310791
generation,983,46.50000035762787,30.377891540527344,44.53999996185303,29.58326530456543
generation,984,49.49999749660492,26.848691940307617,44.41999793052673,28.385265350341797
generation,985,53.999996185302734,27.114356994628906,44.669997692108154,28.571138381958008
generation,986,48.499998450279236,31.306917190551758,43.939998745918274,28.884672164916992
generation,987,52.49999761581421,27.21533203125,44.16999816894531,28.978349685668945
generation,988,47.999998927116394,28.19940948486328,44.00999844074249,28.624710083007812
generation,989,46.50000035762787,29.684213638305664,44.33999955654144,28.832799911499023
generation,990,48.99999797344208,29.440027236938477,44.829997420310974,28.318540573120117
generation,991,50.49999952316284,26.157672882080078,44.78999972343445,29.178640365600586
generation,992,51.499998569488525,25.370031356811523,44.39999759197235,28.64720916748047
generation,993,45.99999785423279,29.318071365356445,44.61999833583832,28.74582862854004
generation,994,43.99999976158142,29.187644958496094,44.04999911785126,28.146228790283203
generation,995,50.0,28.384876251220703,44.839999079704285,28.176881790161133
generation,996,47.999998927116394,26.79956817626953,44.49999928474426,28.52062225341797
generation,997,43.50000023841858,33.9691047668457,43.88999938964844,28.254650115966797
generation,998,46.50000035762787,31.086721420288086,44.72000002861023,28.514238357543945
generation,999,47.999998927116394,31.27234649658203,44.839999079704285,28.59769058227539
generation,1000,46.99999988079071,27.2929630279541,44.68999803066254,28.51460075378418
generation,1001,48.499998450279236,25.369569778442383,44.429999589920044,29.034950256347656
generation,1002,49.49999749660492,30.701780319213867,44.20999884605408,29.148393630981445
generation,1003,50.999999046325684,27.748029708862305,44.95999813079834,28.685625076293945
generation,1004,44.49999928474426,30.55388832092285,43.64999830722809,29.688350677490234
generation,1005,50.49999952316284,30.9412784576416,45.10999917984009,28.32505226135254
generation,1006,52.49999761581421,24.455825805664062,44.32999789714813,28.413963317871094
generation,1007,50.49999952316284,28.496013641357422,44.4599986076355,27.969987869262695
generation,1008,44.999998807907104,29.060649871826172,44.94999945163727,28.72490882873535
generation,1009,48.99999797344208,24.949481964111328,44.47000026702881,28.672527313232422
generation,1010,49.49999749660492,25.811437606811523,44.7299987077713,27.781558990478516
generation,1011,44.49999928474426,34.82807159423828,44.00999844074249,29.32103729248047
generation,1012,50.49999952316284,27.424745559692383,44.279998540878296,28.783388137817383
generation,1013,51.99999809265137,21.81490707397461,44.679999351501465,28.41697883605957
generation,1014,50.999999046325684,25.882307052612305,44.16999816894531,28.610618591308594
generation,1015,51.99999809265137,26.98883819580078,45.04999816417694,28.598325729370117
generation,1016,47.999998927116394,27.37076187133789,44.86999809741974,28.26312255859375
generation,1017,56.00000023841858,29.07678985595703,44.38000023365021,28.852081298828125
generation,1018,47.49999940395355,28.072790145874023,44.9099987745285,28.706645965576172
generation,1019,51.499998569488525,24.07093048095703,44.95999813079834,27.87413215637207
generation,1020,50.0,26.684059143066406,44.769999384880066,28.285572052001953
generation,1021,43.50000023841858,32.707035064697266,44.53999996185303,28.362680435180664
generation,1022,48.99999797344208,24.841909408569336,44.70999836921692,28.133527755737305
generation,1023,45.99999785423279,29.003263473510742,44.16999816894531,27.683744430541992
generation,1024,48.499998450279236,25.62136459350586,44.509997963905334,28.326711654663086
generation,1025,51.99999809265137,26.296377182006836,44.81000006198883,28.059072494506836
generation,1026,48.499998450279236,27.45928192138672,44.93999779224396,28.047693252563477
generation,1027,41.49999916553497,38.12366485595703,44.6399986743927,28.425981521606445
generation,1028,51.499998569488525,23.846506118774414,44.7299987077713,28.278209686279297
generation,1029,45.99999785423279,25.991050720214844,44.56999897956848,28.73546600341797
generation,1030,50.999999046325684,30.5104923248291,44.79999840259552,28.379974365234375
generation,1031,57.499998807907104,25.208219528198242,44.56000030040741,28.46243667602539
generation,1032,47.999998927116394,26.9445743560791,44.599997997283936,29.026222229003906
generation,1033,48.99999797344208,30.506242752075195,44.95999813079834,27.87594985961914
generation,1034,48.499998450279236,27.274629592895508,44.47999894618988,27.26762580871582
generation,1035,50.49999952316284,24.91408920288086,44.68999803066254,27.88037872314453
generation,1036,49.49999749660492,27.509267807006836,44.8199987411499,28.146087646484375
generation,1037,53.999996185302734,22.758281707763672,44.609999656677246,27.419334411621094
generation,1038,48.499998450279236,29.872392654418945,45.009997487068176,28.186521530151367
generation,1039,52.99999713897705,24.882118225097656,44.9099987745285,27.665815353393555
generation,1040,47.49999940395355,29.228784561157227,44.72000002861023,27.82518196105957
generation,1041,49.49999749660492,27.7177734375,44.86999809741974,27.1287899017334
generation,1042,48.499998450279236,28.106712341308594,44.73999738693237,28.343202590942383
generation,1043,52.49999761581421,26.037012100219727,44.86999809741974,27.50054931640625
generation,1044,48.99999797344208,28.520221710205078,44.62999999523163,28.528709411621094
generation,1045,51.499998569488525,25.452226638793945,44.73999738693237,28.072416305541992
generation,1046,50.999999046325684,25.181865692138672,44.68999803066254,28.02192497253418
generation,1047,43.99999976158142,28.247093200683594,44.78999972343445,28.151334762573242
generation,1048,48.99999797344208,28.752958297729492,44.56000030040741,28.305540084838867
generation,1049,47.49999940395355,31.798324584960938,44.669997692108154,28.27669906616211
generation,1050,46.99999988079071,26.941003799438477,44.38000023365021,28.46684455871582
generation,1051,47.999998927116394,27.252197265625,43.90999972820282,28.360397338867188
generation,1052,48.499998450279236,28.849838256835938,44.39999759197235,27.929399490356445
generation,1053,53.999996185302734,25.440481185913086,44.86999809741974,27.894834518432617
generation,1054,50.0,29.23355484008789,44.290000200271606,28.1861629486084
generation,1055,53.49999666213989,21.693584442138672,44.33999955654144,28.1248722076416
generation,1056,45.99999785423279,30.887887954711914,44.759997725486755,28.315359115600586
generation,1057,50.999999046325684,24.962491989135742,44.599997997283936,27.27057456970215
generation,1058,50.49999952316284,29.31076431274414,44.95999813079834,27.664894104003906
generation,1059,50.999999046325684,29.851064682006836,44.669997692108154,27.96470069885254
generation,1060,53.49999666213989,24.49032211303711,44.3699985742569,27.918006896972656
generation,1061,44.999998807907104,27.793031692504883,44.8199987411499,28.049274444580078
generation,1062,51.99999809265137,26.404314041137695,44.47000026702881,28.535661697387695
generation,1063,58.49999785423279,23.146421432495117,44.90000009536743,27.59913444519043
generation,1064,49.49999749660492,23.435041427612305,44.68999803066254,27.767738342285156
generation,1065,46.99999988079071,28.806135177612305,44.839999079704285,27.30109405517578
generation,1066,44.999998807907104,32.09965896606445,44.839999079704285,27.526811599731445
generation,1067,46.50000035762787,29.157197952270508,44.769999384880066,27.689899444580078
generation,1068,50.49999952316284,27.518661499023438,45.01999914646149,27.48729705810547
generation,1069,53.999996185302734,28.99634552001953,44.6399986743927,27.73908042907715
generation,1070,52.99999713897705,22.302785873413086,44.94999945163727,27.997356414794922
generation,1071,49.49999749660492,25.237382888793945,44.70999836921692,27.37494468688965
generation,1072,43.50000023841858,30.028945922851562,44.73999738693237,27.3201904296875
generation,1073,51.99999809265137,26.38745880126953,44.839999079704285,27.460412979125977
generation,1074,46.99999988079071,27.759130477905273,44.589999318122864,28.07763671875
generation,1075,50.999999046325684,25.80390167236328,44.679999351501465,27.59149742126465
generation,1076,45.499998331069946,30.82663345336914,44.85999941825867,27.57770538330078
generation,1077,51.99999809265137,26.29157257080078,44.929999113082886,27.409503936767578
generation,1078,52.99999713897705,25.5987606048584,45.04999816417694,27.93012809753418
generation,1079,48.99999797344208,24.39826202392578,44.47000026702881,27.305191040039062
generation,1080,47.999998927116394,27.498676300048828,45.419999957084656,27.12898826599121
generation,1081,47.49999940395355,30.909931182861328,44.85999941825867,27.102008819580078
generation,1082,48.99999797344208,29.608186721801758,44.70999836921692,27.73442840576172
generation,1083,47.49999940395355,25.232091903686523,44.87999975681305,27.643028259277344
generation,1084,48.99999797344208,27.209524154663086,44.96999979019165,27.273574829101562
generation,1085,45.99999785423279,29.543655395507812,44.72000002861023,27.261144638061523
generation,1086,55.000001192092896,23.226987838745117,44.609999656677246,27.592918395996094
generation,1087,50.0,29.402450561523438,44.9099987745285,27.876983642578125
generation,1088,48.99999797344208,27.069700241088867,44.78999972343445,27.29866600036621
generation,1089,50.49999952316284,29.883291244506836,45.089998841285706,27.185047149658203
generation,1090,46.50000035762787,31.27825927734375,45.17999887466431,27.4315185546875
generation,1091,51.499998569488525,26.94422149658203,45.26999890804291,27.3399658203125
generation,1092,48.99999797344208,22.015104293823242,44.65000033378601,26.859437942504883
generation,1093,44.999998807907104,27.627634048461914,45.249998569488525,27.117177963256836
generation,1094,47.49999940395355,27.640308380126953,45.02999782562256,27.101030349731445
generation,1095,53.999996185302734,23.014184951782227,44.77999806404114,27.671611785888672
generation,1096,50.0,26.570960998535156,44.77999806404114,27.488449096679688
generation,1097,53.999996185302734,21.913896560668945,44.839999079704285,27.044389724731445
generation,1098,45.499998331069946,31.243358612060547,44.90000009536743,27.187097549438477
generation,1099,46.99999988079071,26.655654907226562,44.919997453689575,27.162736892700195
generation,1100,46.50000035762787,32.36149978637695,44.609999656677246,27.05554962158203
generation,1101,56.49999976158142,22.081777572631836,45.42999863624573,27.500368118286133
generation,1102,50.0,22.45159912109375,44.999998807907104,27.009387969970703
generation,1103,48.99999797344208,29.445402145385742,45.33999860286713,27.645915985107422
generation,1104,47.49999940395355,28.677236557006836,44.56999897956848,27.23740005493164
generation,1105,46.50000035762787,25.845481872558594,44.90000009536743,27.294418334960938
generation,1106,52.49999761581421,28.272024154663086,45.03999948501587,27.72919464111328
generation,1107,46.50000035762787,33.87409591674805,45.249998569488525,26.827293395996094
generation,1108,52.49999761581421,24.676124572753906,44.88999843597412,26.976255416870117
generation,1109,49.49999749660492,24.06853485107422,44.669997692108154,27.4372501373291
generation,1110,48.499998450279236,24.728548049926758,45.159998536109924,27.134584426879883
generation,1111,49.49999749660492,26.312288284301758,44.81000006198883,26.9926815032959
generation,1112,48.99999797344208,31.098495483398438,44.679999351501465,27.12728500366211
generation,1113,51.499998569488525,27.791067123413086,45.319998264312744,26.718210220336914
generation,1114,51.499998569488525,23.434402465820312,44.97999846935272,26.515249252319336
generation,1115,50.49999952316284,25.648958206176758,44.609999656677246,27.260303497314453
generation,1116,52.99999713897705,25.84039878845215,45.17999887466431,26.87579345703125
generation,1117,51.99999809265137,26.768739700317383,44.72000002861023,26.822368621826172
generation,1118,51.499998569488525,25.642698287963867,44.259998202323914,27.20414924621582
generation,1119,45.99999785423279,27.930160522460938,44.759997725486755,26.87482452392578
generation,1120,51.499998569488525,23.08977508544922,45.19999921321869,26.257944107055664
generation,1121,54.500001668930054,25.480182647705078,45.009997487068176,27.067731857299805
generation,1122,54.500001668930054,19.511491775512695,44.849997758865356,26.893747329711914
generation,1123,53.49999666213989,23.23306655883789,45.06999850273132,26.12451934814453
generation,1124,54.500001668930054,23.602710723876953,45.260000228881836,27.161540985107422
generation,1125,45.99999785423279,30.611709594726562,44.90000009536743,26.99530601501465
generation,1126,45.499998331069946,28.08283042907715,45.249998569488525,26.235002517700195
generation,1127,55.50000071525574,23.485868453979492,44.70999836921692,27.424808502197266
generation,1128,46.50000035762787,28.223417282104492,44.929999113082886,26.934980392456055
generation,1129,46.50000035762787,25.80819320678711,45.12999951839447,26.561315536499023
generation,1130,51.499998569488525,23.710630416870117,45.319998264312744,27.465150833129883
generation,1131,50.0,24.674701690673828,45.06999850273132,27.0167179107666
generation,1132,43.99999976158142,33.191654205322266,44.77999806404114,27.212793350219727
generation,1133,48.499998450279236,25.996078491210938,44.259998202323914,26.864715576171875
generation,1134,45.99999785423279,29.145275115966797,45.30999958515167,26.304080963134766
generation,1135,52.49999761581421,23.97357177734375,45.159998536109924,26.322330474853516
generation,1136,45.499998331069946,31.7462215423584,44.999998807907104,27.22800064086914
generation,1137,50.0,25.79570770263672,45.02999782562256,26.88608741760254
generation,1138,48.99999797344208,28.535289764404297,45.03999948501587,26.997840881347656
generation,1139,48.99999797344208,23.98858070373535,45.19999921321869,26.59711265563965
generation,1140,50.0,22.151918411254883,44.96999979019165,26.41791534423828
generation,1141,48.499998450279236,25.351917266845703,45.089998841285706,26.499143600463867
generation,1142,47.999998927116394,29.634153366088867,45.03999948501587,26.09799575805664
generation,1143,48.99999797344208,25.705739974975586,45.01999914646149,27.0311279296875
generation,1144,48.499998450279236,26.172208786010742,45.42999863624573,26.73539924621582
generation,1145,47.999998927116394,26.808805465698242,44.609999656677246,27.14013671875
generation,1146,55.50000071525574,22.510286331176758,45.03999948501587,26.98031234741211
generation,1147,53.999996185302734,22.155866622924805,44.77999806404114,26.769697189331055
generation,1148,42.49999821186066,31.272689819335938,44.599997997283936,26.895315170288086
generation,1149,43.50000023841858,31.9991397857666,45.04999816417694,27.023706436157227
generation,1150,46.99999988079071,26.470867156982422,44.78999972343445,26.93642234802246
generation,1151,52.49999761581421,25.248306274414062,44.95999813079834,26.946096420288086
generation,1152,46.99999988079071,29.346620559692383,44.90000009536743,26.879484176635742
generation,1153,49.49999749660492,24.786083221435547,44.79999840259552,27.156984329223633
generation,1154,46.99999988079071,26.61380386352539,44.88999843597412,26.55551528930664
generation,1155,46.50000035762787,27.28927230834961,45.06999850273132,26.848243713378906
generation,1156,43.99999976158142,30.283103942871094,44.8199987411499,26.63397789001465
generation,1157,48.499998450279236,25.355077743530273,45.089998841285706,26.982070922851562
generation,1158,44.999998807907104,28.222026824951172,45.12999951839447,26.661727905273438
generation,1159,48.99999797344208,24.989713668823242,44.9099987745285,27.140972137451172
generation,1160,52.99999713897705,22.467039108276367,45.02999782562256,26.862640380859375
generation,1161,44.49999928474426,29.61922836303711,44.94999945163727,26.691259384155273
generation,1162,46.99999988079071,28.501310348510742,45.10999917984009,26.629337310791016
generation,1163,46.99999988079071,23.669797897338867,45.02999782562256,27.039649963378906
generation,1164,50.999999046325684,24.81124496459961,44.79999840259552,26.246078491210938
generation,1165,47.999998927116394,28.30035972595215,45.19999921321869,26.499597549438477
generation,1166,47.49999940395355,27.624353408813477,44.78999972343445,27.2618408203125
generation,1167,51.499998569488525,26.331775665283203,45.38999795913696,26.284244537353516
generation,1168,41.999998688697815,32.267127990722656,44.47999894618988,26.403005599975586
generation,1169,46.50000035762787,27.98529815673828,45.17999887466431,26.446208953857422
generation,1170,45.499998331069946,28.48672866821289,44.919997453689575,26.498062133789062
generation,1171,45.99999785423279,28.719118118286133,44.6399986743927,26.149227142333984
generation,1172,52.49999761581421,23.1198673248291,45.02999782562256,26.797056198120117
generation,1173,51.499998569488525,25.637657165527344,44.78999972343445,26.11497688293457
generation,1174,51.99999809265137,26.072856903076172,45.05999982357025,26.611534118652344
generation,1175,53.49999666213989,23.520906448364258,45.04999816417694,26.619468688964844
generation,1176,43.50000023841858,29.147438049316406,44.849997758865356,26.359180450439453
generation,1177,48.99999797344208,25.9882869720459,45.19999921321869,26.850305557250977
generation,1178,49.49999749660492,26.86578369140625,44.849997758865356,26.932353973388672
generation,1179,50.49999952316284,23.785791397094727,44.95999813079834,26.035049438476562
generation,1180,53.999996185302734,24.066970825195312,45.06999850273132,26.83848762512207
generation,1181,47.999998927116394,26.309814453125,45.14999985694885,26.410627365112305
generation,1182,53.999996185302734,22.38654327392578,45.159998536109924,26.345733642578125
generation,1183,49.49999749660492,25.448806762695312,45.09999752044678,26.424272537231445
generation,1184,49.49999749660492,26.250106811523438,45.44999897480011,26.49994468688965
generation,1185,52.99999713897705,25.654394149780273,45.26999890804291,26.47352409362793
generation,1186,50.49999952316284,25.196056365966797,45.02999782562256,26.256065368652344
generation,1187,50.49999952316284,25.196918487548828,44.70999836921692,26.132047653198242
generation,1188,52.99999713897705,19.399646759033203,45.29999792575836,26.175790786743164
generation,1189,48.499998450279236,27.600080490112305,45.01999914646149,26.636825561523438
generation,1190,50.999999046325684,27.888246536254883,44.90000009536743,26.326072692871094
generation,1191,51.499998569488525,23.871932983398438,45.239999890327454,25.803115844726562
generation,1192,50.999999046325684,26.608013153076172,45.239999890327454,26.643871307373047
generation,1193,56.49999976158142,21.018144607543945,45.13999819755554,26.27834701538086
generation,1194,54.500001668930054,22.030517578125,45.29999792575836,26.281171798706055
generation,1195,49.49999749660492,22.66046905517578,45.02999782562256,26.122703552246094
generation,1196,53.999996185302734,24.410316467285156,44.999998807907104,26.261234283447266
generation,1197,47.49999940395355,27.55169105529785,45.19999921321869,26.09845542907715
generation,1198,47.999998927116394,28.491683959960938,44.669997692108154,26.325674057006836
generation,1199,48.499998450279236,25.108295440673828,45.13999819755554,26.16802406311035
generation,1200,46.99999988079071,25.111003875732422,44.679999351501465,26.287256240844727
generation,1201,54.500001668930054,23.638689041137695,44.7299987077713,26.47410011291504
generation,1202,45.499998331069946,24.266830444335938,44.88999843597412,26.8966121673584
generation,1203,47.999998927116394,26.824241638183594,45.21999955177307,26.27000617980957
generation,1204,58.99999737739563,18.72982406616211,45.20999789237976,26.178300857543945
generation,1205,52.49999761581421,24.052404403686523,45.20999789237976,26.13991355895996
generation,1206,48.99999797344208,30.20087242126465,44.57999765872955,26.657360076904297
generation,1207,53.999996185302734,22.58582305908203,44.86999809741974,26.22283172607422
generation,1208,50.49999952316284,23.869422912597656,45.04999816417694,26.395206451416016
generation,1209,43.99999976158142,25.77902603149414,45.06999850273132,26.047500610351562
generation,1210,52.99999713897705,27.83173370361328,45.03999948501587,26.573347091674805
generation,1211,46.99999988079071,26.637041091918945,45.33999860286713,26.137392044067383
generation,1212,53.999996185302734,22.555471420288086,45.04999816417694,25.861236572265625
generation,1213,47.999998927116394,26.51453399658203,45.20999789237976,26.282737731933594
generation,1214,54.500001668930054,22.02936553955078,44.73999738693237,25.985483169555664
generation,1215,47.999998927116394,28.87603187561035,45.36999762058258,25.949493408203125
generation,1216,44.49999928474426,29.6666316986084,45.21999955177307,26.03523063659668
generation,1217,42.49999821186066,29.081348419189453,45.21999955177307,26.342777252197266
generation,1218,48.499998450279236,27.095109939575195,45.22999823093414,25.73695945739746
generation,1219,53.49999666213989,23.35785484313965,45.009997487068176,26.09589958190918
generation,1220,45.99999785423279,25.67999839782715,44.97999846935272,26.463781356811523
generation,1221,52.49999761581421,24.662067413330078,44.8199987411499,26.5413818359375
generation,1222,48.499998450279236,25.464744567871094,45.27999758720398,25.82586097717285
generation,1223,50.49999952316284,19.77705955505371,45.13999819755554,25.524351119995117
generation,1224,52.99999713897705,23.8785457611084,45.21999955177307,25.88465118408203
generation,1225,42.49999821186066,28.306123733520508,45.260000228881836,25.746173858642578
generation,1226,48.499998450279236,26.946699142456055,45.03999948501587,25.892086029052734
generation,1227,50.999999046325684,25.388713836669922,45.04999816417694,25.83664321899414
generation,1228,56.00000023841858,21.800989151000977,45.159998536109924,25.914506912231445
generation,1229,50.49999952316284,24.816213607788086,45.35000026226044,25.76950454711914
generation,1230,47.999998927116394,27.5730037689209,45.19999921321869,25.59149742126465
generation,1231,50.49999952316284,24.067970275878906,45.14999985694885,26.040117263793945
generation,1232,54.500001668930054,23.481983184814453,45.170000195503235,26.03019142150879
generation,1233,47.999998927116394,28.602506637573242,45.260000228881836,26.12086296081543
generation,1234,50.0,23.641721725463867,45.419999957084656,25.92559814453125
generation,1235,44.999998807907104,26.818323135375977,45.009997487068176,26.173954010009766
generation,1236,43.50000023841858,32.05738830566406,45.33999860286713,25.61846351623535
generation,1237,51.99999809265137,26.6390438079834,44.609999656677246,26.32011604309082
generation,1238,45.499998331069946,30.31118392944336,45.13999819755554,25.692533493041992
generation,1239,44.49999928474426,27.645648956298828,45.22999823093414,25.881193161010742
generation,1240,53.999996185302734,25.25005340576172,45.089998841285706,26.037954330444336
generation,1241,47.999998927116394,27.678810119628906,45.11999785900116,26.11468505859375
generation,1242,50.0,27.69979476928711,45.10999917984009,25.7041015625
generation,1243,53.49999666213989,20.737899780273438,44.93999779224396,25.452869415283203
generation,1244,50.49999952316284,26.31100845336914,45.05999982357025,25.28180694580078
generation,1245,50.49999952316284,23.772016525268555,45.12999951839447,25.847326278686523
generation,1246,48.499998450279236,27.665555953979492,44.97999846935272,25.965747833251953
generation,1247,56.99999928474426,19.952056884765625,45.69999873638153,26.141719818115234
generation,1248,45.99999785423279,28.51251983642578,45.239999890327454,26.00200080871582
generation,1249,46.50000035762787,29.939817428588867,45.9199994802475,25.734725952148438
generation,1250,48.499998450279236,24.255964279174805,44.96999979019165,25.383760452270508
generation,1251,48.499998450279236,25.714204788208008,45.009997487068176,25.791458129882812
generation,1252,51.99999809265137,25.670127868652344,45.09999752044678,25.229549407958984
generation,1253,51.499998569488525,24.70645523071289,45.089998841285706,25.55117416381836
generation,1254,41.999998688697815,27.092985153198242,45.18999755382538,25.40413475036621
generation,1255,44.999998807907104,31.557233810424805,45.42999863624573,25.5585880279541
generation,1256,47.999998927116394,23.215478897094727,45.089998841285706,25.522680282592773
generation,1257,46.50000035762787,23.726633071899414,45.10999917984009,25.834516525268555
generation,1258,44.999998807907104,26.186983108520508,45.60999870300293,25.50699806213379
generation,1259,50.999999046325684,22.455039978027344,45.37999927997589,25.42671012878418
generation,1260,52.49999761581421,24.2094669342041,45.170000195503235,26.185522079467773
generation,1261,52.99999713897705,23.71096420288086,45.04999816417694,26.23421287536621
generation,1262,52.49999761581421,20.192977905273438,45.37999927997589,25.599206924438477
generation,1263,57.499998807907104,21.150711059570312,44.86999809741974,25.369386672973633
generation,1264,44.49999928474426,26.396318435668945,45.249998569488525,25.64605712890625
generation,1265,51.99999809265137,24.103551864624023,44.999998807907104,25.591136932373047
generation,1266,51.99999809265137,25.374895095825195,44.93999779224396,25.640914916992188
generation,1267,55.000001192092896,17.923709869384766,45.249998569488525,25.840312957763672
generation,1268,55.000001192092896,20.709423065185547,44.96999979019165,25.571998596191406
generation,1269,52.99999713897705,23.749435424804688,45.37999927997589,25.50485610961914
generation,1270,53.999996185302734,20.995006561279297,44.94999945163727,26.03234100341797
generation,1271,50.0,23.443235397338867,45.29999792575836,25.675588607788086
generation,1272,50.0,29.101268768310547,44.8199987411499,25.436233520507812
generation,1273,50.0,25.39547348022461,45.419999957084656,25.511396408081055
generation,1274,48.99999797344208,26.59878158569336,45.35999894142151,25.533187866210938
generation,1275,47.49999940395355,24.0191650390625,44.96999979019165,25.33820915222168
generation,1276,50.0,24.525165557861328,45.089998841285706,25.357641220092773
generation,1277,55.50000071525574,21.45883560180664,45.260000228881836,25.25960922241211
generation,1278,46.99999988079071,26.75809097290039,44.919997453689575,25.852554321289062
generation,1279,46.50000035762787,23.86505126953125,45.249998569488525,25.228343963623047
generation,1280,49.49999749660492,24.428455352783203,44.749999046325684,25.639684677124023
generation,1281,50.0,27.249794006347656,45.319998264312744,25.653287887573242
generation,1282,47.49999940395355,27.557619094848633,45.409998297691345,25.544179916381836
generation,1283,52.49999761581421,22.181472778320312,45.18999755382538,25.40174102783203
generation,1284,50.999999046325684,24.835126876831055,45.09999752044678,25.746145248413086
generation,1285,47.999998927116394,25.733762741088867,45.42999863624573,25.770610809326172
generation,1286,56.49999976158142,19.321748733520508,45.20999789237976,25.376649856567383
generation,1287,49.49999749660492,26.577497482299805,44.93999779224396,25.80483055114746
generation,1288,47.49999940395355,29.129592895507812,45.089998841285706,25.34557342529297
generation,1289,50.999999046325684,24.575044631958008,45.159998536109924,25.34885597229004
generation,1290,54.500001668930054,20.001285552978516,45.170000195503235,25.325458526611328
generation,1291,55.000001192092896,24.115150451660156,45.159998536109924,25.25725555419922
generation,1292,50.49999952316284,23.935911178588867,45.35000026226044,25.693222045898438
generation,1293,46.50000035762787,26.044397354125977,45.12999951839447,25.49277114868164
generation,1294,50.999999046325684,26.208904266357422,45.46999931335449,25.739660263061523
generation,1295,50.999999046325684,20.86529541015625,45.26999890804291,25.96018409729004
generation,1296,52.49999761581421,23.13195037841797,45.01999914646149,25.47284507751465
generation,1297,48.99999797344208,23.802997589111328,45.05999982357025,25.554595947265625
generation,1298,50.49999952316284,26.091590881347656,44.96999979019165,25.725486755371094
generation,1299,46.99999988079071,25.129310607910156,45.42999863624573,24.987516403198242
generation,1300,50.49999952316284,26.933988571166992,45.10999917984009,25.156566619873047
generation,1301,51.99999809265137,20.89783477783203,45.159998536109924,25.109617233276367
generation,1302,46.50000035762787,27.049293518066406,45.319998264312744,25.306659698486328
generation,1303,56.00000023841858,22.364667892456055,45.080000162124634,25.754032135009766
generation,1304,51.99999809265137,22.81072998046875,45.080000162124634,25.758068084716797
generation,1305,46.99999988079071,28.524070739746094,45.58999836444855,25.747087478637695
generation,1306,51.99999809265137,22.956897735595703,45.67999839782715,25.27556037902832
generation,1307,50.0,24.227373123168945,45.39999961853027,25.640880584716797
generation,1308,50.999999046325684,20.305700302124023,45.36999762058258,25.12981605529785
generation,1309,50.0,28.20315170288086,45.419999957084656,25.16737937927246
generation,1310,58.49999785423279,19.803730010986328,45.260000228881836,25.876976013183594
generation,1311,48.99999797344208,25.457212448120117,45.28999924659729,25.388275146484375
generation,1312,53.49999666213989,25.208383560180664,45.69999873638153,25.51103973388672
generation,1313,49.49999749660492,25.86174774169922,45.29999792575836,25.235553741455078
generation,1314,43.99999976158142,31.378219604492188,45.35000026226044,25.17374038696289
generation,1315,48.499998450279236,26.762378692626953,45.55999934673309,25.41829490661621
generation,1316,49.49999749660492,25.337604522705078,45.239999890327454,25.147266387939453
generation,1317,57.999998331069946,22.267854690551758,45.479997992515564,25.19098663330078
generation,1318,45.499998331069946,26.377370834350586,45.489999651908875,25.559843063354492
generation,1319,47.49999940395355,26.659147262573242,45.260000228881836,25.947200775146484
generation,1320,49.49999749660492,26.610824584960938,45.42999863624573,25.5616397857666
generation,1321,52.99999713897705,24.600574493408203,44.93999779224396,25.58975601196289
generation,1322,53.49999666213989,25.93710708618164,45.27999758720398,25.706695556640625
generation,1323,56.99999928474426,21.904747009277344,45.579999685287476,25.251474380493164
generation,1324,53.999996185302734,23.400270462036133,45.419999957084656,25.36507225036621
generation,1325,43.99999976158142,28.06863021850586,45.54999768733978,25.097412109375
generation,1326,50.0,24.938196182250977,45.46999931335449,25.188350677490234
generation,1327,50.999999046325684,25.351755142211914,44.88999843597412,25.43407440185547
generation,1328,53.999996185302734,23.280290603637695,45.30999958515167,25.911516189575195
generation,1329,53.49999666213989,24.67278289794922,45.26999890804291,25.4984130859375
generation,1330,51.99999809265137,28.26443099975586,45.44999897480011,25.643964767456055
generation,1331,47.999998927116394,24.284040451049805,45.30999958515167,25.366708755493164
generation,1332,46.99999988079071,25.167879104614258,45.38999795913696,25.393695831298828
generation,1333,49.49999749660492,25.11733627319336,45.319998264312744,25.110227584838867
generation,1334,53.49999666213989,21.052682876586914,45.239999890327454,24.95017433166504
generation,1335,50.49999952316284,21.583518981933594,45.409998297691345,25.138521194458008
generation,1336,48.499998450279236,24.64056396484375,45.38999795913696,25.24033546447754
generation,1337,53.49999666213989,20.6635799407959,45.46999931335449,25.154129028320312
generation,1338,47.999998927116394,28.145034790039062,45.419999957084656,25.161344528198242
generation,1339,51.499998569488525,22.304481506347656,45.26999890804291,26.025861740112305
generation,1340,45.499998331069946,27.918136596679688,45.03999948501587,25.423002243041992
generation,1341,46.50000035762787,28.2012939453125,45.11999785900116,25.363025665283203
generation,1342,43.50000023841858,26.793506622314453,45.17999887466431,25.309402465820312
generation,1343,55.000001192092896,22.44658851623535,45.22999823093414,25.553924560546875
generation,1344,47.49999940395355,25.882646560668945,45.319998264312744,25.401208877563477
generation,1345,49.49999749660492,24.100868225097656,44.87999975681305,25.54100227355957
generation,1346,44.49999928474426,29.33623695373535,45.35000026226044,25.42852020263672
generation,1347,49.49999749660492,24.160083770751953,45.21999955177307,25.517763137817383
generation,1348,50.999999046325684,25.45734214782715,45.33999860286713,25.432825088500977
generation,1349,47.49999940395355,24.988056182861328,45.46999931335449,25.6750431060791
generation,1350,45.499998331069946,28.596214294433594,45.14999985694885,25.479768753051758
generation,1351,50.999999046325684,22.52267074584961,45.579999685287476,24.920686721801758
generation,1352,52.49999761581421,24.54113006591797,45.67999839782715,25.175527572631836
generation,1353,50.999999046325684,23.727073669433594,45.899999141693115,25.099756240844727
generation,1354,50.0,24.164060592651367,45.19999921321869,25.301782608032227
generation,1355,52.49999761581421,20.600473403930664,45.37999927997589,25.12592124938965
generation,1356,50.49999952316284,25.959823608398438,45.17999887466431,25.14349365234375
generation,1357,51.99999809265137,22.753358840942383,45.319998264312744,25.149513244628906
generation,1358,48.499998450279236,25.290124893188477,45.619997382164,25.247297286987305
generation,1359,53.49999666213989,19.772682189941406,45.75999975204468,25.584379196166992
generation,1360,57.499998807907104,20.945301055908203,44.95999813079834,25.279281616210938
generation,1361,56.99999928474426,21.87688446044922,44.95999813079834,25.279281616210938
generation,1362,50.0,23.348421096801758,45.37999927997589,25.18239974975586
generation,1363,52.49999761581421,21.096559524536133,45.20999789237976,25.029682159423828
generation,1364,50.0,28.099590301513672,45.479997992515564,25.059720993041992
generation,1365,50.999999046325684,22.344022750854492,44.839999079704285,24.859827041625977
generation,1366,50.0,29.286701202392578,45.12999951839447,25.28289222717285
generation,1367,46.99999988079071,20.84050750732422,45.05999982357025,24.986513137817383
generation,1368,53.49999666213989,23.540143966674805,45.319998264312744,25.053525924682617
generation,1369,45.99999785423279,25.520700454711914,45.20999789237976,25.376188278198242
generation,1370,55.50000071525574,22.886255264282227,45.10999917984009,25.58030128479004
generation,1371,44.999998807907104,30.892831802368164,45.19999921321869,25.356700897216797
generation,1372,51.99999809265137,23.809181213378906,45.10999917984009,25.540882110595703
generation,1373,52.49999761581421,23.763599395751953,45.60000002384186,25.0197696685791
generation,1374,56.00000023841858,24.942934036254883,45.04999816417694,25.06844139099121
generation,1375,40.99999964237213,27.9187068939209,45.06999850273132,24.755613327026367
generation,1376,44.49999928474426,24.5944881439209,45.87000012397766,25.062667846679688
generation,1377,48.499998450279236,27.494216918945312,45.45999765396118,25.241477966308594
generation,1378,48.499998450279236,23.921314239501953,45.159998536109924,25.330245971679688
generation,1379,48.499998450279236,28.50408935546875,45.14999985694885,25.095685958862305
generation,1380,51.499998569488525,23.09392547607422,45.06999850273132,25.202251434326172
generation,1381,47.999998927116394,22.42926597595215,45.29999792575836,25.28133201599121
generation,1382,48.99999797344208,25.103273391723633,45.499998331069946,24.897689819335938
generation,1383,47.999998927116394,24.102739334106445,45.78000009059906,25.37078285217285
generation,1384,53.999996185302734,20.230043411254883,45.33999860286713,25.28837776184082
generation,1385,49.49999749660492,26.600500106811523,45.080000162124634,25.369300842285156
generation,1386,45.99999785423279,22.93303680419922,45.36999762058258,25.33127212524414
generation,1387,44.49999928474426,30.174110412597656,45.33999860286713,25.105737686157227
generation,1388,48.499998450279236,26.034717559814453,45.27999758720398,25.48051643371582
generation,1389,45.99999785423279,25.578136444091797,45.35000026226044,24.951021194458008
generation,1390,47.999998927116394,26.366914749145508,45.499998331069946,25.106142044067383
generation,1391,49.49999749660492,25.65766143798828,45.35999894142151,25.009567260742188
generation,1392,54.500001668930054,23.464248657226562,45.499998331069946,24.940521240234375
generation,1393,46.99999988079071,25.731908798217773,45.639997720718384,24.956195831298828
generation,1394,49.49999749660492,23.772872924804688,44.73999738693237,25.521459579467773
generation,1395,53.49999666213989,20.431894302368164,45.50999999046326,24.9068546295166
generation,1396,50.49999952316284,23.537336349487305,45.44000029563904,25.603389739990234
generation,1397,46.99999988079071,24.385295867919922,45.06999850273132,25.139408111572266
generation,1398,51.99999809265137,22.906137466430664,45.419999957084656,25.017648696899414
generation,1399,48.99999797344208,25.68328857421875,45.11999785900116,24.897056579589844
generation,1400,48.499998450279236,23.076580047607422,45.009997487068176,25.165922164916992
generation,1401,50.999999046325684,20.93085289001465,45.20999789237976,25.28167724609375
generation,1402,47.999998927116394,26.261850357055664,45.479997992515564,25.068328857421875
generation,1403,50.0,23.564462661743164,45.38999795913696,25.02663803100586
generation,1404,48.499998450279236,23.637025833129883,45.26999890804291,25.166540145874023
generation,1405,51.99999809265137,23.2637939453125,45.20999789237976,25.067790985107422
generation,1406,47.999998927116394,23.319347381591797,45.84999978542328,25.166080474853516
generation,1407,44.999998807907104,26.381858825683594,45.14999985694885,25.019756317138672
generation,1408,52.99999713897705,27.25604820251465,45.799997448921204,24.984315872192383
generation,1409,51.499998569488525,22.52072525024414,45.44000029563904,24.786136627197266
generation,1410,50.0,23.461158752441406,45.50999999046326,24.52092170715332
generation,1411,56.99999928474426,24.301252365112305,45.10999917984009,25.294553756713867
generation,1412,57.999998331069946,20.550676345825195,45.21999955177307,25.03501319885254
generation,1413,50.999999046325684,23.454191207885742,45.619997382164,24.852731704711914
generation,1414,48.99999797344208,24.422929763793945,45.58999836444855,24.804929733276367
generation,1415,54.500001668930054,20.681236267089844,45.26999890804291,24.764997482299805
generation,1416,51.499998569488525,26.562152862548828,45.92999815940857,25.17238998413086
generation,1417,43.99999976158142,27.727113723754883,45.46999931335449,24.820322036743164
generation,1418,45.499998331069946,25.39556884765625,45.489999651908875,24.747135162353516
generation,1419,48.99999797344208,24.49942398071289,45.38999795913696,24.76660919189453
generation,1420,49.49999749660492,23.976543426513672,45.649999380111694,25.1323299407959
generation,1421,47.999998927116394,23.596521377563477,45.54999768733978,25.1848087310791
generation,1422,47.49999940395355,26.656206130981445,45.36999762058258,24.644493103027344
generation,1423,51.99999809265137,20.841405868530273,45.499998331069946,24.668113708496094
generation,1424,46.50000035762787,23.604053497314453,45.649999380111694,24.88543128967285
generation,1425,45.99999785423279,25.257549285888672,45.51999866962433,24.743776321411133
generation,1426,50.49999952316284,23.77758026123047,45.74999809265137,24.77503204345703
generation,1427,54.500001668930054,22.263620376586914,45.53000032901764,24.69375228881836
generation,1428,50.0,23.81208038330078,45.51999866962433,24.91061782836914
generation,1429,52.99999713897705,22.749845504760742,45.8299994468689,25.035085678100586
generation,1430,52.99999713897705,23.398883819580078,45.60000002384186,24.577268600463867
generation,1431,44.999998807907104,30.75363540649414,45.45999765396118,24.929065704345703
generation,1432,51.499998569488525,22.192506790161133,45.35999894142151,25.464078903198242
generation,1433,46.50000035762787,26.109081268310547,45.39999961853027,24.725082397460938
generation,1434,51.99999809265137,23.467615127563477,45.27999758720398,24.927188873291016
generation,1435,48.99999797344208,27.988849639892578,45.37999927997589,24.62944984436035
generation,1436,52.99999713897705,24.03018569946289,45.409998297691345,24.50735855102539
generation,1437,44.999998807907104,29.84864044189453,45.20999789237976,24.85953712463379
generation,1438,51.99999809265137,25.54934310913086,45.27999758720398,24.79534339904785
generation,1439,50.999999046325684,25.471424102783203,45.44999897480011,24.61621856689453
generation,1440,47.999998927116394,24.15713882446289,45.619997382164,24.90083122253418
generation,1441,51.499998569488525,21.497282028198242,45.38999795913696,24.654582977294922
generation,1442,45.499998331069946,27.806259155273438,45.54999768733978,24.766510009765625
generation,1443,56.00000023841858,20.979736328125,45.35999894142151,24.874422073364258
generation,1444,53.49999666213989,20.61724281311035,45.479997992515564,24.575510025024414
generation,1445,50.0,22.830551147460938,45.409998297691345,24.66434097290039
generation,1446,50.49999952316284,22.293987274169922,45.18999755382538,24.25347900390625
generation,1447,46.99999988079071,23.83990478515625,45.50999999046326,24.550004959106445
generation,1448,48.99999797344208,23.609560012817383,45.28999924659729,24.438060760498047
generation,1449,52.49999761581421,24.30968475341797,45.50999999046326,24.696605682373047
generation,1450,49.49999749660492,26.526939392089844,45.45999765396118,24.769168853759766
generation,1451,51.99999809265137,21.20386505126953,45.619997382164,24.636009216308594
generation,1452,48.499998450279236,29.608552932739258,45.29999792575836,24.541656494140625
generation,1453,51.499998569488525,25.238149642944336,44.87999975681305,24.734827041625977
generation,1454,45.99999785423279,25.286579132080078,45.58999836444855,24.551143646240234
generation,1455,50.49999952316284,22.922496795654297,45.319998264312744,24.49647331237793
generation,1456,50.49999952316284,23.431066513061523,45.54999768733978,24.5996036529541
generation,1457,50.0,22.792455673217773,45.51999866962433,24.709096908569336
generation,1458,55.50000071525574,20.795677185058594,45.569998025894165,24.256731033325195
generation,1459,49.49999749660492,20.587167739868164,45.479997992515564,24.49614906311035
generation,1460,47.999998927116394,22.688343048095703,45.53000032901764,24.279146194458008
generation,1461,53.49999666213989,23.613426208496094,45.419999957084656,24.629039764404297
generation,1462,48.499998450279236,25.704580307006836,45.06999850273132,24.847484588623047
generation,1463,43.50000023841858,27.57891082763672,45.479997992515564,24.788593292236328
generation,1464,55.000001192092896,21.95737075805664,45.62999904155731,24.46767234802246
generation,1465,51.99999809265137,20.878721237182617,45.87999880313873,24.599300384521484
generation,1466,54.500001668930054,22.219873428344727,45.69999873638153,24.497203826904297
generation,1467,43.99999976158142,28.8635311126709,45.39999961853027,24.63093376159668
generation,1468,43.99999976158142,28.955272674560547,45.13999819755554,25.039249420166016
generation,1469,48.99999797344208,24.62933349609375,45.26999890804291,24.673349380493164
generation,1470,50.49999952316284,23.284717559814453,45.67999839782715,24.5809326171875
generation,1471,58.99999737739563,19.902629852294922,45.009997487068176,24.92546844482422
generation,1472,56.00000023841858,21.066308975219727,45.659998059272766,24.478519439697266
generation,1473,49.49999749660492,25.519081115722656,45.93999981880188,24.644241333007812
generation,1474,52.99999713897705,23.29047203063965,45.53999900817871,24.508495330810547
generation,1475,43.50000023841858,28.775367736816406,45.799997448921204,24.57268524169922
generation,1476,47.49999940395355,25.87100601196289,45.71999907493591,24.704681396484375
generation,1477,49.49999749660492,25.915010452270508,45.44999897480011,24.758995056152344
generation,1478,49.49999749660492,23.573362350463867,45.489999651908875,24.57807731628418
generation,1479,50.999999046325684,22.860918045043945,45.409998297691345,24.530107498168945
generation,1480,51.499998569488525,24.19027328491211,45.33999860286713,24.249675750732422
generation,1481,45.499998331069946,27.1958065032959,45.899999141693115,24.75002670288086
generation,1482,55.50000071525574,24.144697189331055,45.53000032901764,24.751602172851562
generation,1483,49.49999749660492,25.09105682373047,45.38999795913696,24.720863342285156
generation,1484,52.99999713897705,24.189167022705078,45.35999894142151,24.375593185424805
generation,1485,55.50000071525574,24.058198928833008,45.62999904155731,24.769813537597656
generation,1486,51.99999809265137,20.729951858520508,45.419999957084656,24.720840454101562
generation,1487,57.499998807907104,17.607074737548828,45.619997382164,24.916549682617188
generation,1488,51.499998569488525,24.946016311645508,45.419999957084656,25.003999710083008
generation,1489,50.0,22.773700714111328,45.569998025894165,24.824066162109375
generation,1490,50.0,24.308744430541992,45.66999971866608,24.364856719970703
generation,1491,51.499998569488525,23.378341674804688,45.60999870300293,24.545623779296875
generation,1492,46.50000035762787,25.804584503173828,45.569998025894165,24.642871856689453
generation,1493,47.49999940395355,32.78242492675781,45.33999860286713,24.366474151611328
generation,1494,49.49999749660492,23.555397033691406,45.619997382164,24.30117416381836
generation,1495,53.49999666213989,19.632619857788086,45.11999785900116,25.089563369750977
generation,1496,50.999999046325684,22.43069076538086,45.170000195503235,24.936498641967773
generation,1497,50.0,29.609758377075195,45.29999792575836,24.747787475585938
generation,1498,45.499998331069946,25.265336990356445,45.489999651908875,24.82131576538086
generation,1499,51.99999809265137,22.989118576049805,45.46999931335449,24.85694122314453
generation,1500,52.49999761581421,21.303390502929688,45.329999923706055,24.63482666015625
generation,1501,50.999999046325684,23.184206008911133,45.499998331069946,24.19853973388672
generation,1502,53.49999666213989,19.54979705810547,45.42999863624573,24.517915725708008
generation,1503,47.999998927116394,26.299379348754883,45.27999758720398,24.61199188232422
generation,1504,50.0,23.96497344970703,45.94999849796295,24.725589752197266
generation,1505,48.499998450279236,27.728708267211914,45.90999782085419,24.762422561645508
generation,1506,50.49999952316284,24.87894058227539,45.7099974155426,24.548215866088867
generation,1507,50.0,24.17652130126953,45.85999846458435,24.265111923217773
generation,1508,53.999996185302734,21.765518188476562,45.53000032901764,24.692880630493164
generation,1509,48.499998450279236,26.356779098510742,45.479997992515564,24.639358520507812
generation,1510,55.50000071525574,21.785898208618164,45.46999931335449,24.0919246673584
generation,1511,47.999998927116394,27.832172393798828,45.729997754096985,24.56950569152832
generation,1512,54.500001668930054,20.754587173461914,45.729997754096985,24.634977340698242
generation,1513,46.50000035762787,24.25058364868164,46.05000019073486,24.01910400390625
generation,1514,49.49999749660492,27.556682586669922,45.36999762058258,24.632293701171875
generation,1515,44.49999928474426,29.442039489746094,45.8299994468689,24.53752326965332
generation,1516,56.00000023841858,19.834735870361328,45.639997720718384,24.309337615966797
generation,1517,48.99999797344208,25.181873321533203,45.93999981880188,24.41333770751953
generation,1518,53.49999666213989,22.00743865966797,45.38999795913696,24.829925537109375
generation,1519,47.999998927116394,26.79549789428711,45.659998059272766,24.571163177490234
generation,1520,51.499998569488525,22.91351318359375,45.45999765396118,24.9045352935791
generation,1521,42.9999977350235,26.96923828125,45.99999785423279,24.725704193115234
generation,1522,46.99999988079071,24.415437698364258,45.44000029563904,24.40633201599121
generation,1523,53.999996185302734,23.312715530395508,45.44999897480011,24.565214157104492
generation,1524,48.99999797344208,20.791460037231445,45.85999846458435,24.36048698425293
generation,1525,44.999998807907104,28.447277069091797,45.60000002384186,24.739334106445312
generation,1526,54.500001668930054,21.660011291503906,45.729997754096985,24.41204261779785
generation,1527,56.49999976158142,21.00518035888672,45.579999685287476,24.30376434326172
generation,1528,50.49999952316284,23.280559539794922,45.60999870300293,24.195024490356445
generation,1529,50.0,21.41486167907715,45.44000029563904,24.520261764526367
generation,1530,56.49999976158142,22.914226531982422,45.50999999046326,24.491239547729492
generation,1531,47.999998927116394,25.78036117553711,45.51999866962433,24.785518646240234
generation,1532,52.49999761581421,19.52617835998535,45.649999380111694,24.483007431030273
generation,1533,47.999998927116394,27.17223358154297,45.9199994802475,24.499088287353516
generation,1534,51.499998569488525,23.133134841918945,45.69999873638153,24.24472999572754
generation,1535,51.499998569488525,23.230138778686523,45.44000029563904,24.398998260498047
generation,1536,50.0,24.81488037109375,45.51999866962433,24.928909301757812
generation,1537,56.49999976158142,19.96341323852539,45.53999900817871,24.484092712402344
generation,1538,50.49999952316284,27.974388122558594,45.639997720718384,24.265073776245117
generation,1539,44.999998807907104,24.210285186767578,45.66999971866608,24.38717269897461
generation,1540,52.49999761581421,21.34636688232422,45.809999108314514,24.1368465423584
generation,1541,45.99999785423279,24.90868377685547,45.319998264312744,23.874204635620117
generation,1542,48.99999797344208,26.394359588623047,45.51999866962433,24.11935043334961
generation,1543,46.99999988079071,22.820581436157227,45.21999955177307,24.451919555664062
generation,1544,55.50000071525574,22.826616287231445,45.84999978542328,23.82878303527832
generation,1545,53.999996185302734,21.822099685668945,45.01999914646149,24.16395378112793
generation,1546,48.99999797344208,24.094751358032227,45.58999836444855,24.21548843383789
generation,1547,60.499995946884155,21.0878849029541,45.260000228881836,24.163888931274414
generation,1548,47.999998927116394,29.438743591308594,45.35999894142151,24.2425537109375
generation,1549,46.99999988079071,25.620004653930664,45.67999839782715,24.134199142456055
generation,1550,48.99999797344208,23.857023239135742,45.11999785900116,24.791805267333984
generation,1551,48.499998450279236,27.569622039794922,45.319998264312744,24.264806747436523
generation,1552,46.50000035762787,29.14043617248535,45.409998297691345,24.564489364624023
generation,1553,59.49999690055847,22.057693481445312,45.659998059272766,24.50594139099121
generation,1554,45.99999785423279,25.50519371032715,45.659998059272766,24.22494888305664
generation,1555,45.499998331069946,26.897605895996094,45.18999755382538,24.38385581970215
generation,1556,46.99999988079071,25.416885375976562,45.78000009059906,24.12784767150879
generation,1557,50.0,24.671369552612305,45.089998841285706,24.743417739868164
generation,1558,53.999996185302734,22.539731979370117,45.22999823093414,24.26604461669922
generation,1559,48.99999797344208,23.771472930908203,45.489999651908875,23.885852813720703
generation,1560,49.49999749660492,23.511491775512695,45.85999846458435,24.3287296295166
generation,1561,50.49999952316284,22.286592483520508,45.409998297691345,24.323759078979492
generation,1562,50.0,22.968524932861328,45.39999961853027,23.779268264770508
generation,1563,44.49999928474426,28.52334976196289,45.96000015735626,24.653701782226562
generation,1564,47.999998927116394,24.68352508544922,45.71999907493591,24.30405616760254
generation,1565,49.49999749660492,24.651254653930664,45.729997754096985,24.360675811767578
generation,1566,49.49999749660492,27.07229232788086,45.899999141693115,24.041187286376953
generation,1567,52.49999761581421,21.044580459594727,46.03999853134155,24.177364349365234
generation,1568,50.999999046325684,26.906291961669922,45.39999961853027,24.48255157470703
generation,1569,55.000001192092896,22.206867218017578,45.71999907493591,24.523717880249023
generation,1570,52.49999761581421,26.372055053710938,45.659998059272766,24.223737716674805
generation,1571,51.99999809265137,22.803709030151367,45.159998536109924,24.039045333862305
generation,1572,51.99999809265137,22.28753089904785,44.97999846935272,24.389442443847656
generation,1573,56.49999976158142,21.604785919189453,45.799997448921204,23.987682342529297
generation,1574,45.99999785423279,24.382116317749023,45.46999931335449,24.264240264892578
generation,1575,50.999999046325684,24.63152313232422,45.649999380111694,24.242572784423828
generation,1576,53.49999666213989,23.984947204589844,45.60999870300293,23.990800857543945
generation,1577,47.999998927116394,26.346046447753906,45.44999897480011,24.174774169921875
generation,1578,51.99999809265137,24.725984573364258,45.60000002384186,24.267667770385742
generation,1579,44.999998807907104,29.66464614868164,45.66999971866608,24.113000869750977
generation,1580,41.49999916553497,32.45441818237305,45.8299994468689,23.6113338470459
generation,1581,49.49999749660492,25.587446212768555,45.979997515678406,24.182321548461914
generation,1582,55.50000071525574,20.705463409423828,45.60999870300293,23.89818000793457
generation,1583,43.50000023841858,25.488019943237305,45.889997482299805,23.78692054748535
generation,1584,45.99999785423279,25.0207462310791,45.639997720718384,23.76862144470215
generation,1585,51.99999809265137,23.775358200073242,45.51999866962433,24.24053382873535
generation,1586,50.999999046325684,23.8958740234375,45.649999380111694,23.852712631225586
generation,1587,47.999998927116394,26.488693237304688,45.499998331069946,24.15276527404785
generation,1588,48.99999797344208,24.8414249420166,45.67999839782715,24.031139373779297
generation,1589,53.999996185302734,19.218624114990234,45.87999880313873,23.792713165283203
generation,1590,45.99999785423279,28.044946670532227,45.579999685287476,23.789072036743164
generation,1591,48.99999797344208,22.50811767578125,45.35000026226044,24.150554656982422
generation,1592,58.99999737739563,18.03944969177246,45.44000029563904,23.94407844543457
generation,1593,45.99999785423279,23.208879470825195,45.35999894142151,24.207712173461914
generation,1594,51.499998569488525,20.61687660217285,46.11999988555908,24.512725830078125
generation,1595,50.49999952316284,22.560264587402344,45.729997754096985,24.068220138549805
generation,1596,50.0,23.729785919189453,45.889997482299805,24.44936752319336
generation,1597,53.49999666213989,22.358959197998047,45.62999904155731,24.121633529663086
generation,1598,49.49999749660492,27.623842239379883,45.93999981880188,23.485219955444336
generation,1599,50.999999046325684,23.571256637573242,45.67999839782715,24.26295280456543
generation,1600,47.999998927116394,25.54144287109375,45.7099974155426,23.7549991607666
generation,1601,48.99999797344208,25.466049194335938,45.619997382164,24.097402572631836
generation,1602,58.49999785423279,18.803918838500977,46.01999819278717,24.069608688354492
generation,1603,46.99999988079071,28.089038848876953,46.17999792098999,23.93076515197754
generation,1604,44.999998807907104,25.136560440063477,45.819997787475586,24.23124122619629
generation,1605,48.499998450279236,26.803640365600586,45.76999843120575,23.92872428894043
generation,1606,52.99999713897705,20.38542366027832,45.87999880313873,23.67224884033203
generation,1607,52.99999713897705,24.59634780883789,45.819997787475586,23.658000946044922
generation,1608,47.999998927116394,27.2974796295166,46.230000257492065,23.923036575317383
generation,1609,57.499998807907104,17.515134811401367,46.10999822616577,23.88619613647461
generation,1610,49.49999749660492,21.811296463012695,45.66999971866608,24.15574073791504
generation,1611,47.999998927116394,23.721506118774414,46.06999754905701,24.125505447387695
generation,1612,53.999996185302734,24.130943298339844,45.979997515678406,23.97977066040039
generation,1613,50.0,19.62335968017578,45.8299994468689,23.61813735961914
generation,1614,50.999999046325684,23.439138412475586,45.92999815940857,23.914470672607422
generation,1615,53.49999666213989,21.178285598754883,45.899999141693115,23.551496505737305
generation,1616,47.49999940395355,23.662073135375977,45.739999413490295,23.795082092285156
generation,1617,48.99999797344208,24.106718063354492,45.78999876976013,23.64474868774414
generation,1618,50.49999952316284,22.39578628540039,45.60999870300293,23.66573715209961
generation,1619,46.99999988079071,25.524002075195312,46.03999853134155,23.880861282348633
generation,1620,55.50000071525574,24.32352066040039,45.87999880313873,23.635601043701172
generation,1621,45.99999785423279,26.128923416137695,46.10999822616577,23.973037719726562
generation,1622,53.999996185302734,20.4985294342041,46.07999920845032,23.881315231323242
generation,1623,50.0,23.024507522583008,45.78000009059906,24.05678367614746
generation,1624,50.49999952316284,21.60369873046875,45.93999981880188,23.87923812866211
generation,1625,50.49999952316284,18.842378616333008,46.01999819278717,23.564708709716797
generation,1626,53.49999666213989,25.913522720336914,46.06999754905701,24.26177215576172
generation,1627,48.499998450279236,26.787599563598633,46.23999893665314,23.719738006591797
generation,1628,51.499998569488525,23.4560489654541,45.83999812602997,23.545289993286133
generation,1629,46.99999988079071,26.73418617248535,46.0999995470047,23.5111141204834
generation,1630,57.999998331069946,21.791799545288086,46.24999761581421,23.567134857177734
generation,1631,53.49999666213989,22.9829044342041,45.54999768733978,24.215322494506836
generation,1632,50.0,22.172842025756836,45.7099974155426,24.124544143676758
generation,1633,51.499998569488525,22.950733184814453,45.85999846458435,23.831756591796875
generation,1634,46.99999988079071,24.859542846679688,45.71999907493591,23.766706466674805
generation,1635,54.500001668930054,17.392650604248047,46.059998869895935,23.88755226135254
generation,1636,44.999998807907104,25.329763412475586,45.569998025894165,23.50089454650879
generation,1637,46.99999988079071,24.115985870361328,45.989999175071716,23.839967727661133
generation,1638,43.99999976158142,26.287132263183594,46.03999853134155,23.416391372680664
generation,1639,50.49999952316284,22.18216323852539,45.67999839782715,23.546619415283203
generation,1640,48.499998450279236,26.405925750732422,45.92999815940857,23.582786560058594
generation,1641,53.49999666213989,21.020065307617188,45.889997482299805,23.482746124267578
generation,1642,46.99999988079071,25.48476791381836,45.58999836444855,24.244871139526367
generation,1643,48.499998450279236,24.631263732910156,45.889997482299805,23.954008102416992
generation,1644,55.000001192092896,18.615324020385742,45.809999108314514,23.590303421020508
generation,1645,44.49999928474426,25.233572006225586,45.62999904155731,23.903932571411133
generation,1646,57.999998331069946,20.26169204711914,45.85999846458435,24.415496826171875
generation,1647,49.49999749660492,21.793533325195312,46.06999754905701,24.145668029785156
generation,1648,52.99999713897705,22.754716873168945,45.899999141693115,24.10384178161621
generation,1649,55.000001192092896,23.89380645751953,46.05000019073486,23.59419822692871
generation,1650,50.49999952316284,23.31348419189453,46.19999825954437,23.704971313476562
generation,1651,53.49999666213989,19.750167846679688,45.9199994802475,23.451805114746094
generation,1652,49.49999749660492,26.531328201293945,45.99999785423279,24.097396850585938
generation,1653,51.99999809265137,21.818513870239258,45.76999843120575,23.602149963378906
generation,1654,47.49999940395355,26.380699157714844,46.19999825954437,24.054304122924805
generation,1655,53.999996185302734,19.992176055908203,46.05000019073486,23.66217041015625
generation,1656,51.499998569488525,25.06027603149414,45.69999873638153,23.79521942138672
generation,1657,47.49999940395355,22.31851577758789,46.140000224113464,23.47395133972168
generation,1658,52.49999761581421,20.663827896118164,45.93999981880188,23.804729461669922
generation,1659,51.499998569488525,19.279598236083984,45.55999934673309,23.850751876831055
generation,1660,50.0,26.563230514526367,45.83999812602997,23.746023178100586
generation,1661,51.99999809265137,22.296035766601562,46.15999758243561,23.73099708557129
generation,1662,55.000001192092896,21.08757781982422,45.94999849796295,23.74116325378418
generation,1663,51.99999809265137,20.533187866210938,45.62999904155731,23.604202270507812
generation,1664,53.999996185302734,22.550582885742188,45.58999836444855,23.793581008911133
generation,1665,50.999999046325684,23.982709884643555,45.489999651908875,23.714262008666992
generation,1666,57.499998807907104,17.95746421813965,45.7099974155426,23.568559646606445
generation,1667,50.999999046325684,22.33578872680664,45.90999782085419,23.815488815307617
generation,1668,46.50000035762787,22.356645584106445,46.1899995803833,23.7927303314209
generation,1669,45.99999785423279,23.1610164642334,45.579999685287476,23.748498916625977
generation,1670,47.49999940395355,27.207719802856445,45.53999900817871,23.711721420288086
generation,1671,51.99999809265137,22.731847763061523,46.0099995136261,23.346691131591797
generation,1672,48.99999797344208,25.5026798248291,45.989999175071716,23.841014862060547
generation,1673,46.99999988079071,24.3016414642334,45.69999873638153,23.73518180847168
generation,1674,47.999998927116394,23.56536102294922,45.76999843120575,23.380836486816406
generation,1675,45.499998331069946,27.5151309967041,46.129998564720154,23.530719757080078
generation,1676,43.50000023841858,27.809436798095703,46.08999788761139,23.63699722290039
generation,1677,52.49999761581421,22.60788345336914,45.78000009059906,23.522838592529297
generation,1678,52.99999713897705,22.853771209716797,46.129998564720154,23.818429946899414
generation,1679,50.999999046325684,21.775110244750977,45.99999785423279,23.655595779418945
generation,1680,47.49999940395355,23.23727798461914,45.899999141693115,23.811811447143555
generation,1681,46.50000035762787,25.747915267944336,46.0999995470047,23.78749656677246
generation,1682,56.49999976158142,17.378427505493164,45.66999971866608,23.50653076171875
generation,1683,47.999998927116394,22.782943725585938,46.26999795436859,23.476367950439453
generation,1684,50.49999952316284,23.520601272583008,45.7099974155426,23.71225357055664
generation,1685,47.49999940395355,26.29717254638672,45.94999849796295,23.252126693725586
generation,1686,48.99999797344208,22.888883590698242,46.02999985218048,23.71293830871582
generation,1687,48.499998450279236,22.733163833618164,46.02999985218048,23.574209213256836
generation,1688,45.499998331069946,24.499818801879883,45.319998264312744,23.502708435058594
generation,1689,49.49999749660492,26.36414337158203,46.10999822616577,23.612751007080078
generation,1690,46.99999988079071,27.246559143066406,46.25999927520752,23.596899032592773
generation,1691,59.49999690055847,20.078590393066406,45.799997448921204,23.884647369384766
generation,1692,50.999999046325684,24.869674682617188,45.69000005722046,23.71929931640625
generation,1693,46.50000035762787,23.796571731567383,46.03999853134155,23.339595794677734
generation,1694,56.99999928474426,19.651695251464844,46.20999991893768,23.90034294128418
generation,1695,49.49999749660492,22.570707321166992,45.60000002384186,23.763872146606445
generation,1696,47.999998927116394,24.764423370361328,46.39999866485596,23.632747650146484
generation,1697,51.499998569488525,19.917814254760742,46.39999866485596,23.632747650146484
generation,1698,50.999999046325684,20.725341796875,45.83999812602997,23.883827209472656
generation,1699,53.49999666213989,20.844266891479492,45.659998059272766,23.679927825927734
generation,1700,50.49999952316284,20.436038970947266,45.87999880313873,23.705718994140625
generation,1701,50.999999046325684,22.632020950317383,45.60000002384186,23.346710205078125
generation,1702,56.49999976158142,18.796119689941406,46.01999819278717,23.653322219848633
generation,1703,50.999999046325684,26.684431076049805,45.87000012397766,23.814645767211914
generation,1704,52.99999713897705,17.346364974975586,46.02999985218048,24.131776809692383
generation,1705,51.99999809265137,22.53704833984375,45.69000005722046,23.956632614135742
generation,1706,48.499998450279236,22.529802322387695,45.579999685287476,23.454273223876953
generation,1707,50.49999952316284,22.693971633911133,45.819997787475586,23.940763473510742
generation,1708,47.999998927116394,22.86786651611328,45.51999866962433,23.9472713470459
generation,1709,50.0,24.809850692749023,46.2799996137619,23.829999923706055
generation,1710,47.49999940395355,24.699928283691406,45.90999782085419,23.653886795043945
generation,1711,47.49999940395355,22.737138748168945,46.149998903274536,23.770118713378906
generation,1712,51.99999809265137,22.048749923706055,46.02999985218048,23.76960563659668
generation,1713,57.499998807907104,23.731306076049805,45.979997515678406,23.771203994750977
generation,1714,46.99999988079071,22.4127254486084,45.819997787475586,23.79842758178711
generation,1715,48.499998450279236,27.494199752807617,45.50999999046326,24.09947967529297
generation,1716,45.499998331069946,24.239032745361328,45.889997482299805,23.75094223022461
generation,1717,50.0,21.737327575683594,45.569998025894165,23.33770751953125
generation,1718,47.999998927116394,23.272563934326172,45.579999685287476,23.353378295898438
generation,1719,52.49999761581421,21.228933334350586,46.23999893665314,23.54376792907715
generation,1720,50.49999952316284,24.087491989135742,45.87000012397766,23.245006561279297
generation,1721,47.49999940395355,26.320219039916992,45.78999876976013,23.78998374938965
generation,1722,47.999998927116394,22.940044403076172,45.649999380111694,23.531797409057617
generation,1723,55.50000071525574,21.449016571044922,45.50999999046326,24.39556312561035
generation,1724,46.99999988079071,23.671796798706055,45.969998836517334,23.615707397460938
generation,1725,53.999996185302734,24.069650650024414,45.93999981880188,23.380216598510742
generation,1726,48.99999797344208,22.822267532348633,45.60999870300293,23.67257308959961
generation,1727,50.0,26.042112350463867,45.69999873638153,23.672115325927734
generation,1728,54.500001668930054,22.453594207763672,45.53999900817871,23.402555465698242
generation,1729,50.49999952316284,25.956748962402344,45.66999971866608,23.60393524169922
generation,1730,50.0,21.45632553100586,45.85999846458435,23.244144439697266
generation,1731,53.49999666213989,19.740407943725586,45.94999849796295,23.365550994873047
generation,1732,46.99999988079071,21.129222869873047,45.639997720718384,23.47218132019043
generation,1733,51.499998569488525,20.86577796936035,45.53999900817871,23.50520896911621
generation,1734,53.49999666213989,22.040292739868164,46.10999822616577,23.559572219848633
generation,1735,48.99999797344208,22.570043563842773,45.66999971866608,23.781179428100586
generation,1736,49.49999749660492,21.22292709350586,45.579999685287476,23.960947036743164
generation,1737,39.99999761581421,28.23473358154297,46.15999758243561,23.37677574157715
generation,1738,53.999996185302734,20.431629180908203,46.16999924182892,23.534198760986328
generation,1739,49.49999749660492,23.2332706451416,46.01999819278717,23.391498565673828
generation,1740,47.49999940395355,26.681438446044922,46.05000019073486,24.06522560119629
generation,1741,53.49999666213989,23.196243286132812,45.729997754096985,23.635465621948242
generation,1742,51.499998569488525,22.152381896972656,46.01999819278717,23.475765228271484
generation,1743,48.99999797344208,22.980762481689453,46.059998869895935,23.66444969177246
generation,1744,50.999999046325684,25.133161544799805,45.93999981880188,24.080766677856445
generation,1745,49.49999749660492,22.813634872436523,45.989999175071716,23.7574462890625
generation,1746,44.49999928474426,29.92229461669922,45.979997515678406,23.948413848876953
generation,1747,52.99999713897705,24.681163787841797,46.059998869895935,23.49373435974121
generation,1748,46.50000035762787,21.616409301757812,45.639997720718384,23.798749923706055
generation,1749,54.500001668930054,20.33925437927246,45.819997787475586,23.730276107788086
generation,1750,47.999998927116394,24.711204528808594,45.819997787475586,23.479888916015625
generation,1751,57.499998807907104,18.216432571411133,46.17999792098999,23.583229064941406
generation,1752,46.99999988079071,25.720491409301758,46.15999758243561,23.53240966796875
generation,1753,50.49999952316284,24.229816436767578,46.01999819278717,23.45505714416504
generation,1754,46.50000035762787,27.208663940429688,46.08999788761139,23.761747360229492
generation,1755,57.499998807907104,17.8203182220459,45.889997482299805,24.080604553222656
generation,1756,43.50000023841858,26.571958541870117,45.799997448921204,23.462522506713867
generation,1757,46.99999988079071,24.417387008666992,45.639997720718384,23.71901512145996
generation,1758,57.499998807907104,17.978273391723633,46.140000224113464,23.61498260498047
generation,1759,52.99999713897705,22.518020629882812,46.03999853134155,23.69602394104004
generation,1760,48.499998450279236,25.663358688354492,45.78000009059906,23.64959144592285
generation,1761,46.50000035762787,23.201810836791992,46.05000019073486,23.741785049438477
generation,1762,49.49999749660492,23.542724609375,45.809999108314514,23.902379989624023
generation,1763,50.49999952316284,26.82544708251953,45.979997515678406,23.45185089111328
generation,1764,51.99999809265137,22.984107971191406,45.87999880313873,23.398895263671875
generation,1765,47.999998927116394,25.620569229125977,45.78999876976013,23.660730361938477
generation,1766,55.50000071525574,21.897689819335938,45.78000009059906,23.902820587158203
generation,1767,56.49999976158142,19.81293296813965,46.15999758243561,23.39870834350586
generation,1768,55.000001192092896,19.586307525634766,45.71999907493591,23.720041275024414
generation,1769,50.49999952316284,25.241371154785156,45.94999849796295,23.85837173461914
generation,1770,44.49999928474426,23.70992660522461,45.96000015735626,23.50826644897461
generation,1771,45.99999785423279,23.319480895996094,45.729997754096985,23.075883865356445
generation,1772,45.99999785423279,26.088397979736328,45.899999141693115,23.643909454345703
generation,1773,47.999998927116394,24.7167911529541,46.03999853134155,23.672767639160156
generation,1774,47.999998927116394,26.224531173706055,45.99999785423279,23.69860076904297
generation,1775,55.50000071525574,18.99945831298828,45.69000005722046,23.35993194580078
generation,1776,48.99999797344208,21.973562240600586,45.83999812602997,23.544538497924805
generation,1777,48.99999797344208,27.403852462768555,45.729997754096985,23.681087493896484
generation,1778,50.49999952316284,20.767637252807617,45.87000012397766,23.72540283203125
generation,1779,54.500001668930054,22.079368591308594,45.53999900817871,23.441818237304688
generation,1780,48.99999797344208,26.299413681030273,45.60000002384186,23.84423065185547
generation,1781,52.49999761581421,23.13750457763672,45.84999978542328,23.756744384765625
generation,1782,50.49999952316284,23.39972686767578,45.979997515678406,23.61969566345215
generation,1783,51.499998569488525,21.978307723999023,45.8299994468689,23.630306243896484
generation,1784,48.99999797344208,20.953081130981445,45.67999839782715,23.58567237854004
generation,1785,40.50000011920929,28.272808074951172,45.799997448921204,23.751768112182617
generation,1786,50.0,22.990861892700195,46.379998326301575,23.598798751831055
generation,1787,50.49999952316284,19.413467407226562,45.85999846458435,23.386709213256836
generation,1788,53.49999666213989,21.343154907226562,46.0099995136261,23.18896484375
generation,1789,55.50000071525574,18.980741500854492,46.01999819278717,23.237133026123047
generation,1790,49.49999749660492,26.677501678466797,46.1899995803833,23.642141342163086
generation,1791,55.50000071525574,20.668621063232422,46.11999988555908,23.411497116088867
generation,1792,56.49999976158142,21.174867630004883,45.71999907493591,23.226411819458008
generation,1793,50.999999046325684,20.026073455810547,45.60000002384186,23.32882308959961
generation,1794,48.499998450279236,23.80087661743164,45.649999380111694,23.11363410949707
generation,1795,48.99999797344208,20.30162239074707,45.96000015735626,23.612476348876953
generation,1796,52.99999713897705,22.097246170043945,45.71999907493591,23.808238983154297
generation,1797,53.999996185302734,19.868642807006836,45.78999876976013,23.636152267456055
generation,1798,53.49999666213989,18.569171905517578,45.71999907493591,23.42759132385254
generation,1799,52.99999713897705,22.846176147460938,45.83999812602997,23.120267868041992
generation,1800,51.99999809265137,22.649063110351562,45.83999812602997,23.34707260131836
generation,1801,51.99999809265137,21.887367248535156,45.83999812602997,23.00947380065918
generation,1802,56.99999928474426,19.405336380004883,45.78000009059906,23.21843147277832
generation,1803,52.99999713897705,24.501317977905273,45.799997448921204,23.59461784362793
generation,1804,52.99999713897705,19.99098777770996,45.78000009059906,23.464038848876953
generation,1805,55.50000071525574,17.452617645263672,45.799997448921204,23.034454345703125
generation,1806,50.999999046325684,19.86857032775879,45.659998059272766,23.19681167602539
generation,1807,51.499998569488525,21.276609420776367,45.969998836517334,22.982135772705078
generation,1808,52.49999761581421,23.531055450439453,45.649999380111694,23.855024337768555
generation,1809,48.499998450279236,26.229387283325195,45.12999951839447,23.510705947875977
generation,1810,53.999996185302734,21.056734085083008,45.84999978542328,23.22345542907715
generation,1811,50.0,25.659631729125977,45.87999880313873,23.665714263916016
generation,1812,55.50000071525574,21.26520538330078,45.87000012397766,23.30249786376953
generation,1813,51.99999809265137,25.609426498413086,45.899999141693115,23.38645362854004
generation,1814,51.499998569488525,23.89501953125,45.94999849796295,23.627918243408203
generation,1815,51.499998569488525,21.814804077148438,45.9199994802475,23.199495315551758
generation,1816,50.0,24.696741104125977,46.44999802112579,23.00566291809082
generation,1817,51.499998569488525,22.433176040649414,45.78999876976013,23.457735061645508
generation,1818,47.999998927116394,24.110214233398438,46.16999924182892,23.26853370666504
generation,1819,46.99999988079071,25.225601196289062,45.87999880313873,23.12679100036621
generation,1820,51.499998569488525,22.718534469604492,45.989999175071716,23.259740829467773
generation,1821,50.0,23.007326126098633,45.90999782085419,23.31388282775879
generation,1822,50.999999046325684,23.455360412597656,45.92999815940857,23.31525230407715
generation,1823,50.49999952316284,23.944629669189453,45.889997482299805,23.408109664916992
generation,1824,47.999998927116394,23.556562423706055,46.129998564720154,23.360095977783203
generation,1825,48.499998450279236,23.634443283081055,46.03999853134155,23.330020904541016
generation,1826,51.499998569488525,21.64602279663086,45.569998025894165,23.3115177154541
generation,1827,51.99999809265137,20.569238662719727,46.08999788761139,23.370540618896484
generation,1828,50.0,25.697538375854492,46.19999825954437,23.49920654296875
generation,1829,49.49999749660492,21.89612579345703,46.01999819278717,23.062978744506836
generation,1830,56.00000023841858,21.504941940307617,46.02999985218048,23.0899658203125
generation,1831,51.99999809265137,22.572851181030273,46.1899995803833,23.38475799560547
generation,1832,50.0,22.967374801635742,46.1899995803833,23.749038696289062
generation,1833,50.49999952316284,23.257102966308594,45.639997720718384,23.072589874267578
generation,1834,51.499998569488525,24.814228057861328,45.83999812602997,23.0788516998291
generation,1835,47.999998927116394,21.7543888092041,45.84999978542328,23.259052276611328
generation,1836,52.99999713897705,22.487384796142578,45.99999785423279,23.341890335083008
generation,1837,47.49999940395355,22.894363403320312,45.889997482299805,23.05406379699707
generation,1838,51.499998569488525,23.173301696777344,46.15999758243561,23.223709106445312
generation,1839,56.99999928474426,19.65593910217285,45.53999900817871,22.982250213623047
generation,1840,47.49999940395355,21.704853057861328,46.059998869895935,23.095487594604492
generation,1841,47.999998927116394,23.728158950805664,46.06999754905701,23.26164436340332
generation,1842,45.499998331069946,25.245637893676758,45.729997754096985,23.482702255249023
generation,1843,50.999999046325684,22.81482696533203,45.799997448921204,22.876832962036133
generation,1844,48.99999797344208,24.0386962890625,45.989999175071716,23.044218063354492
generation,1845,48.499998450279236,25.52166748046875,45.92999815940857,23.286672592163086
generation,1846,58.49999785423279,16.24921417236328,45.83999812602997,23.082155227661133
generation,1847,46.50000035762787,28.092695236206055,45.94999849796295,23.454965591430664
generation,1848,51.499998569488525,23.428205490112305,45.69000005722046,23.539474487304688
generation,1849,54.500001668930054,20.48746109008789,45.969998836517334,23.104427337646484
generation,1850,50.999999046325684,24.749122619628906,45.8299994468689,23.528440475463867
generation,1851,51.99999809265137,23.127479553222656,45.809999108314514,23.367563247680664
generation,1852,46.99999988079071,21.501056671142578,45.899999141693115,22.929855346679688
generation,1853,55.000001192092896,18.843238830566406,46.03999853134155,23.027339935302734
generation,1854,50.999999046325684,21.070642471313477,45.84999978542328,23.45819091796875
generation,1855,50.0,23.44359588623047,45.799997448921204,23.44695472717285
generation,1856,50.999999046325684,24.793413162231445,45.75999975204468,23.389074325561523
generation,1857,48.99999797344208,24.567615509033203,46.149998903274536,23.27539825439453
generation,1858,50.999999046325684,21.088233947753906,45.83999812602997,23.03221321105957
generation,1859,51.499998569488525,24.180570602416992,45.62999904155731,23.268238067626953
generation,1860,49.49999749660492,25.359088897705078,45.85999846458435,23.278324127197266
generation,1861,53.49999666213989,20.24009132385254,45.619997382164,23.350730895996094
generation,1862,56.99999928474426,18.174158096313477,45.78000009059906,23.526721954345703
generation,1863,48.99999797344208,21.06387710571289,45.729997754096985,23.008499145507812
generation,1864,50.999999046325684,22.1784725189209,45.889997482299805,23.432464599609375
generation,1865,51.499998569488525,19.322418212890625,46.149998903274536,22.86039924621582
generation,1866,48.499998450279236,22.369565963745117,45.93999981880188,23.281896591186523
generation,1867,56.49999976158142,20.190021514892578,45.67999839782715,23.37398338317871
generation,1868,51.99999809265137,25.686359405517578,45.75999975204468,23.402048110961914
generation,1869,48.99999797344208,22.314830780029297,45.87999880313873,23.0848445892334
generation,1870,53.49999666213989,22.487194061279297,45.35999894142151,23.69259262084961
generation,1871,47.49999940395355,23.156736373901367,45.69999873638153,23.05825424194336
generation,1872,50.0,22.48406219482422,45.739999413490295,23.013328552246094
generation,1873,51.99999809265137,21.045488357543945,45.8299994468689,23.099105834960938
generation,1874,46.99999988079071,23.167552947998047,46.01999819278717,23.07777214050293
generation,1875,52.99999713897705,23.467252731323242,45.92999815940857,23.2714900970459
generation,1876,52.99999713897705,22.871559143066406,46.10999822616577,23.170270919799805
generation,1877,53.999996185302734,19.811182022094727,46.05000019073486,23.20267105102539
