stage,generation,sample_accuracy_percent,sample_loss,test_accuracy_percent,test_loss
generation,0,15.000000596046448,64.68344116210938,,
generation,1,15.550000965595245,66.04546356201172,,
generation,2,15.600000321865082,64.65440368652344,,
generation,3,15.600000321865082,53.62192916870117,,
generation,4,15.75000137090683,73.2684097290039,,
generation,5,17.400000989437103,61.47593307495117,,
generation,6,15.900000929832458,60.19231414794922,,
generation,7,16.600000858306885,69.74034118652344,,
generation,8,16.500000655651093,56.90463638305664,,
generation,9,16.4000004529953,64.26561737060547,,
generation,10,16.55000150203705,64.67430877685547,,
generation,11,16.700001060962677,57.62677001953125,,
generation,12,16.00000113248825,78.56788635253906,,
generation,13,16.200000047683716,59.57720184326172,,
generation,14,16.55000150203705,74.57341003417969,,
generation,15,16.80000126361847,85.746337890625,,
generation,16,16.850000619888306,66.649658203125,,
generation,17,17.05000102519989,65.5268783569336,,
generation,18,16.00000113248825,65.83516693115234,,
generation,19,17.150001227855682,79.72251892089844,,
generation,20,17.30000078678131,80.6489028930664,,
generation,21,16.750000417232513,80.41325378417969,,
generation,22,17.250001430511475,58.39397430419922,,
generation,23,18.550001084804535,70.14775848388672,,
generation,24,18.250000476837158,69.49024200439453,,
generation,25,18.050001561641693,70.62061309814453,,
generation,26,18.35000067949295,69.85588073730469,,
generation,27,18.250000476837158,68.40310668945312,,
generation,28,17.250001430511475,80.22395324707031,,
generation,29,17.30000078678131,54.92235565185547,,
generation,30,18.650001287460327,85.6540756225586,,
generation,31,19.15000081062317,67.80631256103516,,
generation,32,17.85000115633011,78.4692611694336,,
generation,33,17.900000512599945,70.39826965332031,,
generation,34,19.25000101327896,52.624061584472656,,
generation,35,18.700000643730164,79.7596206665039,,
generation,36,18.650001287460327,54.94075393676758,,
generation,37,18.400001525878906,58.14653015136719,,
generation,38,18.250000476837158,82.2123794555664,,
generation,39,19.100001454353333,58.33802795410156,,
generation,40,19.00000125169754,67.44706726074219,,
generation,41,20.350000262260437,69.3083267211914,,
generation,42,19.15000081062317,72.16162872314453,,
generation,43,19.25000101327896,68.3973159790039,,
generation,44,18.400001525878906,80.4510269165039,,
generation,45,19.550001621246338,80.48114013671875,,
generation,46,19.00000125169754,72.60164642333984,,
generation,47,18.700000643730164,71.74488830566406,,
generation,48,19.00000125169754,69.46368408203125,,
generation,49,20.70000171661377,71.26016998291016,,
generation,50,19.15000081062317,75.20886993408203,,
generation,51,19.40000057220459,71.46224212646484,,
generation,52,19.600000977516174,74.24044799804688,,
generation,53,20.600001513957977,72.53987121582031,,
generation,54,19.300000369548798,73.98348236083984,,
generation,55,19.200000166893005,70.7449722290039,,
generation,56,20.800000429153442,70.53791809082031,,
generation,57,19.00000125169754,74.67089080810547,,
generation,58,18.900001049041748,76.18434143066406,,
generation,59,19.15000081062317,69.7039794921875,,
generation,60,18.35000067949295,70.3150634765625,,
generation,61,19.350001215934753,75.64102172851562,,
generation,62,19.90000158548355,75.24361419677734,,
generation,63,19.100001454353333,75.80720520019531,,
generation,64,20.250001549720764,83.07947540283203,,
generation,65,20.250001549720764,69.63823699951172,,
generation,66,21.10000103712082,92.83741760253906,,
generation,67,19.500000774860382,58.421478271484375,,
generation,68,20.45000046491623,77.99734497070312,,
generation,69,19.600000977516174,94.42523193359375,,
generation,70,19.700001180171967,77.85993957519531,,
generation,71,20.20000070333481,77.84237670898438,,
generation,72,20.20000070333481,89.3964614868164,,
generation,73,19.65000033378601,85.98274230957031,,
generation,74,20.900000631809235,75.38062286376953,,
generation,75,20.3000009059906,76.36548614501953,,
generation,76,20.100000500679016,62.973411560058594,,
generation,77,20.900000631809235,74.46610260009766,,
generation,78,21.950000524520874,90.99833679199219,,
generation,79,20.900000631809235,79.72834014892578,,
generation,80,20.600001513957977,75.54559326171875,,
generation,81,21.250000596046448,94.04661560058594,,
generation,82,19.80000138282776,95.65586853027344,,
generation,83,20.500001311302185,73.57135772705078,,
generation,84,22.100001573562622,74.86337280273438,,
generation,85,20.800000429153442,72.6314926147461,,
generation,86,21.450001001358032,91.57530975341797,,
generation,87,20.600001513957977,67.94975280761719,,
generation,88,21.650001406669617,90.58879852294922,,
generation,89,23.100000619888306,82.4965591430664,,
generation,90,21.650001406669617,69.74545288085938,,
generation,91,22.6500004529953,85.80977630615234,,
generation,92,23.650000989437103,82.50080871582031,,
generation,93,21.300001442432404,91.43203735351562,,
generation,94,24.050001800060272,81.86193084716797,,
generation,95,22.600001096725464,97.60297393798828,,
generation,96,23.15000146627426,71.33660888671875,,
generation,97,22.200001776218414,87.42279052734375,,
generation,98,23.500001430511475,75.63719940185547,,
generation,99,22.100001573562622,82.71829223632812,,
generation,100,23.200000822544098,85.48291778564453,,
generation,101,23.250001668930054,71.42157745361328,,
generation,102,23.45000058412552,77.65065002441406,,
generation,103,23.45000058412552,85.47044372558594,,
generation,104,22.90000170469284,80.57512664794922,,
generation,105,23.55000078678131,99.64673614501953,,
generation,106,22.100001573562622,76.88158416748047,,
generation,107,23.200000822544098,76.53396606445312,,
generation,108,23.000000417232513,75.58930206298828,,
generation,109,23.600001633167267,95.13932037353516,,
generation,110,24.2000013589859,99.7374496459961,,
generation,111,24.250000715255737,86.90709686279297,,
generation,112,25.150001049041748,90.88775634765625,,
generation,113,24.150000512599945,99.88350677490234,,
generation,114,25.40000081062317,82.91690826416016,,
generation,115,24.500000476837158,81.86986541748047,,
generation,116,24.000000953674316,68.66127014160156,,
generation,117,26.900002360343933,62.179893493652344,,
generation,118,26.15000009536743,95.05500793457031,,
generation,119,26.30000114440918,71.91917419433594,,
generation,120,25.40000081062317,63.88251876831055,,
generation,121,25.550001859664917,73.19540405273438,,
generation,122,25.40000081062317,76.17878723144531,,
generation,123,25.150001049041748,78.98654174804688,,
generation,124,27.150002121925354,78.05388641357422,,
generation,125,25.200000405311584,78.52998352050781,,
generation,126,26.05000138282776,91.68126678466797,,
generation,127,25.50000250339508,84.8116683959961,,
generation,128,25.350001454353333,77.28673553466797,,
generation,129,27.549999952316284,64.52590942382812,,
generation,130,26.30000114440918,83.96214294433594,,
generation,131,25.7500022649765,80.91471099853516,,
generation,132,26.750001311302185,92.07518768310547,,
generation,133,27.300000190734863,91.08231353759766,,
generation,134,26.399999856948853,81.97927856445312,,
generation,135,27.000001072883606,90.23524475097656,,
generation,136,27.650001645088196,66.58078002929688,,
generation,137,27.500000596046448,82.9443588256836,,
generation,138,27.650001645088196,71.3130874633789,,
generation,139,26.600000262260437,94.548583984375,,
generation,140,27.800002694129944,73.27781677246094,,
generation,141,28.24999988079071,71.60569763183594,,
generation,142,29.05000150203705,90.75354766845703,,
generation,143,28.200000524520874,66.3829574584961,,
generation,144,27.800002694129944,94.78538513183594,,
generation,145,29.15000021457672,82.6747055053711,,
generation,146,29.200002551078796,84.28955841064453,,
generation,147,29.200002551078796,84.04832458496094,,
generation,148,27.500000596046448,87.3382339477539,,
generation,149,27.75000035762787,90.85476684570312,,
generation,150,28.600001335144043,78.37743377685547,,
generation,151,30.100002884864807,78.3470687866211,,
generation,152,28.600001335144043,84.43153381347656,,
generation,153,28.800001740455627,80.72301483154297,,
generation,154,30.150002241134644,87.11727905273438,,
generation,155,29.05000150203705,87.51659393310547,,
generation,156,29.30000126361847,90.02063751220703,,
generation,157,29.6500027179718,80.8990478515625,,
generation,158,28.65000069141388,90.52273559570312,,
generation,159,31.35000169277191,84.19762420654297,,
generation,160,28.850001096725464,88.8804931640625,,
generation,161,31.75000250339508,83.92948150634766,,
generation,162,29.500001668930054,97.45976257324219,,
generation,163,29.55000102519989,89.50843811035156,,
generation,164,31.10000193119049,75.5965576171875,,
generation,165,29.500001668930054,93.27706909179688,,
generation,166,31.50000274181366,94.33955383300781,,
generation,167,30.650001764297485,95.14966583251953,,
generation,168,29.600000381469727,88.09843444824219,,
generation,169,29.15000021457672,75.18167114257812,,
generation,170,30.500000715255737,85.71450805664062,,
generation,171,30.150002241134644,97.0674057006836,,
generation,172,29.750001430511475,85.97569274902344,,
generation,173,31.35000169277191,82.4480972290039,,
generation,174,30.400002002716064,89.58336639404297,,
generation,175,30.4500013589859,76.78186798095703,,
generation,176,30.050000548362732,91.84403991699219,,
generation,177,30.100002884864807,83.13370513916016,,
generation,178,29.80000078678131,86.51900482177734,,
generation,179,30.900001525878906,90.95148468017578,,
generation,180,29.000002145767212,97.4547119140625,,
generation,181,31.25,82.51786041259766,,
generation,182,31.300002336502075,89.92967987060547,,
generation,183,31.550002098083496,79.9984130859375,,
generation,184,30.650001764297485,86.29389953613281,,
generation,185,32.90000259876251,84.49080657958984,,
generation,186,31.550002098083496,77.993408203125,,
generation,187,31.10000193119049,74.5774917602539,,
generation,188,31.300002336502075,96.5247802734375,,
generation,189,31.65000081062317,83.0169677734375,,
generation,190,31.50000274181366,74.86576843261719,,
generation,191,32.100000977516174,88.70137023925781,,
generation,192,31.50000274181366,88.15359497070312,,
generation,193,32.45000243186951,85.63985443115234,,
generation,194,31.600001454353333,89.2108154296875,,
generation,195,30.85000216960907,99.0551986694336,,
generation,196,33.000001311302185,81.58702087402344,,
generation,197,32.0000022649765,93.8975601196289,,
generation,198,33.50000083446503,92.57671356201172,,
generation,199,32.15000033378601,86.88343811035156,,
generation,200,32.70000219345093,87.62007141113281,,
generation,201,31.300002336502075,75.50015258789062,,
generation,202,32.70000219345093,90.38771057128906,,
generation,203,31.10000193119049,92.13170623779297,,
generation,204,31.65000081062317,86.47335052490234,,
generation,205,32.25000202655792,85.80754852294922,,
generation,206,32.600000500679016,87.65563201904297,,
generation,207,32.95000195503235,94.1745376586914,,
generation,208,32.600000500679016,75.835693359375,,
generation,209,31.550002098083496,82.9134521484375,,
generation,210,32.65000283718109,100.40072631835938,,
generation,211,32.65000283718109,96.23087310791016,,
generation,212,32.600000500679016,82.80440521240234,,
generation,213,32.70000219345093,98.62779998779297,,
generation,214,33.50000083446503,105.1990966796875,,
generation,215,33.80000293254852,94.26200866699219,,
generation,216,32.15000033378601,104.17951965332031,,
generation,217,31.950002908706665,88.88761138916016,,
generation,218,33.650001883506775,90.79776000976562,,
generation,219,32.55000114440918,93.94208526611328,,
generation,220,31.850001215934753,98.39507293701172,,
generation,221,33.20000171661377,93.11602783203125,,
generation,222,33.95000100135803,84.57271575927734,,
generation,223,33.05000066757202,91.84779357910156,,
generation,224,33.50000083446503,91.6931381225586,,
generation,225,34.450000524520874,86.2477798461914,,
generation,226,34.60000157356262,90.11619567871094,,
generation,227,32.50000178813934,82.8211441040039,,
generation,228,34.10000205039978,90.51648712158203,,
generation,229,32.65000283718109,90.753662109375,,
generation,230,33.20000171661377,89.1861343383789,,
generation,231,32.8000009059906,83.14496612548828,,
generation,232,32.750001549720764,91.27167510986328,,
generation,233,33.70000123977661,73.60684967041016,,
generation,234,33.650001883506775,88.76716613769531,,
generation,235,34.60000157356262,82.1578140258789,,
generation,236,32.50000178813934,91.41844177246094,,
generation,237,33.50000083446503,91.71263122558594,,
generation,238,34.550002217292786,89.41663360595703,,
generation,239,35.25000214576721,88.83734130859375,,
generation,240,34.60000157356262,97.33987426757812,,
generation,241,32.85000026226044,101.92486572265625,,
generation,242,35.50000190734863,82.51235961914062,,
generation,243,34.75000262260437,84.96498107910156,,
generation,244,33.650001883506775,78.5908432006836,,
generation,245,34.50000286102295,86.96378326416016,,
generation,246,33.30000042915344,95.2879867553711,,
generation,247,35.80000102519989,95.12654113769531,,
generation,248,35.200002789497375,76.72686767578125,,
generation,249,33.900001645088196,87.3082504272461,,
generation,250,33.20000171661377,93.83908081054688,,
generation,251,34.60000157356262,75.20852661132812,,
generation,252,34.550002217292786,75.52046203613281,,
generation,253,36.400002241134644,75.1973876953125,,
generation,254,35.100001096725464,88.38763427734375,,
generation,255,34.85000133514404,74.9180679321289,,
generation,256,33.400002121925354,75.54118347167969,,
generation,257,34.3500018119812,80.13677978515625,,
generation,258,36.15000247955322,79.21696472167969,,
generation,259,34.25000309944153,89.58474731445312,,
generation,260,35.00000238418579,95.931640625,,
generation,261,34.90000069141388,69.48094177246094,,
generation,262,34.700000286102295,83.28080749511719,,
generation,263,35.100001096725464,85.45734405517578,,
generation,264,34.450000524520874,82.35220336914062,,
generation,265,34.40000116825104,80.40525817871094,,
generation,266,34.60000157356262,90.56177520751953,,
generation,267,35.30000150203705,79.10417938232422,,
generation,268,35.200002789497375,100.19361114501953,,
generation,269,34.50000286102295,81.1677474975586,,
generation,270,34.80000197887421,89.55593872070312,,
generation,271,34.50000286102295,88.41516876220703,,
generation,272,35.9000027179718,91.4965591430664,,
generation,273,34.85000133514404,91.1622314453125,,
generation,274,35.350000858306885,85.02770233154297,,
generation,275,36.100003123283386,84.57971954345703,,
generation,276,35.350000858306885,87.64575958251953,,
generation,277,34.60000157356262,88.23422241210938,,
generation,278,33.50000083446503,85.73504638671875,,
generation,279,34.75000262260437,83.09160614013672,,
generation,280,35.55000126361847,96.38634490966797,,
generation,281,35.25000214576721,77.72400665283203,,
generation,282,36.100003123283386,78.03193664550781,,
generation,283,36.80000305175781,84.09314727783203,,
generation,284,35.200002789497375,85.99590301513672,,
generation,285,33.70000123977661,90.25623321533203,,
generation,286,35.95000207424164,75.9515609741211,,
generation,287,34.85000133514404,81.7526626586914,,
generation,288,35.50000190734863,80.44380950927734,,
generation,289,34.75000262260437,88.05265808105469,,
generation,290,36.250001192092896,78.67681884765625,,
generation,291,35.450002551078796,77.3818359375,,
generation,292,36.15000247955322,82.8597640991211,,
generation,293,35.750001668930054,88.11664581298828,,
generation,294,36.75000071525574,80.15640258789062,,
generation,295,35.95000207424164,94.43952178955078,,
generation,296,34.25000309944153,82.60257720947266,,
generation,297,37.35000193119049,93.90026092529297,,
generation,298,37.00000047683716,79.36540985107422,,
generation,299,36.100003123283386,75.77733612060547,,
generation,300,35.40000021457672,98.81172180175781,,
generation,301,36.55000030994415,81.87614440917969,,
generation,302,36.75000071525574,91.33320617675781,,
generation,303,35.100001096725464,86.72392272949219,,
generation,304,35.100001096725464,84.33426666259766,,
generation,305,36.500000953674316,79.02176666259766,,
generation,306,38.850000500679016,77.12223815917969,,
generation,307,35.95000207424164,87.59113311767578,,
generation,308,35.9000027179718,83.22694396972656,,
generation,309,35.30000150203705,88.47616577148438,,
generation,310,35.100001096725464,93.81512451171875,,
generation,311,35.9000027179718,80.52288055419922,,
generation,312,36.55000030994415,83.38462829589844,,
generation,313,36.100003123283386,89.25682067871094,,
generation,314,36.45000159740448,78.04505920410156,,
generation,315,34.950003027915955,91.8494644165039,,
generation,316,37.950003147125244,86.95243835449219,,
generation,317,37.300002574920654,88.2254409790039,,
generation,318,39.0500009059906,85.8530044555664,,
generation,319,36.75000071525574,89.8465347290039,,
generation,320,36.60000264644623,81.80740356445312,,
generation,321,36.250001192092896,84.47137451171875,,
generation,322,35.85000038146973,86.98092651367188,,
generation,323,35.200002789497375,86.1954574584961,,
generation,324,37.300002574920654,81.19708251953125,,
generation,325,35.450002551078796,88.7793960571289,,
generation,326,35.750001668930054,86.66930389404297,,
generation,327,36.650002002716064,84.5045166015625,,
generation,328,37.35000193119049,80.07852172851562,,
generation,329,34.950003027915955,90.08186340332031,,
generation,330,36.000001430511475,78.08558654785156,,
generation,331,36.05000078678131,81.24356842041016,,
generation,332,36.900001764297485,71.67610168457031,,
generation,333,36.80000305175781,78.34834289550781,,
generation,334,38.65000307559967,69.55542755126953,,
generation,335,37.550002336502075,82.24626159667969,,
generation,336,35.70000231266022,84.41984558105469,,
generation,337,38.200002908706665,79.74201965332031,,
generation,338,36.000001430511475,90.88833618164062,,
generation,339,36.30000054836273,79.66678619384766,,
generation,340,37.10000216960907,80.596923828125,,
generation,341,38.00000250339508,83.7879867553711,,
generation,342,36.80000305175781,88.16032409667969,,
generation,343,36.15000247955322,78.19100952148438,,
generation,344,37.05000281333923,81.90270233154297,,
generation,345,36.55000030994415,83.07167053222656,,
generation,346,38.2500022649765,85.3132095336914,,
generation,347,37.300002574920654,73.95989227294922,,
generation,348,37.35000193119049,80.85917663574219,,
generation,349,37.25000321865082,80.60855102539062,,
generation,350,36.650002002716064,74.08138275146484,,
generation,351,36.95000112056732,84.41888427734375,,
generation,352,37.950003147125244,86.95040130615234,,
generation,353,37.25000321865082,80.4597396850586,,
generation,354,39.000001549720764,77.97537231445312,,
generation,355,38.40000033378601,75.08892059326172,,
generation,356,36.35000288486481,84.7458267211914,,
generation,357,37.50000298023224,80.86448669433594,,
generation,358,35.65000295639038,86.31400299072266,,
generation,359,37.85000145435333,81.75276184082031,,
generation,360,37.90000081062317,81.94564819335938,,
generation,361,38.10000121593475,72.82430267333984,,
generation,362,37.75000274181366,78.30107879638672,,
generation,363,38.80000114440918,76.22042846679688,,
generation,364,37.85000145435333,77.59464263916016,,
generation,365,36.60000264644623,80.38978576660156,,
generation,366,37.550002336502075,84.56260681152344,,
generation,367,37.40000128746033,74.73811340332031,,
generation,368,38.65000307559967,72.31393432617188,,
generation,369,37.85000145435333,76.72200012207031,,
generation,370,37.90000081062317,73.81183624267578,,
generation,371,37.800002098083496,84.76317596435547,,
generation,372,35.750001668930054,76.71693420410156,,
generation,373,37.00000047683716,76.41842651367188,,
generation,374,37.950003147125244,73.06820678710938,,
generation,375,38.65000307559967,69.03858184814453,,
generation,376,37.60000169277191,81.50542449951172,,
generation,377,37.05000281333923,81.89545440673828,,
generation,378,38.30000162124634,71.83673095703125,,
generation,379,37.700000405311584,79.39669799804688,,
generation,380,37.20000088214874,86.7500228881836,,
generation,381,37.40000128746033,75.73896789550781,,
generation,382,36.650002002716064,77.62899017333984,,
generation,383,38.00000250339508,81.616943359375,,
generation,384,37.700000405311584,78.12032318115234,,
generation,385,38.55000138282776,72.43733215332031,,
generation,386,39.000001549720764,72.76907348632812,,
generation,387,37.450000643730164,77.73490905761719,,
generation,388,37.85000145435333,81.46610260009766,,
generation,389,38.70000243186951,85.10893249511719,,
generation,390,37.35000193119049,75.70774841308594,,
generation,391,36.900001764297485,78.96852111816406,,
generation,392,37.65000104904175,77.93537902832031,,
generation,393,38.850000500679016,74.00579833984375,,
generation,394,39.0500009059906,79.6188735961914,,
generation,395,39.20000195503235,76.86309814453125,,
generation,396,38.55000138282776,72.65717315673828,,
generation,397,37.35000193119049,75.48715209960938,,
generation,398,39.15000259876251,79.84705352783203,,
generation,399,39.70000147819519,76.51551055908203,,
generation,400,37.10000216960907,75.87696075439453,,
generation,401,39.55000042915344,73.60159301757812,,
generation,402,38.200002908706665,71.21910858154297,,
generation,403,38.15000057220459,75.45756530761719,,
generation,404,36.95000112056732,67.7989501953125,,
generation,405,40.10000228881836,67.28614807128906,,
generation,406,37.10000216960907,78.97026824951172,,
generation,407,37.60000169277191,74.69778442382812,,
generation,408,38.15000057220459,71.12310791015625,,
generation,409,37.950003147125244,72.32904815673828,,
generation,410,38.50000202655792,67.1991958618164,,
generation,411,37.35000193119049,73.02513122558594,,
generation,412,38.350000977516174,77.00190734863281,,
generation,413,40.00000059604645,66.53048706054688,,
generation,414,38.600000739097595,67.992919921875,,
generation,415,39.100003242492676,71.1159896850586,,
generation,416,39.8000031709671,70.8761978149414,,
generation,417,38.75000178813934,73.34770965576172,,
generation,418,38.10000121593475,67.74129486083984,,
generation,419,38.850000500679016,65.25601196289062,,
generation,420,40.75000286102295,67.07736206054688,,
generation,421,37.65000104904175,70.8658676147461,,
generation,422,39.45000171661377,73.64718627929688,,
generation,423,38.50000202655792,70.56672668457031,,
generation,424,39.45000171661377,67.29480743408203,,
generation,425,38.40000033378601,65.66419219970703,,
generation,426,38.600000739097595,75.13127899169922,,
generation,427,41.450002789497375,60.452545166015625,,
generation,428,38.70000243186951,67.7013168334961,,
generation,429,40.00000059604645,67.17375946044922,,
generation,430,38.600000739097595,66.52299499511719,,
generation,431,38.95000219345093,72.86473846435547,,
generation,432,39.60000276565552,68.41149139404297,,
generation,433,40.300002694129944,63.773521423339844,,
generation,434,41.600000858306885,64.50304412841797,,
generation,435,38.80000114440918,67.65067291259766,,
generation,436,39.8000031709671,72.121337890625,,
generation,437,38.00000250339508,68.09220886230469,,
generation,438,39.8000031709671,69.13070678710938,,
generation,439,39.40000236034393,68.19185638427734,,
generation,440,39.500001072883606,70.25591278076172,,
generation,441,41.15000069141388,68.650390625,,
generation,442,39.15000259876251,70.39125061035156,,
generation,443,39.85000252723694,65.87260437011719,,
generation,444,39.15000259876251,67.43537902832031,,
generation,445,39.55000042915344,63.770267486572266,,
generation,446,40.550002455711365,59.916297912597656,,
generation,447,39.650002121925354,61.30049514770508,,
generation,448,39.45000171661377,68.36627960205078,,
generation,449,41.40000343322754,60.44789123535156,,
generation,450,39.0500009059906,57.02793884277344,,
generation,451,40.10000228881836,66.03607940673828,,
generation,452,41.00000262260437,58.62276840209961,,
generation,453,40.10000228881836,66.58351135253906,,
generation,454,40.20000100135803,58.01905059814453,,
generation,455,39.75000083446503,64.86495208740234,,
generation,456,41.700002551078796,60.433326721191406,,
generation,457,39.85000252723694,67.42539978027344,,
generation,458,42.85000264644623,59.584835052490234,,
generation,459,41.350001096725464,62.95500564575195,,
generation,460,39.900001883506775,61.51414489746094,,
generation,461,42.750000953674316,61.78401184082031,,
generation,462,40.75000286102295,60.88079071044922,,
generation,463,42.45000183582306,64.07575225830078,,
generation,464,40.25000333786011,64.03822326660156,,
generation,465,41.90000295639038,58.744049072265625,,
generation,466,42.750000953674316,58.93412399291992,,
generation,467,41.600000858306885,63.0042610168457,,
generation,468,42.750000953674316,59.6917724609375,,
generation,469,41.40000343322754,60.956626892089844,,
generation,470,41.850000619888306,64.56839752197266,,
generation,471,42.60000288486481,56.382850646972656,,
generation,472,40.40000140666962,65.4874496459961,,
generation,473,41.30000174045563,63.57132339477539,,
generation,474,41.200003027915955,60.69536590576172,,
generation,475,43.20000112056732,65.1745376586914,,
generation,476,41.05000197887421,58.47467041015625,,
generation,477,43.85000169277191,60.58441162109375,,
generation,478,42.30000078678131,58.643043518066406,,
generation,479,44.65000331401825,56.4448127746582,,
generation,480,44.00000274181366,56.93867111206055,,
generation,481,42.45000183582306,60.23464584350586,,
generation,482,41.50000214576721,59.3140869140625,,
generation,483,41.55000150203705,62.9969482421875,,
generation,484,43.800002336502075,57.89508056640625,,
generation,485,44.25000250339508,57.93037033081055,,
generation,486,43.85000169277191,62.65999984741211,,
generation,487,43.10000240802765,62.018253326416016,,
generation,488,41.700002551078796,63.474246978759766,,
generation,489,42.000001668930054,55.87074661254883,,
generation,490,41.80000126361847,64.23963928222656,,
generation,491,41.40000343322754,60.320098876953125,,
generation,492,42.650002241134644,58.9459228515625,,
generation,493,41.80000126361847,61.36760711669922,,
generation,494,42.30000078678131,60.005882263183594,,
generation,495,42.1500027179718,61.83116149902344,,
generation,496,41.50000214576721,57.799766540527344,,
generation,497,42.100003361701965,64.36333465576172,,
generation,498,41.90000295639038,53.93968200683594,,
generation,499,42.85000264644623,60.30571746826172,,
generation,500,42.100003361701965,58.25833511352539,,
generation,501,41.30000174045563,59.741355895996094,,
generation,502,43.150001764297485,56.37079620361328,,
generation,503,43.800002336502075,62.751094818115234,,
generation,504,43.00000071525574,57.32854080200195,,
generation,505,42.750000953674316,59.91917037963867,,
generation,506,43.05000305175781,60.766788482666016,,
generation,507,41.30000174045563,58.70101547241211,,
generation,508,41.200003027915955,60.23813247680664,,
generation,509,42.750000953674316,57.36430740356445,,
generation,510,42.45000183582306,66.26385498046875,,
generation,511,43.00000071525574,60.564842224121094,,
generation,512,41.75000190734863,63.53715133666992,,
generation,513,45.350003242492676,56.23318099975586,,
generation,514,43.05000305175781,58.6859130859375,,
generation,515,43.50000321865082,55.57264709472656,,
generation,516,43.10000240802765,61.67567825317383,,
generation,517,42.45000183582306,63.262657165527344,,
generation,518,42.80000329017639,61.45274353027344,,
generation,519,43.90000104904175,65.8579330444336,,
generation,520,43.65000128746033,61.89395523071289,,
generation,521,42.20000207424164,61.69562530517578,,
generation,522,43.20000112056732,61.4818000793457,,
generation,523,40.40000140666962,58.688209533691406,,
generation,524,41.700002551078796,59.82538986206055,,
generation,525,42.750000953674316,57.47928237915039,,
generation,526,44.15000081062317,59.405208587646484,,
generation,527,42.60000288486481,60.206443786621094,,
generation,528,43.550002574920654,54.2275505065918,,
generation,529,43.85000169277191,59.60764694213867,,
generation,530,42.500001192092896,59.07517623901367,,
generation,531,41.50000214576721,57.84165954589844,,
generation,532,41.600000858306885,62.5019416809082,,
generation,533,44.10000145435333,56.80929946899414,,
generation,534,42.45000183582306,60.96485137939453,,
generation,535,42.60000288486481,56.089359283447266,,
generation,536,41.25000238418579,57.693782806396484,,
generation,537,42.70000159740448,54.64849853515625,,
generation,538,42.05000102519989,57.14016342163086,,
generation,539,43.550002574920654,56.69429016113281,,
generation,540,42.60000288486481,57.88568115234375,,
generation,541,42.750000953674316,56.28709411621094,,
generation,542,43.75000298023224,50.69629669189453,,
generation,543,42.750000953674316,57.732948303222656,,
generation,544,43.35000216960907,57.0748405456543,,
generation,545,41.90000295639038,60.05354309082031,,
generation,546,44.200003147125244,56.896034240722656,,
generation,547,43.95000338554382,59.96662521362305,,
generation,548,44.00000274181366,54.76584243774414,,
generation,549,43.700000643730164,55.898128509521484,,
generation,550,43.20000112056732,55.19896697998047,,
generation,551,45.6000030040741,56.72987365722656,,
generation,552,43.550002574920654,58.87097930908203,,
generation,553,42.9500013589859,59.47802734375,,
generation,554,44.95000243186951,50.37150955200195,,
generation,555,44.600000977516174,58.3361930847168,,
generation,556,43.400001525878906,55.93319320678711,,
generation,557,43.90000104904175,58.37583541870117,,
generation,558,42.20000207424164,57.92392349243164,,
generation,559,42.100003361701965,52.66599655151367,,
generation,560,42.40000247955322,55.86145782470703,,
generation,561,44.35000121593475,52.94632339477539,,
generation,562,43.65000128746033,54.42942428588867,,
generation,563,42.70000159740448,55.771484375,,
generation,564,44.30000185966492,54.94590377807617,,
generation,565,44.30000185966492,53.83985137939453,,
generation,566,43.10000240802765,54.205665588378906,,
generation,567,44.050002098083496,54.76862716674805,,
generation,568,44.30000185966492,54.66026306152344,,
generation,569,43.10000240802765,53.78981399536133,,
generation,570,43.75000298023224,60.95762252807617,,
generation,571,44.200003147125244,55.527374267578125,,
generation,572,46.00000083446503,54.52656173706055,,
generation,573,42.900002002716064,59.6645622253418,,
generation,574,44.200003147125244,49.88861083984375,,
generation,575,44.35000121593475,58.25461959838867,,
generation,576,44.00000274181366,52.19424057006836,,
generation,577,44.15000081062317,53.49637985229492,,
generation,578,42.70000159740448,53.88310241699219,,
generation,579,43.150001764297485,54.03911590576172,,
generation,580,43.65000128746033,50.69961929321289,,
generation,581,43.75000298023224,60.06819152832031,,
generation,582,41.850000619888306,58.51300811767578,,
generation,583,43.90000104904175,50.8560676574707,,
generation,584,44.40000355243683,53.416473388671875,,
generation,585,45.05000114440918,53.09202194213867,,
generation,586,43.20000112056732,54.30635452270508,,
generation,587,44.450002908706665,53.899593353271484,,
generation,588,43.30000281333923,55.64082336425781,,
generation,589,44.90000307559967,51.219329833984375,,
generation,590,42.9500013589859,56.237396240234375,,
generation,591,45.100003480911255,55.00218963623047,,
generation,592,44.65000331401825,51.11746597290039,,
generation,593,44.050002098083496,59.055015563964844,,
generation,594,44.75000202655792,52.57868957519531,,
generation,595,43.2500034570694,57.15798568725586,,
generation,596,43.20000112056732,53.75398254394531,,
generation,597,44.10000145435333,54.617549896240234,,
generation,598,43.50000321865082,51.219852447509766,,
generation,599,42.80000329017639,59.041954040527344,,
generation,600,45.00000178813934,53.448726654052734,,
generation,601,43.800002336502075,53.40989303588867,,
generation,602,42.45000183582306,56.29558563232422,,
generation,603,43.95000338554382,59.2080078125,,
generation,604,43.65000128746033,55.29132080078125,,
generation,605,43.45000088214874,53.699825286865234,,
generation,606,43.85000169277191,48.45131301879883,,
generation,607,44.95000243186951,55.19371795654297,,
generation,608,45.45000195503235,50.116329193115234,,
generation,609,43.550002574920654,51.88313293457031,,
generation,610,43.150001764297485,50.924407958984375,,
generation,611,43.95000338554382,52.000465393066406,,
generation,612,41.15000069141388,55.72991180419922,,
generation,613,44.200003147125244,51.3101692199707,,
generation,614,41.600000858306885,56.02650833129883,,
generation,615,42.750000953674316,57.93306350708008,,
generation,616,43.30000281333923,54.81039047241211,,
generation,617,44.40000355243683,48.07328796386719,,
generation,618,43.50000321865082,52.19488525390625,,
generation,619,46.550002694129944,46.99597930908203,,
generation,620,43.550002574920654,52.905052185058594,,
generation,621,44.450002908706665,46.854835510253906,,
generation,622,44.25000250339508,47.6743278503418,,
generation,623,42.70000159740448,49.81267547607422,,
generation,624,43.10000240802765,53.450279235839844,,
generation,625,43.95000338554382,48.98384094238281,,
generation,626,44.80000138282776,50.680416107177734,,
generation,627,42.900002002716064,55.245059967041016,,
generation,628,45.500001311302185,53.14393997192383,,
generation,629,43.95000338554382,48.23442840576172,,
generation,630,44.600000977516174,50.46053695678711,,
generation,631,43.30000281333923,48.83539581298828,,
generation,632,43.65000128746033,50.46769714355469,,
generation,633,43.00000071525574,51.95892333984375,,
generation,634,43.60000193119049,47.1585693359375,,
generation,635,46.95000350475311,49.73860168457031,,
generation,636,43.90000104904175,51.65001678466797,,
generation,637,43.2500034570694,50.42253494262695,,
generation,638,43.05000305175781,52.53188705444336,,
generation,639,44.90000307559967,47.528038024902344,,
generation,640,44.90000307559967,50.44826126098633,,
generation,641,43.45000088214874,50.14067077636719,,
generation,642,44.15000081062317,50.74348449707031,,
generation,643,46.50000333786011,47.93373489379883,,
generation,644,45.3000009059906,48.481483459472656,,
generation,645,46.400001645088196,46.661590576171875,,
generation,646,45.70000171661377,45.73457717895508,,
generation,647,43.550002574920654,49.073463439941406,,
generation,648,43.700000643730164,49.040000915527344,,
generation,649,44.80000138282776,49.81371307373047,,
generation,650,45.15000283718109,47.60749435424805,,
generation,651,45.70000171661377,46.19880294799805,,
generation,652,45.70000171661377,50.26177215576172,,
generation,653,43.45000088214874,55.730953216552734,,
generation,654,46.70000076293945,44.00041580200195,,
generation,655,43.550002574920654,48.262428283691406,,
generation,656,46.30000293254852,50.186100006103516,,
generation,657,45.00000178813934,50.12083435058594,,
generation,658,45.65000236034393,43.528160095214844,,
generation,659,45.20000219345093,47.88502502441406,,
generation,660,44.95000243186951,44.43475341796875,,
generation,661,43.65000128746033,48.681068420410156,,
generation,662,45.20000219345093,42.082542419433594,,
generation,663,45.250001549720764,49.27278137207031,,
generation,664,46.60000205039978,42.904014587402344,,
generation,665,44.450002908706665,45.273170471191406,,
generation,666,44.30000185966492,46.26573944091797,,
generation,667,45.05000114440918,44.23652267456055,,
generation,668,44.600000977516174,45.56447982788086,,
generation,669,43.95000338554382,45.36627197265625,,
generation,670,44.75000202655792,45.183204650878906,,
generation,671,45.750001072883606,43.60464096069336,,
generation,672,45.500001311302185,44.22563552856445,,
generation,673,45.65000236034393,45.49188995361328,,
generation,674,45.6000030040741,39.997989654541016,,
generation,675,45.350003242492676,42.845848083496094,,
generation,676,44.65000331401825,40.6539421081543,,
generation,677,44.450002908706665,42.91948699951172,,
generation,678,44.700002670288086,44.582550048828125,,
generation,679,47.25000262260437,40.61262512207031,,
generation,680,46.0500031709671,40.182003021240234,,
generation,681,45.250001549720764,39.21192932128906,,
generation,682,45.20000219345093,40.05839920043945,,
generation,683,45.85000276565552,40.25504684448242,,
generation,684,43.150001764297485,43.05840301513672,,
generation,685,45.750001072883606,38.69915771484375,,
generation,686,45.100003480911255,38.94419479370117,,
generation,687,46.45000100135803,38.262271881103516,,
generation,688,46.35000228881836,40.67757797241211,,
generation,689,45.250001549720764,42.3751106262207,,
generation,690,44.75000202655792,38.624393463134766,,
generation,691,44.40000355243683,39.853004455566406,,
generation,692,47.40000367164612,40.95450210571289,,
generation,693,47.15000092983246,37.66436004638672,,
generation,694,46.45000100135803,38.66597366333008,,
generation,695,46.90000116825104,37.32075881958008,,
generation,696,46.45000100135803,39.99795150756836,,
generation,697,46.50000333786011,40.347007751464844,,
generation,698,46.20000123977661,38.89114761352539,,
generation,699,46.45000100135803,40.63748550415039,,
generation,700,46.00000083446503,41.8257942199707,,
generation,701,45.85000276565552,37.30051803588867,,
generation,702,46.30000293254852,37.89454650878906,,
generation,703,46.45000100135803,37.899810791015625,,
generation,704,46.10000252723694,39.66960906982422,,
generation,705,47.850000858306885,37.617774963378906,,
generation,706,46.70000076293945,39.1239128112793,,
generation,707,47.40000367164612,39.21842575073242,,
generation,708,48.30000102519989,35.36057662963867,,
generation,709,47.450003027915955,39.58161163330078,,
generation,710,47.55000174045563,37.55879211425781,,
generation,711,47.65000343322754,37.84810256958008,,
generation,712,46.550002694129944,37.4763298034668,,
generation,713,48.30000102519989,37.4674072265625,,
generation,714,47.35000133514404,38.21800994873047,,
generation,715,46.45000100135803,36.84370422363281,,
generation,716,45.80000340938568,42.02175521850586,,
generation,717,47.90000319480896,36.31721115112305,,
generation,718,47.40000367164612,40.49296569824219,,
generation,719,47.55000174045563,43.622806549072266,,
generation,720,48.15000295639038,39.083919525146484,,
generation,721,47.55000174045563,39.694820404052734,,
generation,722,45.65000236034393,44.37407684326172,,
generation,723,48.00000190734863,38.475868225097656,,
generation,724,46.25000357627869,38.47618103027344,,
generation,725,46.150001883506775,39.202674865722656,,
generation,726,46.95000350475311,42.6734504699707,,
generation,727,48.00000190734863,38.12221908569336,,
generation,728,46.65000140666962,40.52082443237305,,
generation,729,48.20000231266022,37.153926849365234,,
generation,730,47.200003266334534,40.65876388549805,,
generation,731,47.30000197887421,38.750701904296875,,
generation,732,47.80000150203705,40.63792419433594,,
generation,733,47.700002789497375,39.96013259887695,,
generation,734,47.55000174045563,38.10338592529297,,
generation,735,45.80000340938568,43.13948059082031,,
generation,736,47.80000150203705,38.46885681152344,,
generation,737,45.6000030040741,40.965248107910156,,
generation,738,48.250001668930054,37.210060119628906,,
generation,739,47.700002789497375,42.58599853515625,,
generation,740,48.4000027179718,38.250675201416016,,
generation,741,46.45000100135803,42.745384216308594,,
generation,742,47.25000262260437,41.258880615234375,,
generation,743,47.950002551078796,39.90753936767578,,
generation,744,48.05000126361847,39.5036506652832,,
generation,745,47.75000214576721,43.118438720703125,,
generation,746,47.050002217292786,42.1635627746582,,
generation,747,48.00000190734863,36.863731384277344,,
generation,748,48.750001192092896,38.43925857543945,,
generation,749,48.600003123283386,37.81099319458008,,
generation,750,47.55000174045563,42.058536529541016,,
generation,751,48.100003600120544,39.38079833984375,,
generation,752,48.30000102519989,40.71328353881836,,
generation,753,48.900002241134644,41.34012985229492,,
generation,754,47.30000197887421,37.15773010253906,,
generation,755,48.30000102519989,40.124717712402344,,
generation,756,48.100003600120544,37.55913162231445,,
generation,757,46.800002455711365,40.51991653442383,,
generation,758,49.05000329017639,39.07516860961914,,
generation,759,46.45000100135803,40.35128402709961,,
generation,760,46.10000252723694,39.502235412597656,,
generation,761,48.20000231266022,37.01810836791992,,
generation,762,48.05000126361847,36.32516860961914,,
generation,763,47.35000133514404,36.04059982299805,,
generation,764,50.050002336502075,39.09020233154297,,
generation,765,46.90000116825104,38.728641510009766,,
generation,766,48.600003123283386,38.247215270996094,,
generation,767,47.80000150203705,36.10021209716797,,
generation,768,48.20000231266022,38.97428894042969,,
generation,769,47.25000262260437,37.424888610839844,,
generation,770,49.2000013589859,35.576759338378906,,
generation,771,49.800002574920654,37.48452377319336,,
generation,772,49.5000034570694,35.82082748413086,,
generation,773,48.750001192092896,38.28583526611328,,
generation,774,46.95000350475311,38.21722412109375,,
generation,775,46.150001883506775,40.23341751098633,,
generation,776,48.05000126361847,40.04238510131836,,
generation,777,48.85000288486481,37.638423919677734,,
generation,778,48.900002241134644,35.380367279052734,,
generation,779,50.60000419616699,33.288169860839844,,
generation,780,48.900002241134644,35.59142303466797,,
generation,781,49.60000216960907,34.89943313598633,,
generation,782,48.4000027179718,38.398033142089844,,
generation,783,47.700002789497375,39.174495697021484,,
generation,784,47.450003027915955,39.09086227416992,,
generation,785,48.4000027179718,38.015663146972656,,
generation,786,48.95000159740448,36.189598083496094,,
generation,787,47.850000858306885,36.19152069091797,,
generation,788,47.600001096725464,37.48582077026367,,
generation,789,48.55000376701355,37.19322204589844,,
generation,790,47.15000092983246,40.19752502441406,,
generation,791,48.350003361701965,37.13923645019531,,
generation,792,48.55000376701355,37.850196838378906,,
generation,793,47.75000214576721,37.586875915527344,,
generation,794,47.40000367164612,37.561275482177734,,
generation,795,46.50000333786011,38.386863708496094,,
generation,796,48.00000190734863,37.20538330078125,,
generation,797,49.10000264644623,37.321990966796875,,
generation,798,48.30000102519989,37.9551887512207,,
generation,799,47.050002217292786,39.24327087402344,,
generation,800,47.600001096725464,42.32065200805664,,
generation,801,47.950002551078796,36.659305572509766,,
generation,802,48.15000295639038,36.42672348022461,,
generation,803,49.800002574920654,39.94358825683594,,
generation,804,48.95000159740448,37.97846603393555,,
generation,805,50.050002336502075,35.412994384765625,,
generation,806,49.05000329017639,38.006473541259766,,
generation,807,47.200003266334534,37.80630874633789,,
generation,808,49.70000088214874,35.29619598388672,,
generation,809,46.8500018119812,38.085350036621094,,
generation,810,50.050002336502075,33.34624099731445,,
generation,811,49.9500036239624,36.21623229980469,,
generation,812,48.900002241134644,36.2989616394043,,
generation,813,48.750001192092896,38.27517318725586,,
generation,814,49.150002002716064,36.651275634765625,,
generation,815,48.4000027179718,38.45210266113281,,
generation,816,48.15000295639038,38.0328483581543,,
generation,817,48.00000190734863,40.80057144165039,,
generation,818,49.05000329017639,38.988914489746094,,
generation,819,49.60000216960907,33.999568939208984,,
generation,820,47.75000214576721,37.91084289550781,,
generation,821,49.400001764297485,37.60227966308594,,
generation,822,47.700002789497375,39.26475143432617,,
generation,823,48.65000247955322,34.47472381591797,,
generation,824,50.20000338554382,35.808109283447266,,
generation,825,49.250003695487976,35.6107177734375,,
generation,826,49.400001764297485,35.42205810546875,,
generation,827,50.20000338554382,35.46518325805664,,
generation,828,50.15000104904175,37.26289367675781,,
generation,829,48.20000231266022,40.018978118896484,,
generation,830,48.750001192092896,36.9077033996582,,
generation,831,50.24999976158142,34.29933166503906,,
generation,832,50.90000033378601,35.79560470581055,,
generation,833,48.80000352859497,35.508697509765625,,
generation,834,50.55000185966492,33.53499221801758,,
generation,835,49.2000013589859,38.63822937011719,,
generation,836,49.70000088214874,34.69023895263672,,
generation,837,50.050002336502075,35.03909683227539,,
generation,838,50.20000338554382,35.32577896118164,,
generation,839,49.35000240802765,36.00217056274414,,
generation,840,50.15000104904175,34.957244873046875,,
generation,841,51.100003719329834,34.69818115234375,,
generation,842,49.150002002716064,34.067867279052734,,
generation,843,49.05000329017639,37.0866584777832,,
generation,844,47.600001096725464,38.8978157043457,,
generation,845,50.700002908706665,35.84647750854492,,
generation,846,48.750001192092896,36.53223419189453,,
generation,847,48.70000183582306,33.855865478515625,,
generation,848,49.800002574920654,33.53334045410156,,
generation,849,51.45000219345093,34.676185607910156,,
generation,850,49.05000329017639,34.86680603027344,,
generation,851,50.050002336502075,31.023448944091797,,
generation,852,48.4000027179718,33.624900817871094,,
generation,853,49.800002574920654,35.8909912109375,,
generation,854,49.30000305175781,38.1832160949707,,
generation,855,50.24999976158142,34.31036376953125,,
generation,856,50.050002336502075,34.38378143310547,,
generation,857,49.75000321865082,35.08505630493164,,
generation,858,50.55000185966492,36.22608184814453,,
generation,859,49.60000216960907,36.7602424621582,,
generation,860,49.70000088214874,35.1920280456543,,
generation,861,50.75000524520874,35.71337890625,,
generation,862,49.30000305175781,37.284706115722656,,
generation,863,48.85000288486481,37.20810317993164,,
generation,864,49.9500036239624,35.55166244506836,,
generation,865,50.35000443458557,36.2818603515625,,
generation,866,49.5000034570694,36.26191711425781,,
generation,867,48.45000207424164,35.47386932373047,,
generation,868,51.15000009536743,33.8245964050293,,
generation,869,48.750001192092896,35.141448974609375,,
generation,870,50.10000467300415,34.3995361328125,,
generation,871,49.70000088214874,33.57707977294922,,
generation,872,49.150002002716064,37.19501495361328,,
generation,873,49.000000953674316,35.118736267089844,,
generation,874,50.85000395774841,33.459373474121094,,
generation,875,49.85000193119049,35.29806900024414,,
generation,876,51.30000114440918,35.99665832519531,,
generation,877,50.20000338554382,35.64646530151367,,
generation,878,49.30000305175781,36.97653579711914,,
generation,879,51.350003480911255,34.54658126831055,,
generation,880,51.25000476837158,35.012420654296875,,
generation,881,48.100003600120544,37.01979064941406,,
generation,882,50.10000467300415,33.61610412597656,,
generation,883,50.80000162124634,36.60146713256836,,
generation,884,49.250003695487976,35.304447174072266,,
generation,885,49.400001764297485,33.27334213256836,,
generation,886,52.60000228881836,34.088191986083984,,
generation,887,51.15000009536743,31.822294235229492,,
generation,888,49.800002574920654,33.30723571777344,,
generation,889,49.60000216960907,35.569908142089844,,
generation,890,50.55000185966492,36.849449157714844,,
generation,891,49.30000305175781,34.78080749511719,,
generation,892,48.80000352859497,38.42806625366211,,
generation,893,50.700002908706665,36.39206314086914,,
generation,894,49.05000329017639,34.056610107421875,,
generation,895,52.15000510215759,34.036842346191406,,
generation,896,50.15000104904175,36.20183563232422,,
generation,897,49.250003695487976,36.07437515258789,,
generation,898,50.75000524520874,36.036190032958984,,
generation,899,50.950002670288086,37.078453063964844,,
generation,900,51.39999985694885,32.72085189819336,,
generation,901,50.40000081062317,34.253684997558594,,
generation,902,51.39999985694885,32.517826080322266,,
generation,903,50.40000081062317,33.85105514526367,,
generation,904,50.85000395774841,33.08188247680664,,
generation,905,49.800002574920654,34.220985412597656,,
generation,906,50.700002908706665,35.61847686767578,,
generation,907,50.15000104904175,34.01728820800781,,
generation,908,50.15000104904175,35.007511138916016,,
generation,909,50.60000419616699,33.57792282104492,,
generation,910,52.400004863739014,32.74544906616211,,
generation,911,49.70000088214874,35.96318817138672,,
generation,912,51.00000500679016,35.09540939331055,,
generation,913,50.700002908706665,35.16229248046875,,
generation,914,53.35000157356262,33.20215606689453,,
generation,915,49.800002574920654,37.97737503051758,,
generation,916,52.10000276565552,34.524497985839844,,
generation,917,50.15000104904175,35.33184051513672,,
generation,918,50.85000395774841,36.52088165283203,,
generation,919,51.00000500679016,36.763519287109375,,
generation,920,51.15000009536743,35.50748062133789,,
generation,921,51.25000476837158,34.276485443115234,,
generation,922,50.24999976158142,34.50037384033203,,
generation,923,49.400001764297485,36.0859375,,
generation,924,51.45000219345093,35.28549575805664,,
generation,925,51.15000009536743,36.5172004699707,,
generation,926,52.05000042915344,32.447021484375,,
generation,927,50.300002098083496,38.04780960083008,,
generation,928,49.55000281333923,38.605735778808594,,
generation,929,50.24999976158142,34.66432571411133,,
generation,930,49.35000240802765,37.834529876708984,,
generation,931,50.450003147125244,34.42545700073242,,
generation,932,51.45000219345093,33.2611198425293,,
generation,933,51.90000534057617,30.336578369140625,,
generation,934,51.95000171661377,32.509735107421875,,
generation,935,49.85000193119049,35.72154235839844,,
generation,936,50.35000443458557,33.31143569946289,,
generation,937,51.8500030040741,34.076072692871094,,
generation,938,50.85000395774841,35.254295349121094,,
generation,939,50.450003147125244,31.931926727294922,,
generation,940,47.90000319480896,35.97305679321289,,
generation,941,50.10000467300415,35.76845932006836,,
generation,942,51.100003719329834,33.93932342529297,,
generation,943,50.20000338554382,33.10549545288086,,
generation,944,51.25000476837158,33.34867477416992,,
generation,945,51.5500009059906,31.336088180541992,,
generation,946,51.20000243186951,33.80106735229492,,
generation,947,50.55000185966492,32.57254409790039,,
generation,948,53.4000039100647,31.698320388793945,,
generation,949,49.650001525878906,33.2390251159668,,
generation,950,51.500004529953,33.83592224121094,,
generation,951,49.9500036239624,35.53923416137695,,
generation,952,50.050002336502075,36.55717468261719,,
generation,953,51.15000009536743,34.00996398925781,,
generation,954,51.8500030040741,32.412254333496094,,
generation,955,50.700002908706665,32.261783599853516,,
generation,956,51.95000171661377,33.51329803466797,,
generation,957,50.65000057220459,35.44367218017578,,
generation,958,50.700002908706665,31.97420883178711,,
generation,959,50.700002908706665,31.951812744140625,,
generation,960,52.30000019073486,32.01917266845703,,
generation,961,51.350003480911255,31.485971450805664,,
generation,962,50.35000443458557,35.12085723876953,,
generation,963,51.600003242492676,33.52814865112305,,
generation,964,52.000004053115845,31.799983978271484,,
generation,965,51.750004291534424,34.35393142700195,,
generation,966,51.80000066757202,33.978858947753906,,
generation,967,51.20000243186951,34.042213439941406,,
generation,968,52.15000510215759,32.843379974365234,,
generation,969,53.200000524520874,30.137126922607422,,
generation,970,50.950002670288086,35.426414489746094,,
generation,971,50.55000185966492,35.67350387573242,,
generation,972,52.400004863739014,33.7924919128418,,
generation,973,49.35000240802765,35.03146743774414,,
generation,974,53.700000047683716,31.225738525390625,,
generation,975,49.75000321865082,35.739768981933594,,
generation,976,51.80000066757202,30.4620304107666,,
generation,977,49.90000128746033,34.73830795288086,,
generation,978,52.50000357627869,31.434520721435547,,
generation,979,51.90000534057617,32.28855895996094,,
generation,980,51.20000243186951,34.1195068359375,,
generation,981,53.1000018119812,32.36198806762695,,
generation,982,50.80000162124634,35.54621505737305,,
generation,983,51.25000476837158,36.17213439941406,,
generation,984,51.70000195503235,34.93370819091797,,
generation,985,51.39999985694885,33.291263580322266,,
generation,986,50.20000338554382,34.356727600097656,,
generation,987,51.20000243186951,33.85789108276367,,
generation,988,51.30000114440918,34.215858459472656,,
generation,989,50.050002336502075,35.895877838134766,,
generation,990,52.799999713897705,31.469707489013672,,
generation,991,51.600003242492676,35.387672424316406,,
generation,992,51.15000009536743,34.103450775146484,,
generation,993,53.150004148483276,30.948955535888672,,
generation,994,50.24999976158142,32.141815185546875,,
generation,995,53.94999980926514,32.267539978027344,,
generation,996,50.75000524520874,33.72077560424805,,
generation,997,52.20000147819519,31.80731773376465,,
generation,998,52.400004863739014,33.29909133911133,,
generation,999,52.549999952316284,35.20947265625,,
generation,1000,52.250003814697266,34.24329376220703,,
generation,1001,50.450003147125244,33.45292663574219,,
generation,1002,49.45000112056732,33.81769943237305,,
generation,1003,50.300002098083496,33.63044357299805,,
generation,1004,49.05000329017639,34.577781677246094,,
generation,1005,50.65000057220459,33.998046875,,
generation,1006,52.549999952316284,33.40994644165039,,
generation,1007,49.30000305175781,33.871883392333984,,
generation,1008,50.700002908706665,34.0063591003418,,
generation,1009,51.500004529953,34.971195220947266,,
generation,1010,52.75000333786011,29.633438110351562,,
generation,1011,51.350003480911255,32.75113296508789,,
generation,1012,50.85000395774841,33.775474548339844,,
generation,1013,52.650004625320435,32.423763275146484,,
generation,1014,52.900004386901855,31.884580612182617,,
generation,1015,52.250003814697266,31.042455673217773,,
generation,1016,53.25000286102295,30.968564987182617,,
generation,1017,52.10000276565552,32.581329345703125,,
generation,1018,52.75000333786011,32.41749572753906,,
generation,1019,52.250003814697266,31.545745849609375,,
generation,1020,52.35000252723694,32.732460021972656,,
generation,1021,51.15000009536743,34.19887924194336,,
generation,1022,52.35000252723694,32.36341857910156,,
generation,1023,52.30000019073486,32.740272521972656,,
generation,1024,51.30000114440918,31.83858871459961,,
generation,1025,52.650004625320435,32.47917938232422,,
generation,1026,52.15000510215759,34.27425765991211,,
generation,1027,51.05000138282776,33.169734954833984,,
generation,1028,53.700000047683716,31.72195053100586,,
generation,1029,53.200000524520874,28.75198745727539,,
generation,1030,51.350003480911255,30.182323455810547,,
generation,1031,51.350003480911255,32.9083251953125,,
generation,1032,50.65000057220459,30.887971878051758,,
generation,1033,50.49999952316284,33.36752700805664,,
generation,1034,52.799999713897705,30.34563636779785,,
generation,1035,52.30000019073486,30.830745697021484,,
generation,1036,51.70000195503235,33.43107986450195,,
generation,1037,50.65000057220459,36.549583435058594,,
generation,1038,51.05000138282776,31.08078384399414,,
generation,1039,52.799999713897705,31.284704208374023,,
generation,1040,51.80000066757202,30.518508911132812,,
generation,1041,49.400001764297485,33.81287384033203,,
generation,1042,51.500004529953,30.622814178466797,,
generation,1043,49.650001525878906,34.035186767578125,,
generation,1044,53.200000524520874,29.595478057861328,,
generation,1045,53.200000524520874,31.49321174621582,,
generation,1046,50.80000162124634,32.53351974487305,,
generation,1047,52.000004053115845,31.34613609313965,,
generation,1048,52.799999713897705,30.707046508789062,,
generation,1049,51.20000243186951,33.05636978149414,,
generation,1050,52.70000100135803,30.004405975341797,,
generation,1051,51.70000195503235,31.7677059173584,,
generation,1052,51.95000171661377,32.482017517089844,,
generation,1053,53.300005197525024,31.064638137817383,,
generation,1054,52.250003814697266,32.63018035888672,,
generation,1055,52.000004053115845,31.951786041259766,,
generation,1056,52.45000123977661,32.57133865356445,,
generation,1057,53.25000286102295,33.205257415771484,,
generation,1058,51.500004529953,34.5959358215332,,
generation,1059,52.549999952316284,30.795331954956055,,
generation,1060,51.30000114440918,32.19968795776367,,
generation,1061,51.64999961853027,32.2785530090332,,
generation,1062,50.80000162124634,33.224143981933594,,
generation,1063,52.45000123977661,35.37250518798828,,
generation,1064,53.0500054359436,32.2310905456543,,
generation,1065,51.25000476837158,31.127443313598633,,
generation,1066,51.8500030040741,32.5997314453125,,
generation,1067,52.15000510215759,31.58177375793457,,
generation,1068,52.799999713897705,31.460996627807617,,
generation,1069,52.45000123977661,31.925325393676758,,
generation,1070,52.95000076293945,31.596895217895508,,
generation,1071,51.45000219345093,33.17161560058594,,
generation,1072,52.60000228881836,31.199615478515625,,
generation,1073,51.750004291534424,32.66279602050781,,
generation,1074,52.650004625320435,31.9465389251709,,
generation,1075,51.350003480911255,34.06914138793945,,
generation,1076,51.39999985694885,33.446956634521484,,
generation,1077,52.000004053115845,31.238174438476562,,
generation,1078,52.549999952316284,31.16460418701172,,
generation,1079,52.60000228881836,31.626432418823242,,
generation,1080,52.000004053115845,32.5436897277832,,
generation,1081,51.5500009059906,32.00798416137695,,
generation,1082,52.70000100135803,30.7872371673584,,
generation,1083,51.80000066757202,30.696531295776367,,
generation,1084,53.65000367164612,30.28204345703125,,
generation,1085,51.750004291534424,32.47622299194336,,
generation,1086,53.200000524520874,32.53316879272461,,
generation,1087,52.70000100135803,32.0667724609375,,
generation,1088,51.500004529953,34.329437255859375,,
generation,1089,52.50000357627869,32.39736557006836,,
generation,1090,50.80000162124634,33.454444885253906,,
generation,1091,51.70000195503235,31.695762634277344,,
generation,1092,52.05000042915344,31.8292293548584,,
generation,1093,50.24999976158142,32.07539367675781,,
generation,1094,51.70000195503235,29.463024139404297,,
generation,1095,50.55000185966492,33.626800537109375,,
generation,1096,50.75000524520874,31.276124954223633,,
generation,1097,52.75000333786011,32.3898811340332,,
generation,1098,51.8500030040741,32.997074127197266,,
generation,1099,50.20000338554382,34.309871673583984,,
generation,1100,51.70000195503235,30.058691024780273,,
generation,1101,53.150004148483276,33.14436340332031,,
generation,1102,54.200005531311035,32.526893615722656,,
generation,1103,51.39999985694885,32.53788375854492,,
generation,1104,53.150004148483276,31.10053825378418,,
generation,1105,54.05000448226929,28.80330467224121,,
generation,1106,50.85000395774841,33.554683685302734,,
generation,1107,51.95000171661377,31.31568145751953,,
generation,1108,51.30000114440918,33.8669319152832,,
generation,1109,52.75000333786011,32.330780029296875,,
generation,1110,51.90000534057617,31.07367515563965,,
generation,1111,52.85000205039978,30.86876678466797,,
generation,1112,52.95000076293945,30.754621505737305,,
generation,1113,53.75000238418579,31.00074577331543,,
generation,1114,52.30000019073486,31.418283462524414,,
generation,1115,52.799999713897705,36.303985595703125,,
generation,1116,51.45000219345093,33.57463455200195,,
generation,1117,52.000004053115845,31.545629501342773,,
generation,1118,50.55000185966492,32.17500305175781,,
generation,1119,52.799999713897705,31.615137100219727,,
generation,1120,51.80000066757202,31.04142189025879,,
generation,1121,53.450000286102295,31.15138053894043,,
generation,1122,52.05000042915344,29.71269989013672,,
generation,1123,54.450005292892456,29.37310218811035,,
generation,1124,53.60000133514404,28.84115219116211,,
generation,1125,53.150004148483276,28.30867576599121,,
generation,1126,52.250003814697266,30.122455596923828,,
generation,1127,53.1000018119812,31.11393165588379,,
generation,1128,51.15000009536743,33.765010833740234,,
generation,1129,52.45000123977661,31.51729965209961,,
generation,1130,51.39999985694885,33.228572845458984,,
generation,1131,52.85000205039978,31.664112091064453,,
generation,1132,51.100003719329834,30.106239318847656,,
generation,1133,52.70000100135803,30.983991622924805,,
generation,1134,52.30000019073486,32.42283248901367,,
generation,1135,53.550004959106445,32.085418701171875,,
generation,1136,52.549999952316284,29.305313110351562,,
generation,1137,52.70000100135803,32.6622428894043,,
generation,1138,52.900004386901855,30.07954216003418,,
generation,1139,53.200000524520874,29.6595401763916,,
generation,1140,54.350000619888306,30.071735382080078,,
generation,1141,53.150004148483276,28.84494400024414,,
generation,1142,51.30000114440918,34.76178741455078,,
generation,1143,53.150004148483276,29.392118453979492,,
generation,1144,53.0500054359436,31.33859634399414,,
generation,1145,52.549999952316284,30.14008140563965,,
generation,1146,52.30000019073486,30.37309455871582,,
generation,1147,50.450003147125244,29.359460830688477,,
generation,1148,53.25000286102295,31.520099639892578,,
generation,1149,50.60000419616699,32.86859893798828,,
generation,1150,52.85000205039978,30.567882537841797,,
generation,1151,52.20000147819519,35.879493713378906,,
generation,1152,52.85000205039978,29.27682876586914,,
generation,1153,51.05000138282776,33.56114959716797,,
generation,1154,50.80000162124634,33.130226135253906,,
generation,1155,52.45000123977661,32.17398452758789,,
generation,1156,50.90000033378601,34.06707000732422,,
generation,1157,53.850001096725464,30.622961044311523,,
generation,1158,52.650004625320435,29.781190872192383,,
generation,1159,52.35000252723694,33.49240493774414,,
generation,1160,52.35000252723694,32.889278411865234,,
generation,1161,52.20000147819519,30.979293823242188,,
generation,1162,51.20000243186951,31.83966064453125,,
generation,1163,53.450000286102295,30.286373138427734,,
generation,1164,52.60000228881836,29.709680557250977,,
generation,1165,51.00000500679016,33.253971099853516,,
generation,1166,55.000001192092896,29.460988998413086,,
generation,1167,53.200000524520874,32.86103820800781,,
generation,1168,51.45000219345093,32.399173736572266,,
generation,1169,53.75000238418579,33.86550521850586,,
generation,1170,53.00000309944153,30.468461990356445,,
generation,1171,51.5500009059906,32.80264663696289,,
generation,1172,51.600003242492676,33.167476654052734,,
generation,1173,52.95000076293945,30.81175994873047,,
generation,1174,53.200000524520874,32.415714263916016,,
generation,1175,53.700000047683716,30.770450592041016,,
generation,1176,52.85000205039978,33.63051223754883,,
generation,1177,52.15000510215759,33.037967681884766,,
generation,1178,53.4000039100647,30.895986557006836,,
generation,1179,52.549999952316284,32.02813720703125,,
generation,1180,54.05000448226929,32.046974182128906,,
generation,1181,53.94999980926514,30.08965301513672,,
generation,1182,52.650004625320435,30.553720474243164,,
generation,1183,52.20000147819519,31.28817367553711,,
generation,1184,52.900004386901855,33.095008850097656,,
generation,1185,52.900004386901855,32.42304229736328,,
generation,1186,52.20000147819519,33.934600830078125,,
generation,1187,52.30000019073486,33.54478454589844,,
generation,1188,53.75000238418579,29.593063354492188,,
generation,1189,52.20000147819519,31.62888526916504,,
generation,1190,51.80000066757202,32.494895935058594,,
generation,1191,54.30000424385071,29.753503799438477,,
generation,1192,53.94999980926514,28.30982780456543,,
generation,1193,54.100000858306885,28.024694442749023,,
generation,1194,52.20000147819519,29.695497512817383,,
generation,1195,54.9500048160553,28.928789138793945,,
generation,1196,52.50000357627869,32.02728271484375,,
generation,1197,51.20000243186951,30.793912887573242,,
generation,1198,51.20000243186951,33.76759338378906,,
generation,1199,52.30000019073486,31.368310928344727,,
generation,1200,51.25000476837158,31.171772003173828,,
generation,1201,54.350000619888306,28.1487979888916,,
generation,1202,52.45000123977661,30.727191925048828,,
generation,1203,52.30000019073486,29.7053165435791,,
generation,1204,53.300005197525024,31.617835998535156,,
generation,1205,52.85000205039978,32.0848388671875,,
generation,1206,53.60000133514404,28.89925765991211,,
generation,1207,51.95000171661377,30.44059944152832,,
generation,1208,51.70000195503235,33.572174072265625,,
generation,1209,53.700000047683716,29.834733963012695,,
generation,1210,52.75000333786011,30.599668502807617,,
generation,1211,52.400004863739014,30.608388900756836,,
generation,1212,52.549999952316284,30.861366271972656,,
generation,1213,52.30000019073486,31.550989151000977,,
generation,1214,52.35000252723694,30.984098434448242,,
generation,1215,52.400004863739014,31.403533935546875,,
generation,1216,53.60000133514404,30.697832107543945,,
generation,1217,53.300005197525024,30.07259750366211,,
generation,1218,55.34999966621399,27.926353454589844,,
generation,1219,53.25000286102295,31.407814025878906,,
generation,1220,52.50000357627869,31.512863159179688,,
generation,1221,52.70000100135803,29.811038970947266,,
generation,1222,52.799999713897705,31.539283752441406,,
generation,1223,54.55000400543213,32.157203674316406,,
generation,1224,53.65000367164612,30.598363876342773,,
generation,1225,51.25000476837158,33.29792022705078,,
generation,1226,53.50000262260437,28.614660263061523,,
generation,1227,54.350000619888306,29.784231185913086,,
generation,1228,53.90000343322754,30.813508987426758,,
generation,1229,53.200000524520874,30.98012924194336,,
generation,1230,53.150004148483276,30.615402221679688,,
generation,1231,53.150004148483276,30.25105857849121,,
generation,1232,54.60000038146973,29.539701461791992,,
generation,1233,52.85000205039978,31.39689826965332,,
generation,1234,53.450000286102295,31.31795310974121,,
generation,1235,53.65000367164612,31.83711051940918,,
generation,1236,52.45000123977661,31.44611167907715,,
generation,1237,55.20000457763672,28.586523056030273,,
generation,1238,52.000004053115845,31.794418334960938,,
generation,1239,53.200000524520874,30.090259552001953,,
generation,1240,52.95000076293945,30.02631187438965,,
generation,1241,53.00000309944153,29.82140350341797,,
generation,1242,52.900004386901855,30.171751022338867,,
generation,1243,52.05000042915344,32.6068000793457,,
generation,1244,54.500001668930054,27.534955978393555,,
generation,1245,53.700000047683716,29.56442642211914,,
generation,1246,53.75000238418579,31.037525177001953,,
generation,1247,53.35000157356262,32.291648864746094,,
generation,1248,53.700000047683716,30.55544090270996,,
generation,1249,52.650004625320435,30.103885650634766,,
generation,1250,53.150004148483276,29.940710067749023,,
generation,1251,53.200000524520874,30.791961669921875,,
generation,1252,53.4000039100647,33.520355224609375,,
generation,1253,52.799999713897705,31.914751052856445,,
generation,1254,53.35000157356262,30.28502655029297,,
generation,1255,53.450000286102295,29.652297973632812,,
generation,1256,53.90000343322754,30.836450576782227,,
generation,1257,53.1000018119812,31.478879928588867,,
generation,1258,52.05000042915344,35.278472900390625,,
generation,1259,53.550004959106445,30.240102767944336,,
generation,1260,52.250003814697266,31.102197647094727,,
generation,1261,55.05000352859497,31.71087074279785,,
generation,1262,53.65000367164612,31.803890228271484,,
generation,1263,54.9500048160553,30.597543716430664,,
generation,1264,53.90000343322754,29.622800827026367,,
generation,1265,52.400004863739014,33.243343353271484,,
generation,1266,54.450005292892456,31.27278709411621,,
generation,1267,54.6500027179718,30.65717315673828,,
generation,1268,55.30000329017639,30.4119815826416,,
generation,1269,52.50000357627869,33.016082763671875,,
generation,1270,53.65000367164612,32.60171127319336,,
generation,1271,54.100000858306885,31.166807174682617,,
generation,1272,53.200000524520874,33.21531677246094,,
generation,1273,53.75000238418579,31.02035140991211,,
generation,1274,53.00000309944153,28.750789642333984,,
generation,1275,52.75000333786011,31.587095260620117,,
generation,1276,52.000004053115845,30.505859375,,
generation,1277,54.30000424385071,31.94671630859375,,
generation,1278,53.65000367164612,32.54331970214844,,
generation,1279,53.25000286102295,32.48091125488281,,
generation,1280,53.35000157356262,32.187374114990234,,
generation,1281,52.400004863739014,31.73745346069336,,
generation,1282,52.70000100135803,31.431997299194336,,
generation,1283,53.1000018119812,31.030567169189453,,
generation,1284,55.95000386238098,27.95616912841797,,
generation,1285,53.50000262260437,31.24354362487793,,
generation,1286,53.550004959106445,29.900564193725586,,
generation,1287,55.60000538825989,29.560422897338867,,
generation,1288,53.850001096725464,28.742788314819336,,
generation,1289,53.25000286102295,30.29014778137207,,
generation,1290,54.25000190734863,30.06724739074707,,
generation,1291,54.30000424385071,29.294532775878906,,
generation,1292,52.85000205039978,29.02826499938965,,
generation,1293,55.150002241134644,29.061325073242188,,
generation,1294,52.85000205039978,31.207378387451172,,
generation,1295,52.95000076293945,28.533037185668945,,
generation,1296,53.150004148483276,30.390087127685547,,
generation,1297,53.65000367164612,31.84320068359375,,
generation,1298,54.05000448226929,29.094385147094727,,
generation,1299,53.50000262260437,27.845232009887695,,
generation,1300,54.450005292892456,28.701263427734375,,
generation,1301,55.000001192092896,28.560644149780273,,
generation,1302,54.100000858306885,28.991676330566406,,
generation,1303,51.750004291534424,31.50738525390625,,
generation,1304,51.500004529953,30.767154693603516,,
generation,1305,53.800004720687866,29.01644515991211,,
generation,1306,53.550004959106445,28.520456314086914,,
generation,1307,55.60000538825989,29.825321197509766,,
generation,1308,52.75000333786011,30.42000389099121,,
generation,1309,52.85000205039978,30.97572135925293,,
generation,1310,54.05000448226929,32.18626022338867,,
generation,1311,53.850001096725464,32.00154113769531,,
generation,1312,54.15000319480896,31.08417510986328,,
generation,1313,54.200005531311035,29.00777816772461,,
generation,1314,55.55000305175781,29.42876434326172,,
generation,1315,55.20000457763672,30.214330673217773,,
generation,1316,54.30000424385071,26.405948638916016,,
generation,1317,53.65000367164612,32.83623504638672,,
generation,1318,54.200005531311035,32.48698806762695,,
generation,1319,54.55000400543213,29.083641052246094,,
generation,1320,53.4000039100647,29.833009719848633,,
generation,1321,53.50000262260437,31.81281852722168,,
generation,1322,53.35000157356262,30.779979705810547,,
generation,1323,55.250000953674316,28.67131233215332,,
generation,1324,53.60000133514404,27.468120574951172,,
generation,1325,53.700000047683716,31.095796585083008,,
generation,1326,53.200000524520874,29.040912628173828,,
generation,1327,54.60000038146973,28.144426345825195,,
generation,1328,54.80000376701355,30.95507049560547,,
generation,1329,53.1000018119812,29.407485961914062,,
generation,1330,53.90000343322754,31.227031707763672,,
generation,1331,54.200005531311035,29.592348098754883,,
generation,1332,55.60000538825989,27.729482650756836,,
generation,1333,55.20000457763672,29.884300231933594,,
generation,1334,55.09999990463257,28.211030960083008,,
generation,1335,54.90000247955322,29.770986557006836,,
generation,1336,53.150004148483276,29.95049476623535,,
generation,1337,52.75000333786011,29.262540817260742,,
generation,1338,53.75000238418579,27.629535675048828,,
generation,1339,54.90000247955322,27.865062713623047,,
generation,1340,53.0500054359436,30.40937042236328,,
generation,1341,53.550004959106445,32.73189926147461,,
generation,1342,54.05000448226929,28.81061553955078,,
generation,1343,53.90000343322754,31.66533851623535,,
generation,1344,54.40000295639038,29.761009216308594,,
generation,1345,53.75000238418579,28.248933792114258,,
generation,1346,52.549999952316284,30.85064125061035,,
generation,1347,52.20000147819519,32.116661071777344,,
generation,1348,55.250000953674316,28.713640213012695,,
generation,1349,52.000004053115845,32.05842590332031,,
generation,1350,53.94999980926514,28.15184211730957,,
generation,1351,54.30000424385071,31.018327713012695,,
generation,1352,52.900004386901855,33.81318664550781,,
generation,1353,53.90000343322754,28.728116989135742,,
generation,1354,54.00000214576721,29.598047256469727,,
generation,1355,54.750001430511475,29.205642700195312,,
generation,1356,53.94999980926514,29.346906661987305,,
generation,1357,54.70000505447388,29.15193748474121,,
generation,1358,52.95000076293945,29.417814254760742,,
generation,1359,54.40000295639038,28.954118728637695,,
generation,1360,56.00000023841858,28.385147094726562,,
generation,1361,53.0500054359436,33.24821472167969,,
generation,1362,54.90000247955322,28.89366912841797,,
generation,1363,53.300005197525024,31.422527313232422,,
generation,1364,53.700000047683716,28.934494018554688,,
generation,1365,55.09999990463257,30.715749740600586,,
generation,1366,53.300005197525024,31.25289535522461,,
generation,1367,53.550004959106445,28.69796371459961,,
generation,1368,55.80000281333923,31.59148597717285,,
generation,1369,54.200005531311035,32.78575134277344,,
generation,1370,55.09999990463257,28.12713623046875,,
generation,1371,53.150004148483276,30.512435913085938,,
generation,1372,52.60000228881836,29.644412994384766,,
generation,1373,53.200000524520874,29.874000549316406,,
generation,1374,53.550004959106445,30.406328201293945,,
generation,1375,53.65000367164612,30.17561149597168,,
generation,1376,54.350000619888306,33.11859893798828,,
generation,1377,53.550004959106445,29.96038246154785,,
generation,1378,55.30000329017639,28.743011474609375,,
generation,1379,54.750001430511475,30.617300033569336,,
generation,1380,53.450000286102295,29.60994529724121,,
generation,1381,55.150002241134644,28.585819244384766,,
generation,1382,53.60000133514404,30.883758544921875,,
generation,1383,53.0500054359436,31.953285217285156,,
generation,1384,54.05000448226929,27.414470672607422,,
generation,1385,53.65000367164612,31.203853607177734,,
generation,1386,53.50000262260437,29.6641902923584,,
generation,1387,56.00000023841858,30.57013511657715,,
generation,1388,55.30000329017639,28.111236572265625,,
generation,1389,55.85000514984131,29.59180450439453,,
generation,1390,54.200005531311035,28.189661026000977,,
generation,1391,55.250000953674316,27.413436889648438,,
generation,1392,53.75000238418579,28.3604679107666,,
generation,1393,52.10000276565552,32.03886413574219,,
generation,1394,56.75000548362732,27.11097526550293,,
generation,1395,54.05000448226929,31.03026580810547,,
generation,1396,54.350000619888306,30.909156799316406,,
generation,1397,54.500001668930054,29.065046310424805,,
generation,1398,53.450000286102295,31.05796241760254,,
generation,1399,54.500001668930054,28.610891342163086,,
generation,1400,54.70000505447388,28.448596954345703,,
generation,1401,54.60000038146973,31.42308235168457,,
generation,1402,54.85000014305115,27.717695236206055,,
generation,1403,54.80000376701355,29.77837371826172,,
generation,1404,54.80000376701355,28.75270652770996,,
generation,1405,52.799999713897705,30.76413345336914,,
generation,1406,53.94999980926514,29.979068756103516,,
generation,1407,53.0500054359436,31.432268142700195,,
generation,1408,54.80000376701355,31.13229751586914,,
generation,1409,53.94999980926514,29.31589698791504,,
generation,1410,54.15000319480896,29.857566833496094,,
generation,1411,52.549999952316284,29.320411682128906,,
generation,1412,53.90000343322754,29.500144958496094,,
generation,1413,54.05000448226929,30.854618072509766,,
generation,1414,52.85000205039978,32.90959548950195,,
generation,1415,55.20000457763672,30.12355613708496,,
generation,1416,53.90000343322754,32.686767578125,,
generation,1417,53.700000047683716,28.557207107543945,,
generation,1418,53.800004720687866,29.901464462280273,,
generation,1419,52.95000076293945,29.33041000366211,,
generation,1420,54.40000295639038,32.18810272216797,,
generation,1421,55.55000305175781,28.801578521728516,,
generation,1422,54.55000400543213,30.367446899414062,,
generation,1423,53.90000343322754,28.425764083862305,,
generation,1424,53.700000047683716,30.41442108154297,,
generation,1425,52.900004386901855,29.50333595275879,,
generation,1426,54.55000400543213,29.490781784057617,,
generation,1427,53.90000343322754,29.05854034423828,,
generation,1428,53.300005197525024,29.368358612060547,,
generation,1429,55.95000386238098,27.843021392822266,,
generation,1430,54.750001430511475,27.20814323425293,,
generation,1431,54.350000619888306,29.590959548950195,,
generation,1432,53.60000133514404,30.014198303222656,,
generation,1433,54.80000376701355,29.18134307861328,,
generation,1434,54.40000295639038,29.271934509277344,,
generation,1435,53.850001096725464,31.057931900024414,,
generation,1436,54.55000400543213,28.255685806274414,,
generation,1437,54.500001668930054,30.777498245239258,,
generation,1438,53.94999980926514,30.555320739746094,,
generation,1439,52.05000042915344,28.93946647644043,,
generation,1440,53.50000262260437,31.77362823486328,,
generation,1441,53.50000262260437,29.49529457092285,,
generation,1442,55.75000047683716,29.537437438964844,,
generation,1443,54.60000038146973,25.923328399658203,,
generation,1444,54.450005292892456,31.286741256713867,,
generation,1445,56.00000023841858,27.062280654907227,,
generation,1446,55.55000305175781,29.197509765625,,
generation,1447,54.450005292892456,28.061742782592773,,
generation,1448,53.200000524520874,28.531404495239258,,
generation,1449,54.6500027179718,28.718679428100586,,
generation,1450,53.60000133514404,29.706392288208008,,
generation,1451,54.00000214576721,29.214435577392578,,
generation,1452,53.700000047683716,31.18967056274414,,
generation,1453,55.150002241134644,27.15412139892578,,
generation,1454,55.55000305175781,30.62757110595703,,
generation,1455,53.700000047683716,28.922115325927734,,
generation,1456,53.300005197525024,29.060617446899414,,
generation,1457,56.60000443458557,25.533140182495117,,
generation,1458,55.30000329017639,28.571489334106445,,
generation,1459,54.100000858306885,29.232744216918945,,
generation,1460,54.40000295639038,29.01003074645996,,
generation,1461,53.300005197525024,29.50861358642578,,
generation,1462,53.4000039100647,30.776002883911133,,
generation,1463,54.750001430511475,28.004695892333984,,
generation,1464,54.450005292892456,27.753023147583008,,
generation,1465,56.25,28.474336624145508,,
generation,1466,53.850001096725464,30.172643661499023,,
generation,1467,53.4000039100647,29.940885543823242,,
generation,1468,53.4000039100647,31.396913528442383,,
generation,1469,53.90000343322754,31.994022369384766,,
generation,1470,53.850001096725464,27.796724319458008,,
generation,1471,53.850001096725464,30.44227409362793,,
generation,1472,55.50000071525574,27.78799057006836,,
generation,1473,54.85000014305115,28.306669235229492,,
generation,1474,54.80000376701355,30.894542694091797,,
generation,1475,54.15000319480896,28.76365089416504,,
generation,1476,55.55000305175781,29.10169792175293,,
generation,1477,55.30000329017639,28.2759952545166,,
generation,1478,54.55000400543213,29.21063804626465,,
generation,1479,53.90000343322754,30.877946853637695,,
generation,1480,54.6500027179718,29.073226928710938,,
generation,1481,54.100000858306885,29.090028762817383,,
generation,1482,54.90000247955322,28.662879943847656,,
generation,1483,56.10000491142273,29.256786346435547,,
generation,1484,54.70000505447388,28.661510467529297,,
generation,1485,54.40000295639038,27.87594223022461,,
generation,1486,54.90000247955322,29.80837059020996,,
generation,1487,55.30000329017639,27.30849838256836,,
generation,1488,55.70000410079956,29.328956604003906,,
generation,1489,54.30000424385071,28.512161254882812,,
generation,1490,53.75000238418579,29.490129470825195,,
generation,1491,57.55000114440918,26.268766403198242,,
generation,1492,55.45000433921814,29.57310676574707,,
generation,1493,55.45000433921814,28.080373764038086,,
generation,1494,54.40000295639038,31.587221145629883,,
generation,1495,55.75000047683716,27.5312557220459,,
generation,1496,54.350000619888306,29.74235725402832,,
generation,1497,55.75000047683716,29.812719345092773,,
generation,1498,56.700003147125244,27.602474212646484,,
generation,1499,55.250000953674316,28.918201446533203,,
generation,1500,55.05000352859497,29.769330978393555,,
generation,1501,55.150002241134644,29.068647384643555,,
generation,1502,55.50000071525574,29.470623016357422,,
generation,1503,55.000001192092896,28.32647132873535,,
generation,1504,55.85000514984131,29.111791610717773,,
generation,1505,54.55000400543213,28.304908752441406,,
generation,1506,55.20000457763672,30.0139217376709,,
generation,1507,55.70000410079956,30.204566955566406,,
generation,1508,56.10000491142273,28.410951614379883,,
generation,1509,54.85000014305115,30.2226505279541,,
generation,1510,55.30000329017639,29.37815284729004,,
generation,1511,54.200005531311035,28.579988479614258,,
generation,1512,55.45000433921814,28.75421142578125,,
generation,1513,54.30000424385071,29.146371841430664,,
generation,1514,55.45000433921814,27.257448196411133,,
generation,1515,56.60000443458557,27.186765670776367,,
generation,1516,54.00000214576721,29.042795181274414,,
generation,1517,55.80000281333923,25.483346939086914,,
generation,1518,55.70000410079956,27.390851974487305,,
generation,1519,55.45000433921814,27.694915771484375,,
generation,1520,55.20000457763672,27.153667449951172,,
generation,1521,55.05000352859497,30.86017417907715,,
generation,1522,54.40000295639038,27.384733200073242,,
generation,1523,54.450005292892456,28.368070602416992,,
generation,1524,54.450005292892456,28.75029945373535,,
generation,1525,54.60000038146973,29.123451232910156,,
generation,1526,53.90000343322754,27.589799880981445,,
generation,1527,56.25,27.966968536376953,,
generation,1528,54.05000448226929,28.747425079345703,,
generation,1529,55.80000281333923,29.56781578063965,,
generation,1530,56.2000036239624,27.1943359375,,
generation,1531,55.900001525878906,28.003280639648438,,
generation,1532,55.85000514984131,27.513141632080078,,
generation,1533,55.70000410079956,28.845264434814453,,
generation,1534,55.70000410079956,28.060977935791016,,
generation,1535,56.050002574920654,28.447114944458008,,
generation,1536,56.35000467300415,27.378625869750977,,
generation,1537,56.10000491142273,27.840957641601562,,
generation,1538,52.85000205039978,29.281234741210938,,
generation,1539,55.95000386238098,29.398700714111328,,
generation,1540,54.6500027179718,28.37603187561035,,
generation,1541,56.2000036239624,28.058164596557617,,
generation,1542,55.000001192092896,27.11661720275879,,
generation,1543,56.25,28.836444854736328,,
generation,1544,55.55000305175781,29.606258392333984,,
generation,1545,56.050002574920654,27.197345733642578,,
generation,1546,56.700003147125244,29.405385971069336,,
generation,1547,56.60000443458557,27.05512237548828,,
generation,1548,54.6500027179718,29.375877380371094,,
generation,1549,54.750001430511475,27.783870697021484,,
generation,1550,53.200000524520874,32.228824615478516,,
generation,1551,53.200000524520874,28.555635452270508,,
generation,1552,55.80000281333923,28.567703247070312,,
generation,1553,55.55000305175781,26.59744644165039,,
generation,1554,55.34999966621399,25.376310348510742,,
generation,1555,55.400002002716064,29.153844833374023,,
generation,1556,55.85000514984131,26.342458724975586,,
generation,1557,54.55000400543213,26.901079177856445,,
generation,1558,56.00000023841858,27.352935791015625,,
generation,1559,54.350000619888306,29.046796798706055,,
generation,1560,52.400004863739014,31.638648986816406,,
generation,1561,55.000001192092896,28.23738670349121,,
generation,1562,56.25,26.18143081665039,,
generation,1563,54.15000319480896,26.216672897338867,,
generation,1564,55.30000329017639,27.091609954833984,,
generation,1565,55.09999990463257,30.319974899291992,,
generation,1566,55.400002002716064,29.622234344482422,,
generation,1567,55.75000047683716,26.7091007232666,,
generation,1568,56.550002098083496,27.28233528137207,,
generation,1569,55.150002241134644,28.958940505981445,,
generation,1570,58.1000030040741,25.937299728393555,,
generation,1571,54.70000505447388,29.311004638671875,,
generation,1572,55.85000514984131,26.7175235748291,,
generation,1573,55.150002241134644,28.19989776611328,,
generation,1574,55.70000410079956,28.25510025024414,,
generation,1575,55.150002241134644,28.672405242919922,,
generation,1576,56.85000419616699,25.92291259765625,,
generation,1577,55.75000047683716,26.688289642333984,,
generation,1578,55.09999990463257,28.023914337158203,,
generation,1579,54.40000295639038,29.222450256347656,,
generation,1580,56.2000036239624,27.063669204711914,,
generation,1581,53.0500054359436,29.433364868164062,,
generation,1582,54.500001668930054,29.3560733795166,,
generation,1583,52.799999713897705,28.448589324951172,,
generation,1584,55.250000953674316,23.74888801574707,,
generation,1585,54.15000319480896,30.54098129272461,,
generation,1586,55.09999990463257,28.618663787841797,,
generation,1587,54.450005292892456,30.34739112854004,,
generation,1588,54.70000505447388,27.57805061340332,,
generation,1589,55.400002002716064,28.5850772857666,,
generation,1590,53.25000286102295,28.729158401489258,,
generation,1591,56.550002098083496,25.673707962036133,,
generation,1592,55.900001525878906,29.851707458496094,,
generation,1593,55.150002241134644,28.332843780517578,,
generation,1594,54.30000424385071,28.64096450805664,,
generation,1595,54.60000038146973,26.898990631103516,,
generation,1596,55.250000953674316,27.797916412353516,,
generation,1597,54.500001668930054,28.290189743041992,,
generation,1598,56.700003147125244,26.97425651550293,,
generation,1599,55.900001525878906,28.713212966918945,,
generation,1600,56.950002908706665,26.494421005249023,,
generation,1601,54.55000400543213,28.46255111694336,,
generation,1602,55.400002002716064,25.189170837402344,,
generation,1603,54.60000038146973,32.16730880737305,,
generation,1604,55.60000538825989,28.564205169677734,,
generation,1605,54.55000400543213,27.033931732177734,,
generation,1606,55.650001764297485,27.409526824951172,,
generation,1607,55.000001192092896,29.064184188842773,,
generation,1608,53.700000047683716,33.26034927368164,,
generation,1609,54.25000190734863,30.579242706298828,,
generation,1610,55.900001525878906,29.841310501098633,,
generation,1611,54.450005292892456,27.6414737701416,,
generation,1612,54.100000858306885,29.062658309936523,,
generation,1613,54.00000214576721,31.346027374267578,,
generation,1614,55.650001764297485,27.174407958984375,,
generation,1615,54.90000247955322,29.42475700378418,,
generation,1616,55.30000329017639,28.71868133544922,,
generation,1617,55.09999990463257,27.374189376831055,,
generation,1618,55.650001764297485,27.79507827758789,,
generation,1619,54.200005531311035,29.130952835083008,,
generation,1620,56.700003147125244,28.425039291381836,,
generation,1621,54.9500048160553,27.18927574157715,,
generation,1622,56.35000467300415,27.4099063873291,,
generation,1623,54.6500027179718,27.61960220336914,,
generation,1624,54.60000038146973,28.311660766601562,,
generation,1625,56.15000128746033,25.443540573120117,,
generation,1626,56.00000023841858,28.351669311523438,,
generation,1627,54.200005531311035,29.35902214050293,,
generation,1628,58.1000030040741,28.394441604614258,,
generation,1629,56.65000081062317,27.134458541870117,,
generation,1630,55.000001192092896,29.049291610717773,,
generation,1631,56.050002574920654,29.272573471069336,,
generation,1632,56.80000185966492,29.71658706665039,,
generation,1633,56.10000491142273,29.247108459472656,,
generation,1634,56.10000491142273,29.036991119384766,,
generation,1635,55.000001192092896,28.43248176574707,,
generation,1636,55.55000305175781,29.209108352661133,,
generation,1637,56.050002574920654,29.92383575439453,,
generation,1638,54.350000619888306,28.561756134033203,,
generation,1639,56.35000467300415,26.585660934448242,,
generation,1640,54.30000424385071,30.08312225341797,,
generation,1641,55.70000410079956,28.493986129760742,,
generation,1642,56.2000036239624,29.681514739990234,,
generation,1643,53.700000047683716,29.832124710083008,,
generation,1644,55.09999990463257,29.476165771484375,,
generation,1645,56.2000036239624,30.678932189941406,,
generation,1646,56.45000338554382,30.10016632080078,,
generation,1647,54.40000295639038,33.448394775390625,,
generation,1648,55.75000047683716,28.783950805664062,,
generation,1649,54.90000247955322,28.012466430664062,,
generation,1650,55.60000538825989,29.48894691467285,,
generation,1651,56.60000443458557,26.584928512573242,,
generation,1652,54.6500027179718,30.154905319213867,,
generation,1653,56.45000338554382,27.721027374267578,,
generation,1654,57.10000395774841,29.225067138671875,,
generation,1655,57.05000162124634,27.058700561523438,,
generation,1656,57.10000395774841,28.98255157470703,,
generation,1657,54.80000376701355,30.535343170166016,,
generation,1658,54.90000247955322,30.879592895507812,,
generation,1659,55.70000410079956,29.262630462646484,,
generation,1660,57.00000524520874,28.71449089050293,,
generation,1661,55.400002002716064,32.03853225708008,,
generation,1662,55.650001764297485,28.0036563873291,,
generation,1663,54.6500027179718,29.730480194091797,,
generation,1664,54.6500027179718,30.256383895874023,,
generation,1665,56.85000419616699,28.428926467895508,,
generation,1666,55.05000352859497,28.87095069885254,,
generation,1667,56.45000338554382,26.953977584838867,,
generation,1668,55.650001764297485,29.357036590576172,,
generation,1669,55.250000953674316,29.186588287353516,,
generation,1670,54.80000376701355,32.51939392089844,,
generation,1671,56.49999976158142,28.13524055480957,,
generation,1672,54.80000376701355,29.360410690307617,,
generation,1673,56.45000338554382,28.44975471496582,,
generation,1674,55.34999966621399,28.885263442993164,,
generation,1675,56.050002574920654,27.029598236083984,,
generation,1676,53.94999980926514,32.628379821777344,,
generation,1677,55.400002002716064,28.998319625854492,,
generation,1678,56.00000023841858,30.727834701538086,,
generation,1679,56.050002574920654,29.65833282470703,,
generation,1680,55.60000538825989,27.072711944580078,,
generation,1681,55.05000352859497,29.573509216308594,,
generation,1682,55.09999990463257,26.675046920776367,,
generation,1683,55.250000953674316,30.938936233520508,,
generation,1684,56.700003147125244,29.48153305053711,,
generation,1685,54.6500027179718,30.06959342956543,,
generation,1686,55.900001525878906,27.098020553588867,,
generation,1687,57.95000195503235,27.293113708496094,,
generation,1688,55.20000457763672,27.61626625061035,,
generation,1689,56.49999976158142,27.98289680480957,,
generation,1690,54.25000190734863,30.418161392211914,,
generation,1691,57.25000500679016,27.245027542114258,,
generation,1692,56.80000185966492,30.220882415771484,,
generation,1693,56.65000081062317,27.722187042236328,,
generation,1694,53.4000039100647,29.763593673706055,,
generation,1695,56.45000338554382,29.972368240356445,,
generation,1696,55.900001525878906,30.383298873901367,,
generation,1697,55.70000410079956,27.948278427124023,,
generation,1698,53.94999980926514,28.93787956237793,,
generation,1699,56.90000057220459,26.688922882080078,,
generation,1700,55.30000329017639,29.74207878112793,,
generation,1701,54.500001668930054,30.10825538635254,,
generation,1702,53.75000238418579,28.966751098632812,,
generation,1703,55.650001764297485,29.047100067138672,,
generation,1704,54.15000319480896,31.28182029724121,,
generation,1705,55.09999990463257,27.547657012939453,,
generation,1706,56.80000185966492,28.915462493896484,,
generation,1707,54.05000448226929,30.028295516967773,,
generation,1708,55.30000329017639,26.98101806640625,,
generation,1709,55.30000329017639,30.277191162109375,,
generation,1710,55.34999966621399,30.668441772460938,,
generation,1711,57.350003719329834,27.41181182861328,,
generation,1712,53.850001096725464,30.042739868164062,,
generation,1713,56.80000185966492,28.863174438476562,,
generation,1714,53.60000133514404,32.01810836791992,,
generation,1715,55.900001525878906,29.434926986694336,,
generation,1716,56.15000128746033,29.840152740478516,,
generation,1717,56.300002336502075,28.06839370727539,,
generation,1718,55.09999990463257,28.16100311279297,,
generation,1719,56.15000128746033,29.741058349609375,,
generation,1720,54.350000619888306,31.61478042602539,,
generation,1721,56.050002574920654,27.615999221801758,,
generation,1722,54.350000619888306,30.825927734375,,
generation,1723,56.85000419616699,25.63326644897461,,
generation,1724,53.94999980926514,29.834980010986328,,
generation,1725,56.25,27.363357543945312,,
generation,1726,55.75000047683716,27.73666000366211,,
generation,1727,55.70000410079956,28.61188507080078,,
generation,1728,57.25000500679016,27.213788986206055,,
generation,1729,56.25,25.874265670776367,,
generation,1730,56.10000491142273,28.685909271240234,,
generation,1731,55.45000433921814,27.92195701599121,,
generation,1732,55.75000047683716,28.876018524169922,,
generation,1733,56.65000081062317,28.408655166625977,,
generation,1734,57.00000524520874,25.52446746826172,,
generation,1735,55.45000433921814,30.435270309448242,,
generation,1736,55.900001525878906,27.316030502319336,,
generation,1737,54.80000376701355,28.92664909362793,,
generation,1738,57.05000162124634,27.06220817565918,,
generation,1739,57.00000524520874,27.94134521484375,,
generation,1740,56.15000128746033,27.537643432617188,,
generation,1741,56.00000023841858,26.564712524414062,,
generation,1742,56.00000023841858,26.7917423248291,,
generation,1743,54.6500027179718,27.255172729492188,,
generation,1744,55.000001192092896,28.947423934936523,,
generation,1745,55.75000047683716,27.548025131225586,,
generation,1746,54.25000190734863,28.783653259277344,,
generation,1747,56.00000023841858,28.433353424072266,,
generation,1748,57.15000033378601,26.1630859375,,
generation,1749,57.05000162124634,28.60870933532715,,
generation,1750,55.30000329017639,28.11981773376465,,
generation,1751,56.35000467300415,27.154478073120117,,
generation,1752,56.700003147125244,26.931468963623047,,
generation,1753,54.9500048160553,29.871137619018555,,
generation,1754,55.400002002716064,30.253862380981445,,
generation,1755,55.75000047683716,27.698593139648438,,
generation,1756,55.09999990463257,29.360063552856445,,
generation,1757,56.90000057220459,27.464092254638672,,
generation,1758,55.85000514984131,29.726301193237305,,
generation,1759,55.70000410079956,27.88522720336914,,
generation,1760,57.70000219345093,27.29733657836914,,
generation,1761,56.300002336502075,31.12940788269043,,
generation,1762,55.400002002716064,29.33153533935547,,
generation,1763,55.50000071525574,31.844303131103516,,
generation,1764,54.450005292892456,29.70513153076172,,
generation,1765,55.05000352859497,30.664751052856445,,
generation,1766,56.80000185966492,28.102245330810547,,
generation,1767,57.600003480911255,27.554466247558594,,
generation,1768,56.10000491142273,26.486652374267578,,
generation,1769,56.2000036239624,27.559642791748047,,
generation,1770,53.94999980926514,31.198270797729492,,
generation,1771,55.80000281333923,29.271745681762695,,
generation,1772,54.85000014305115,28.715559005737305,,
generation,1773,55.45000433921814,29.692169189453125,,
generation,1774,56.15000128746033,28.340810775756836,,
generation,1775,56.050002574920654,28.454927444458008,,
generation,1776,57.10000395774841,27.503326416015625,,
generation,1777,57.90000557899475,25.806400299072266,,
generation,1778,54.9500048160553,28.389013290405273,,
generation,1779,58.40000510215759,25.983247756958008,,
generation,1780,54.25000190734863,31.974313735961914,,
generation,1781,55.150002241134644,27.216733932495117,,
generation,1782,56.050002574920654,28.262393951416016,,
generation,1783,57.25000500679016,24.828500747680664,,
generation,1784,55.75000047683716,27.058473587036133,,
generation,1785,57.600003480911255,26.530994415283203,,
generation,1786,55.250000953674316,28.660791397094727,,
generation,1787,56.49999976158142,26.276689529418945,,
generation,1788,55.650001764297485,28.720909118652344,,
generation,1789,57.25000500679016,28.56995391845703,,
generation,1790,55.50000071525574,28.521148681640625,,
generation,1791,55.45000433921814,28.530813217163086,,
generation,1792,56.35000467300415,28.267772674560547,,
generation,1793,55.85000514984131,27.179702758789062,,
generation,1794,55.85000514984131,28.634126663208008,,
generation,1795,56.300002336502075,28.134294509887695,,
generation,1796,55.09999990463257,29.074234008789062,,
generation,1797,57.95000195503235,27.979263305664062,,
generation,1798,57.350003719329834,25.614133834838867,,
generation,1799,56.49999976158142,28.88158416748047,,
generation,1800,56.85000419616699,28.268518447875977,,
generation,1801,55.09999990463257,29.324745178222656,,
generation,1802,55.34999966621399,28.137258529663086,,
generation,1803,56.90000057220459,27.122642517089844,,
generation,1804,58.250004053115845,27.725717544555664,,
generation,1805,55.400002002716064,29.690439224243164,,
generation,1806,56.2000036239624,27.527559280395508,,
generation,1807,56.050002574920654,27.739238739013672,,
generation,1808,55.75000047683716,27.899600982666016,,
generation,1809,55.75000047683716,28.174137115478516,,
generation,1810,55.400002002716064,27.882719039916992,,
generation,1811,56.45000338554382,26.41431999206543,,
generation,1812,55.250000953674316,27.25733184814453,,
generation,1813,57.05000162124634,25.458786010742188,,
generation,1814,55.75000047683716,29.00890350341797,,
generation,1815,56.00000023841858,27.152978897094727,,
generation,1816,57.55000114440918,27.785974502563477,,
generation,1817,54.80000376701355,27.574859619140625,,
generation,1818,55.60000538825989,26.934110641479492,,
generation,1819,56.75000548362732,30.723743438720703,,
generation,1820,57.00000524520874,25.918563842773438,,
generation,1821,55.95000386238098,27.80337905883789,,
generation,1822,54.80000376701355,29.594270706176758,,
generation,1823,55.85000514984131,29.288265228271484,,
generation,1824,55.55000305175781,28.779590606689453,,
generation,1825,55.20000457763672,26.949689865112305,,
generation,1826,55.05000352859497,30.970548629760742,,
generation,1827,55.95000386238098,28.231464385986328,,
generation,1828,56.15000128746033,27.462398529052734,,
generation,1829,56.90000057220459,25.644548416137695,,
generation,1830,53.800004720687866,28.516216278076172,,
generation,1831,55.75000047683716,28.504365921020508,,
generation,1832,54.500001668930054,30.55503273010254,,
generation,1833,56.950002908706665,25.56737518310547,,
generation,1834,56.15000128746033,28.430240631103516,,
generation,1835,55.34999966621399,28.00326156616211,,
generation,1836,57.64999985694885,26.73896026611328,,
generation,1837,58.20000171661377,25.901216506958008,,
generation,1838,57.25000500679016,26.576452255249023,,
generation,1839,55.70000410079956,27.328197479248047,,
generation,1840,56.10000491142273,29.279096603393555,,
generation,1841,57.8000009059906,24.29450225830078,,
generation,1842,57.05000162124634,26.72378158569336,,
generation,1843,56.950002908706665,25.297975540161133,,
generation,1844,56.65000081062317,26.915573120117188,,
generation,1845,56.35000467300415,26.655977249145508,,
generation,1846,56.80000185966492,26.886348724365234,,
generation,1847,56.050002574920654,26.852745056152344,,
generation,1848,56.950002908706665,28.795270919799805,,
generation,1849,55.900001525878906,27.439815521240234,,
generation,1850,54.6500027179718,27.595651626586914,,
generation,1851,56.700003147125244,29.57774543762207,,
generation,1852,56.80000185966492,29.224319458007812,,
generation,1853,57.200002670288086,25.244518280029297,,
generation,1854,56.950002908706665,26.102375030517578,,
generation,1855,55.55000305175781,29.250946044921875,,
generation,1856,55.900001525878906,29.207658767700195,,
generation,1857,56.15000128746033,28.486473083496094,,
generation,1858,55.900001525878906,28.182626724243164,,
generation,1859,56.700003147125244,29.765377044677734,,
generation,1860,55.70000410079956,27.75543785095215,,
generation,1861,55.60000538825989,29.264135360717773,,
generation,1862,58.40000510215759,27.085935592651367,,
generation,1863,56.15000128746033,30.044248580932617,,
generation,1864,57.05000162124634,27.622751235961914,,
generation,1865,56.00000023841858,27.66701889038086,,
generation,1866,56.90000057220459,28.419132232666016,,
generation,1867,55.250000953674316,28.902545928955078,,
generation,1868,56.700003147125244,27.55113983154297,,
generation,1869,56.950002908706665,26.58945083618164,,
generation,1870,54.350000619888306,28.354951858520508,,
generation,1871,55.400002002716064,27.937576293945312,,
generation,1872,57.55000114440918,26.47031593322754,,
generation,1873,57.200002670288086,24.390865325927734,,
generation,1874,54.85000014305115,28.28154945373535,,
generation,1875,57.95000195503235,25.105939865112305,,
generation,1876,57.25000500679016,27.763113021850586,,
generation,1877,56.85000419616699,26.685550689697266,,
generation,1878,56.35000467300415,27.042200088500977,,
generation,1879,54.25000190734863,31.498878479003906,,
generation,1880,56.550002098083496,26.208168029785156,,
generation,1881,57.25000500679016,26.434131622314453,,
generation,1882,55.75000047683716,29.394332885742188,,
generation,1883,55.400002002716064,28.452768325805664,,
generation,1884,54.25000190734863,29.295581817626953,,
generation,1885,55.75000047683716,28.322038650512695,,
generation,1886,56.550002098083496,26.823043823242188,,
generation,1887,57.30000138282776,27.239656448364258,,
generation,1888,54.450005292892456,30.253101348876953,,
generation,1889,56.050002574920654,29.946697235107422,,
generation,1890,57.600003480911255,26.404809951782227,,
generation,1891,56.2000036239624,27.91046142578125,,
generation,1892,56.10000491142273,26.559354782104492,,
generation,1893,54.750001430511475,30.986576080322266,,
generation,1894,55.400002002716064,27.005857467651367,,
generation,1895,56.40000104904175,28.84413719177246,,
generation,1896,56.700003147125244,26.204980850219727,,
generation,1897,55.55000305175781,25.992067337036133,,
generation,1898,56.700003147125244,27.997629165649414,,
generation,1899,58.15000534057617,27.195676803588867,,
generation,1900,56.700003147125244,26.397014617919922,,
generation,1901,57.25000500679016,25.974855422973633,,
generation,1902,55.80000281333923,24.636808395385742,,
generation,1903,55.95000386238098,27.77219009399414,,
generation,1904,54.25000190734863,29.70337677001953,,
generation,1905,55.50000071525574,26.25068473815918,,
generation,1906,55.80000281333923,29.254907608032227,,
generation,1907,58.650004863739014,24.8503360748291,,
generation,1908,56.60000443458557,26.256994247436523,,
generation,1909,56.700003147125244,28.172014236450195,,
generation,1910,56.90000057220459,28.991308212280273,,
generation,1911,55.80000281333923,27.648963928222656,,
generation,1912,57.15000033378601,25.720355987548828,,
generation,1913,57.50000476837158,24.988481521606445,,
generation,1914,57.15000033378601,26.936931610107422,,
generation,1915,57.600003480911255,23.465246200561523,,
generation,1916,54.55000400543213,28.567588806152344,,
generation,1917,56.950002908706665,27.451732635498047,,
generation,1918,55.900001525878906,25.823108673095703,,
generation,1919,57.00000524520874,25.90591812133789,,
generation,1920,55.80000281333923,26.20714569091797,,
generation,1921,56.80000185966492,25.745304107666016,,
generation,1922,57.200002670288086,26.033966064453125,,
generation,1923,57.15000033378601,27.95041275024414,,
generation,1924,56.85000419616699,29.213293075561523,,
generation,1925,56.25,26.835018157958984,,
generation,1926,57.10000395774841,25.10879135131836,,
generation,1927,56.550002098083496,25.58969497680664,,
generation,1928,57.15000033378601,25.30846405029297,,
generation,1929,55.70000410079956,27.70587921142578,,
generation,1930,55.900001525878906,26.20334815979004,,
generation,1931,55.70000410079956,27.78269386291504,,
generation,1932,58.650004863739014,26.492334365844727,,
generation,1933,55.30000329017639,28.81386947631836,,
generation,1934,56.40000104904175,27.686697006225586,,
generation,1935,56.300002336502075,28.78788948059082,,
generation,1936,54.85000014305115,27.548290252685547,,
generation,1937,56.10000491142273,26.77443504333496,,
generation,1938,58.45000147819519,23.780643463134766,,
generation,1939,58.30000042915344,24.20068359375,,
generation,1940,56.65000081062317,26.963788986206055,,
generation,1941,56.300002336502075,24.098987579345703,,
generation,1942,56.80000185966492,25.600252151489258,,
generation,1943,56.25,26.82505226135254,,
generation,1944,57.850003242492676,24.666900634765625,,
generation,1945,57.30000138282776,25.527395248413086,,
generation,1946,55.85000514984131,25.321237564086914,,
generation,1947,55.400002002716064,25.814985275268555,,
generation,1948,57.95000195503235,24.402421951293945,,
generation,1949,56.25,26.19424057006836,,
generation,1950,55.80000281333923,28.222471237182617,,
generation,1951,58.799999952316284,23.928491592407227,,
generation,1952,56.90000057220459,24.35453987121582,,
generation,1953,57.10000395774841,25.213830947875977,,
generation,1954,56.10000491142273,26.772188186645508,,
generation,1955,55.85000514984131,25.05914878845215,,
generation,1956,56.49999976158142,24.709638595581055,,
generation,1957,56.49999976158142,27.21535301208496,,
generation,1958,57.00000524520874,25.291074752807617,,
generation,1959,55.60000538825989,25.99291229248047,,
generation,1960,57.00000524520874,24.46394920349121,,
generation,1961,57.45000243186951,24.807775497436523,,
generation,1962,55.650001764297485,26.236488342285156,,
generation,1963,57.05000162124634,26.04448127746582,,
generation,1964,56.2000036239624,25.910856246948242,,
generation,1965,55.650001764297485,27.566070556640625,,
generation,1966,57.70000219345093,25.319366455078125,,
generation,1967,56.45000338554382,26.518274307250977,,
generation,1968,56.40000104904175,29.307086944580078,,
generation,1969,57.40000009536743,28.31216812133789,,
generation,1970,55.400002002716064,27.559215545654297,,
generation,1971,56.49999976158142,26.290462493896484,,
generation,1972,56.40000104904175,28.110271453857422,,
generation,1973,56.75000548362732,25.568572998046875,,
generation,1974,57.200002670288086,25.96954917907715,,
generation,1975,55.900001525878906,28.00534439086914,,
generation,1976,56.35000467300415,28.426069259643555,,
generation,1977,56.45000338554382,27.89085578918457,,
generation,1978,57.750004529953,26.20592498779297,,
generation,1979,57.50000476837158,24.972129821777344,,
generation,1980,59.00000333786011,25.52984046936035,,
generation,1981,56.300002336502075,24.91119384765625,,
generation,1982,55.400002002716064,27.113557815551758,,
generation,1983,56.00000023841858,26.66995620727539,,
generation,1984,56.15000128746033,26.056428909301758,,
generation,1985,57.55000114440918,26.722864151000977,,
generation,1986,56.65000081062317,25.700258255004883,,
generation,1987,57.45000243186951,25.850982666015625,,
generation,1988,58.05000066757202,23.01487922668457,,
generation,1989,57.00000524520874,24.927478790283203,,
generation,1990,56.35000467300415,26.44441795349121,,
generation,1991,56.90000057220459,27.481399536132812,,
generation,1992,56.60000443458557,26.173643112182617,,
generation,1993,56.60000443458557,27.550979614257812,,
generation,1994,57.45000243186951,26.437358856201172,,
generation,1995,55.80000281333923,27.424406051635742,,
generation,1996,56.050002574920654,28.3651180267334,,
generation,1997,57.600003480911255,24.101890563964844,,
generation,1998,57.30000138282776,25.783288955688477,,
generation,1999,56.85000419616699,26.024307250976562,,
generation,2000,54.90000247955322,26.19344139099121,,
generation,2001,57.15000033378601,23.102548599243164,,
generation,2002,56.25,26.36492156982422,,
generation,2003,56.90000057220459,24.173263549804688,,
generation,2004,55.650001764297485,27.290647506713867,,
generation,2005,56.700003147125244,23.783357620239258,,
generation,2006,57.70000219345093,24.542919158935547,,
generation,2007,55.50000071525574,28.821365356445312,,
generation,2008,55.75000047683716,23.930294036865234,,
generation,2009,57.15000033378601,25.158145904541016,,
generation,2010,55.45000433921814,24.711278915405273,,
generation,2011,58.000004291534424,26.331960678100586,,
generation,2012,56.950002908706665,26.572463989257812,,
generation,2013,54.350000619888306,28.98358726501465,,
generation,2014,58.70000123977661,23.98204803466797,,
generation,2015,57.40000009536743,24.57720947265625,,
generation,2016,58.05000066757202,24.49846076965332,,
generation,2017,55.95000386238098,26.677658081054688,,
generation,2018,55.150002241134644,24.866758346557617,,
generation,2019,58.30000042915344,24.123878479003906,,
generation,2020,56.950002908706665,26.10883903503418,,
generation,2021,57.05000162124634,27.398406982421875,,
generation,2022,56.050002574920654,26.95746612548828,,
generation,2023,55.50000071525574,29.12326431274414,,
generation,2024,57.70000219345093,24.361642837524414,,
generation,2025,57.30000138282776,27.14828872680664,,
generation,2026,57.8000009059906,24.955148696899414,,
generation,2027,57.25000500679016,25.393798828125,,
generation,2028,57.25000500679016,26.636241912841797,,
generation,2029,57.350003719329834,25.01557731628418,,
generation,2030,59.60000157356262,25.271621704101562,,
generation,2031,56.950002908706665,24.20211410522461,,
generation,2032,58.35000276565552,24.373504638671875,,
generation,2033,58.35000276565552,24.68921661376953,,
generation,2034,57.55000114440918,25.68507957458496,,
generation,2035,56.75000548362732,26.85181999206543,,
generation,2036,56.15000128746033,26.091663360595703,,
generation,2037,55.60000538825989,23.510387420654297,,
generation,2038,57.55000114440918,25.08823585510254,,
generation,2039,57.30000138282776,26.42749786376953,,
generation,2040,58.1000030040741,23.779850006103516,,
generation,2041,56.65000081062317,25.157028198242188,,
generation,2042,57.70000219345093,25.07422637939453,,
generation,2043,57.200002670288086,26.448711395263672,,
generation,2044,57.8000009059906,25.557432174682617,,
generation,2045,55.650001764297485,26.67154884338379,,
generation,2046,59.3500018119812,24.776933670043945,,
generation,2047,57.600003480911255,26.099456787109375,,
generation,2048,55.60000538825989,28.21062660217285,,
generation,2049,55.80000281333923,28.56894302368164,,
generation,2050,57.40000009536743,26.41550636291504,,
generation,2051,56.80000185966492,24.35896110534668,,
generation,2052,58.20000171661377,26.82236671447754,,
generation,2053,57.10000395774841,25.76632308959961,,
generation,2054,58.55000019073486,23.519853591918945,,
generation,2055,56.40000104904175,27.461462020874023,,
generation,2056,58.45000147819519,22.791481018066406,,
generation,2057,57.05000162124634,25.51433753967285,,
generation,2058,57.850003242492676,24.273500442504883,,
generation,2059,57.30000138282776,27.174814224243164,,
generation,2060,56.45000338554382,24.02702522277832,,
generation,2061,57.30000138282776,26.310684204101562,,
generation,2062,58.05000066757202,23.947694778442383,,
generation,2063,57.10000395774841,27.649911880493164,,
generation,2064,56.85000419616699,25.346256256103516,,
generation,2065,56.35000467300415,24.806129455566406,,
generation,2066,57.30000138282776,24.803796768188477,,
generation,2067,56.950002908706665,25.40277862548828,,
generation,2068,56.550002098083496,24.74112892150879,,
generation,2069,56.75000548362732,25.18970489501953,,
generation,2070,57.45000243186951,24.101375579833984,,
generation,2071,56.45000338554382,28.457918167114258,,
generation,2072,54.750001430511475,27.025936126708984,,
generation,2073,57.10000395774841,23.99452781677246,,
generation,2074,57.15000033378601,24.76140785217285,,
generation,2075,57.25000500679016,24.085914611816406,,
generation,2076,56.85000419616699,22.692407608032227,,
generation,2077,58.20000171661377,23.487140655517578,,
generation,2078,57.64999985694885,25.100601196289062,,
generation,2079,58.30000042915344,24.401716232299805,,
generation,2080,58.650004863739014,23.574426651000977,,
generation,2081,54.90000247955322,27.064868927001953,,
generation,2082,56.550002098083496,25.079692840576172,,
generation,2083,56.950002908706665,25.53719139099121,,
generation,2084,57.200002670288086,24.799924850463867,,
generation,2085,58.85000228881836,23.127609252929688,,
generation,2086,58.250004053115845,26.51634979248047,,
generation,2087,56.2000036239624,27.4382266998291,,
generation,2088,57.850003242492676,25.38072395324707,,
generation,2089,56.40000104904175,25.432401657104492,,
generation,2090,54.9500048160553,27.858631134033203,,
generation,2091,55.30000329017639,30.07929229736328,,
generation,2092,57.15000033378601,24.760162353515625,,
generation,2093,56.80000185966492,26.521804809570312,,
generation,2094,58.15000534057617,24.174537658691406,,
generation,2095,56.00000023841858,24.074111938476562,,
generation,2096,57.350003719329834,27.90891456604004,,
generation,2097,57.600003480911255,27.062847137451172,,
generation,2098,58.40000510215759,24.031532287597656,,
generation,2099,55.900001525878906,26.59747886657715,,
generation,2100,57.25000500679016,26.334861755371094,,
generation,2101,55.70000410079956,29.18856430053711,,
generation,2102,56.85000419616699,26.264507293701172,,
generation,2103,55.60000538825989,26.948352813720703,,
generation,2104,58.60000252723694,25.144607543945312,,
generation,2105,56.700003147125244,26.164419174194336,,
generation,2106,57.30000138282776,27.07508659362793,,
generation,2107,55.55000305175781,25.30836296081543,,
generation,2108,58.35000276565552,25.248598098754883,,
generation,2109,56.2000036239624,26.756980895996094,,
generation,2110,56.050002574920654,26.548173904418945,,
generation,2111,56.550002098083496,27.37483024597168,,
generation,2112,57.40000009536743,24.349000930786133,,
generation,2113,56.550002098083496,25.291793823242188,,
generation,2114,59.150004386901855,25.862165451049805,,
generation,2115,55.95000386238098,25.193941116333008,,
generation,2116,57.350003719329834,24.77629852294922,,
generation,2117,56.80000185966492,25.190628051757812,,
generation,2118,58.60000252723694,23.147916793823242,,
generation,2119,55.150002241134644,29.084430694580078,,
generation,2120,57.05000162124634,25.42450523376465,,
generation,2121,55.34999966621399,26.711843490600586,,
generation,2122,55.60000538825989,27.783733367919922,,
generation,2123,55.75000047683716,28.39646339416504,,
generation,2124,57.40000009536743,27.09638786315918,,
generation,2125,57.10000395774841,25.964406967163086,,
generation,2126,56.85000419616699,26.26652717590332,,
generation,2127,58.05000066757202,25.279926300048828,,
generation,2128,57.850003242492676,25.97100257873535,,
generation,2129,56.2000036239624,24.73924446105957,,
generation,2130,57.600003480911255,24.553363800048828,,
generation,2131,57.64999985694885,26.128543853759766,,
generation,2132,56.45000338554382,26.011173248291016,,
generation,2133,56.25,27.073389053344727,,
generation,2134,55.34999966621399,27.256929397583008,,
generation,2135,54.9500048160553,27.46492576599121,,
generation,2136,55.60000538825989,26.8554744720459,,
generation,2137,55.900001525878906,25.82475471496582,,
generation,2138,56.00000023841858,26.91979217529297,,
generation,2139,56.75000548362732,25.769811630249023,,
generation,2140,55.650001764297485,26.159637451171875,,
generation,2141,58.40000510215759,25.075586318969727,,
generation,2142,59.50000286102295,24.494489669799805,,
generation,2143,57.850003242492676,24.675352096557617,,
generation,2144,58.799999952316284,24.607744216918945,,
generation,2145,57.600003480911255,25.635988235473633,,
generation,2146,58.15000534057617,23.438777923583984,,
generation,2147,57.50000476837158,24.60585594177246,,
generation,2148,57.10000395774841,24.043594360351562,,
generation,2149,57.55000114440918,22.099607467651367,,
generation,2150,56.700003147125244,25.505184173583984,,
generation,2151,57.15000033378601,24.374013900756836,,
generation,2152,56.10000491142273,28.80763816833496,,
generation,2153,57.05000162124634,25.974172592163086,,
generation,2154,58.55000019073486,25.73810386657715,,
generation,2155,56.2000036239624,28.175888061523438,,
generation,2156,56.80000185966492,24.568235397338867,,
generation,2157,58.45000147819519,26.346580505371094,,
generation,2158,57.70000219345093,25.945871353149414,,
generation,2159,56.60000443458557,25.7794246673584,,
generation,2160,56.65000081062317,26.207185745239258,,
generation,2161,57.850003242492676,27.075300216674805,,
generation,2162,56.35000467300415,26.892227172851562,,
generation,2163,55.75000047683716,26.628808975219727,,
generation,2164,58.15000534057617,26.253093719482422,,
generation,2165,56.300002336502075,26.64031982421875,,
generation,2166,56.00000023841858,25.43518829345703,,
generation,2167,57.10000395774841,24.773483276367188,,
generation,2168,57.50000476837158,25.035852432250977,,
generation,2169,58.000004291534424,24.86652183532715,,
generation,2170,55.60000538825989,26.020748138427734,,
generation,2171,58.55000019073486,25.381393432617188,,
generation,2172,58.45000147819519,24.514371871948242,,
generation,2173,57.600003480911255,25.48651885986328,,
generation,2174,56.950002908706665,24.492677688598633,,
generation,2175,55.70000410079956,26.09332847595215,,
generation,2176,57.40000009536743,24.636932373046875,,
generation,2177,57.00000524520874,26.608781814575195,,
generation,2178,56.35000467300415,27.39872932434082,,
generation,2179,57.45000243186951,23.318077087402344,,
generation,2180,57.850003242492676,26.058977127075195,,
generation,2181,56.2000036239624,25.783803939819336,,
generation,2182,55.20000457763672,26.824647903442383,,
generation,2183,59.450000524520874,21.641944885253906,,
generation,2184,57.90000557899475,23.796419143676758,,
generation,2185,59.3000054359436,21.873249053955078,,
generation,2186,57.200002670288086,27.502153396606445,,
generation,2187,57.8000009059906,25.789684295654297,,
generation,2188,58.650004863739014,22.62999153137207,,
generation,2189,56.45000338554382,23.732494354248047,,
generation,2190,55.400002002716064,26.921619415283203,,
generation,2191,57.600003480911255,25.358192443847656,,
generation,2192,59.00000333786011,22.099056243896484,,
generation,2193,59.00000333786011,23.354049682617188,,
generation,2194,56.40000104904175,27.583223342895508,,
generation,2195,57.25000500679016,25.222780227661133,,
generation,2196,56.60000443458557,24.53981590270996,,
generation,2197,57.64999985694885,24.66437339782715,,
generation,2198,54.500001668930054,29.3458309173584,,
generation,2199,58.1000030040741,26.50181007385254,,
generation,2200,57.95000195503235,25.016555786132812,,
generation,2201,57.05000162124634,25.34819221496582,,
generation,2202,56.35000467300415,25.686796188354492,,
generation,2203,56.75000548362732,24.78439712524414,,
generation,2204,59.150004386901855,26.804704666137695,,
generation,2205,57.850003242492676,25.985036849975586,,
generation,2206,56.950002908706665,25.480531692504883,,
generation,2207,56.75000548362732,26.68468475341797,,
generation,2208,58.1000030040741,23.932357788085938,,
generation,2209,56.300002336502075,27.799970626831055,,
generation,2210,58.20000171661377,27.481401443481445,,
generation,2211,57.55000114440918,25.555063247680664,,
generation,2212,58.900004625320435,27.00489616394043,,
generation,2213,57.95000195503235,23.167022705078125,,
generation,2214,56.25,25.282793045043945,,
generation,2215,57.10000395774841,26.086694717407227,,
generation,2216,56.65000081062317,25.27430534362793,,
generation,2217,58.05000066757202,23.13045883178711,,
generation,2218,55.70000410079956,28.436960220336914,,
generation,2219,58.30000042915344,27.61066246032715,,
generation,2220,56.80000185966492,26.690383911132812,,
generation,2221,56.700003147125244,23.029754638671875,,
generation,2222,56.15000128746033,26.546672821044922,,
generation,2223,55.900001525878906,27.817073822021484,,
generation,2224,56.550002098083496,25.739887237548828,,
generation,2225,56.25,24.129779815673828,,
generation,2226,57.10000395774841,25.48343276977539,,
generation,2227,58.40000510215759,25.837238311767578,,
generation,2228,58.000004291534424,22.158729553222656,,
generation,2229,57.850003242492676,24.17745590209961,,
generation,2230,59.3000054359436,23.88990592956543,,
generation,2231,58.55000019073486,22.725622177124023,,
generation,2232,57.95000195503235,24.194639205932617,,
generation,2233,57.05000162124634,25.022069931030273,,
generation,2234,56.050002574920654,26.46152114868164,,
generation,2235,56.950002908706665,24.25385093688965,,
generation,2236,58.75000357627869,24.46629524230957,,
generation,2237,57.10000395774841,23.460039138793945,,
generation,2238,55.95000386238098,28.435625076293945,,
generation,2239,56.2000036239624,26.492324829101562,,
generation,2240,57.750004529953,24.675857543945312,,
generation,2241,57.70000219345093,23.582782745361328,,
generation,2242,57.55000114440918,24.864055633544922,,
generation,2243,56.75000548362732,25.105831146240234,,
generation,2244,57.45000243186951,25.13467788696289,,
generation,2245,57.850003242492676,25.284692764282227,,
generation,2246,56.300002336502075,27.364173889160156,,
generation,2247,57.64999985694885,23.70856285095215,,
generation,2248,57.40000009536743,27.355077743530273,,
generation,2249,57.05000162124634,25.30571746826172,,
generation,2250,59.10000205039978,24.454864501953125,,
generation,2251,56.15000128746033,25.37812042236328,,
generation,2252,59.50000286102295,23.665849685668945,,
generation,2253,58.40000510215759,24.21221923828125,,
generation,2254,56.60000443458557,24.738595962524414,,
generation,2255,58.1000030040741,23.67856216430664,,
generation,2256,57.00000524520874,27.07868003845215,,
generation,2257,57.90000557899475,25.445913314819336,,
generation,2258,58.000004291534424,24.820268630981445,,
generation,2259,57.00000524520874,24.857580184936523,,
generation,2260,56.85000419616699,26.58246421813965,,
generation,2261,56.40000104904175,26.05278778076172,,
generation,2262,56.75000548362732,25.495996475219727,,
generation,2263,56.49999976158142,25.7526912689209,,
generation,2264,56.300002336502075,26.1499080657959,,
generation,2265,56.85000419616699,26.317707061767578,,
generation,2266,57.15000033378601,25.837377548217773,,
generation,2267,56.050002574920654,25.96640968322754,,
generation,2268,57.40000009536743,24.3635196685791,,
generation,2269,58.650004863739014,23.580142974853516,,
generation,2270,56.35000467300415,25.956327438354492,,
generation,2271,57.95000195503235,23.09722137451172,,
generation,2272,58.40000510215759,25.201190948486328,,
generation,2273,58.799999952316284,23.286239624023438,,
generation,2274,56.15000128746033,26.31387710571289,,
generation,2275,59.50000286102295,22.362991333007812,,
generation,2276,57.90000557899475,23.306913375854492,,
generation,2277,57.600003480911255,25.020414352416992,,
generation,2278,57.70000219345093,26.574581146240234,,
generation,2279,58.70000123977661,23.731565475463867,,
generation,2280,56.80000185966492,24.504398345947266,,
generation,2281,55.900001525878906,24.357643127441406,,
generation,2282,56.90000057220459,24.283313751220703,,
generation,2283,57.55000114440918,24.03902816772461,,
generation,2284,57.850003242492676,25.08820343017578,,
generation,2285,60.40000319480896,20.903362274169922,,
generation,2286,57.70000219345093,23.546768188476562,,
generation,2287,57.850003242492676,22.712627410888672,,
generation,2288,57.70000219345093,23.207334518432617,,
generation,2289,57.70000219345093,24.123933792114258,,
generation,2290,57.25000500679016,24.482059478759766,,
generation,2291,58.20000171661377,25.288114547729492,,
generation,2292,55.85000514984131,26.34303092956543,,
generation,2293,57.25000500679016,21.865854263305664,,
generation,2294,58.95000100135803,24.70953941345215,,
generation,2295,57.850003242492676,27.817819595336914,,
generation,2296,57.25000500679016,26.03020477294922,,
generation,2297,57.05000162124634,25.183452606201172,,
generation,2298,57.90000557899475,23.685733795166016,,
generation,2299,57.55000114440918,23.75238609313965,,
generation,2300,57.40000009536743,25.302040100097656,,
generation,2301,57.30000138282776,23.000730514526367,,
generation,2302,57.50000476837158,23.28237533569336,,
generation,2303,59.00000333786011,22.476015090942383,,
generation,2304,57.8000009059906,22.884244918823242,,
generation,2305,56.90000057220459,24.84426498413086,,
generation,2306,57.90000557899475,21.67631721496582,,
generation,2307,59.150004386901855,21.8793888092041,,
generation,2308,58.05000066757202,23.013734817504883,,
generation,2309,58.250004053115845,25.681665420532227,,
generation,2310,58.000004291534424,23.305131912231445,,
generation,2311,56.40000104904175,27.324066162109375,,
generation,2312,58.40000510215759,27.618427276611328,,
generation,2313,58.95000100135803,22.169160842895508,,
generation,2314,57.750004529953,23.661760330200195,,
generation,2315,57.200002670288086,22.512283325195312,,
generation,2316,57.64999985694885,23.445005416870117,,
generation,2317,56.45000338554382,23.588733673095703,,
generation,2318,58.75000357627869,24.210275650024414,,
generation,2319,58.75000357627869,22.273195266723633,,
generation,2320,58.70000123977661,24.593177795410156,,
generation,2321,56.90000057220459,23.638702392578125,,
generation,2322,56.700003147125244,23.173954010009766,,
generation,2323,57.600003480911255,24.463754653930664,,
generation,2324,56.25,25.713937759399414,,
generation,2325,57.95000195503235,21.322736740112305,,
generation,2326,57.600003480911255,23.69036102294922,,
generation,2327,57.05000162124634,25.553071975708008,,
generation,2328,58.30000042915344,23.622121810913086,,
generation,2329,57.15000033378601,24.321247100830078,,
generation,2330,56.85000419616699,24.37737464904785,,
generation,2331,56.65000081062317,24.87604522705078,,
generation,2332,57.15000033378601,22.60711097717285,,
generation,2333,56.85000419616699,24.94719886779785,,
generation,2334,55.45000433921814,25.806840896606445,,
generation,2335,57.50000476837158,25.242557525634766,,
generation,2336,58.85000228881836,22.548505783081055,,
generation,2337,57.25000500679016,25.745325088500977,,
generation,2338,57.25000500679016,24.345733642578125,,
generation,2339,58.500003814697266,22.068897247314453,,
generation,2340,56.300002336502075,24.614608764648438,,
generation,2341,59.10000205039978,22.368101119995117,,
generation,2342,58.250004053115845,21.12787437438965,,
generation,2343,57.25000500679016,22.937679290771484,,
generation,2344,56.700003147125244,24.267377853393555,,
generation,2345,58.15000534057617,23.623205184936523,,
generation,2346,56.90000057220459,24.48646354675293,,
generation,2347,57.15000033378601,23.053863525390625,,
generation,2348,57.750004529953,21.56803321838379,,
generation,2349,58.55000019073486,23.40366554260254,,
generation,2350,57.05000162124634,21.830337524414062,,
generation,2351,58.20000171661377,22.13003921508789,,
generation,2352,56.25,24.946874618530273,,
generation,2353,59.6500039100647,21.21175765991211,,
generation,2354,56.050002574920654,25.864442825317383,,
generation,2355,56.45000338554382,22.530517578125,,
generation,2356,57.45000243186951,24.513803482055664,,
generation,2357,56.90000057220459,23.72514533996582,,
generation,2358,56.65000081062317,23.4030704498291,,
generation,2359,56.65000081062317,22.940155029296875,,
generation,2360,59.20000076293945,21.5375919342041,,
generation,2361,58.95000100135803,24.099336624145508,,
generation,2362,58.30000042915344,23.327045440673828,,
generation,2363,57.05000162124634,22.011442184448242,,
generation,2364,59.3000054359436,22.849594116210938,,
generation,2365,58.1000030040741,23.58181381225586,,
generation,2366,58.45000147819519,19.83700180053711,,
generation,2367,56.49999976158142,24.907630920410156,,
generation,2368,60.00000238418579,20.861547470092773,,
generation,2369,57.70000219345093,25.00800323486328,,
generation,2370,57.850003242492676,21.727563858032227,,
generation,2371,57.8000009059906,23.086166381835938,,
generation,2372,58.650004863739014,22.112548828125,,
generation,2373,57.50000476837158,24.75465965270996,,
generation,2374,58.500003814697266,21.751562118530273,,
generation,2375,57.750004529953,22.915102005004883,,
generation,2376,58.250004053115845,21.55852508544922,,
generation,2377,59.10000205039978,21.33485984802246,,
generation,2378,58.000004291534424,21.938264846801758,,
generation,2379,58.650004863739014,22.667503356933594,,
generation,2380,56.60000443458557,21.87997055053711,,
generation,2381,56.80000185966492,24.17382049560547,,
generation,2382,58.60000252723694,23.567190170288086,,
generation,2383,60.050004720687866,20.122705459594727,,
generation,2384,57.8000009059906,22.095008850097656,,
generation,2385,57.10000395774841,24.042724609375,,
generation,2386,58.799999952316284,21.458486557006836,,
generation,2387,57.200002670288086,24.940031051635742,,
generation,2388,57.8000009059906,25.590824127197266,,
generation,2389,58.85000228881836,24.519733428955078,,
generation,2390,56.60000443458557,24.557167053222656,,
generation,2391,57.850003242492676,22.79237174987793,,
generation,2392,56.60000443458557,22.19813346862793,,
generation,2393,58.85000228881836,22.852279663085938,,
generation,2394,57.64999985694885,26.07868003845215,,
generation,2395,59.450000524520874,21.829940795898438,,
generation,2396,57.05000162124634,24.794158935546875,,
generation,2397,57.45000243186951,22.869548797607422,,
generation,2398,57.850003242492676,22.923250198364258,,
generation,2399,57.00000524520874,22.698143005371094,,
generation,2400,58.000004291534424,23.63373374938965,,
generation,2401,60.00000238418579,21.731706619262695,,
generation,2402,58.45000147819519,20.900774002075195,,
generation,2403,57.200002670288086,24.658296585083008,,
generation,2404,58.30000042915344,22.76510238647461,,
generation,2405,57.200002670288086,21.49945831298828,,
generation,2406,59.20000076293945,23.193681716918945,,
generation,2407,59.10000205039978,23.329622268676758,,
generation,2408,56.950002908706665,21.960561752319336,,
generation,2409,57.00000524520874,22.7736759185791,,
generation,2410,57.55000114440918,24.60765266418457,,
generation,2411,58.85000228881836,22.550146102905273,,
generation,2412,58.40000510215759,24.37527847290039,,
generation,2413,59.05000567436218,21.870559692382812,,
generation,2414,57.45000243186951,22.479555130004883,,
generation,2415,59.3500018119812,22.47719955444336,,
generation,2416,58.799999952316284,21.386062622070312,,
generation,2417,58.45000147819519,22.786184310913086,,
generation,2418,57.850003242492676,26.300071716308594,,
generation,2419,58.250004053115845,25.474512100219727,,
generation,2420,57.90000557899475,23.983888626098633,,
generation,2421,59.20000076293945,22.300281524658203,,
generation,2422,58.799999952316284,21.902883529663086,,
generation,2423,58.85000228881836,23.02613639831543,,
generation,2424,57.30000138282776,23.840259552001953,,
generation,2425,58.95000100135803,21.476398468017578,,
generation,2426,56.60000443458557,23.287521362304688,,
generation,2427,59.400004148483276,22.820985794067383,,
generation,2428,57.30000138282776,22.138553619384766,,
generation,2429,57.55000114440918,23.088176727294922,,
generation,2430,57.90000557899475,24.17577362060547,,
generation,2431,57.8000009059906,22.871822357177734,,
generation,2432,55.400002002716064,26.865861892700195,,
generation,2433,57.64999985694885,22.720108032226562,,
generation,2434,57.600003480911255,23.22467613220215,,
generation,2435,56.80000185966492,24.02430534362793,,
generation,2436,59.3500018119812,21.88739585876465,,
generation,2437,58.05000066757202,21.86811637878418,,
generation,2438,58.650004863739014,21.845834732055664,,
generation,2439,56.2000036239624,21.680551528930664,,
generation,2440,58.45000147819519,22.72353744506836,,
generation,2441,57.45000243186951,22.071142196655273,,
generation,2442,57.200002670288086,23.5831241607666,,
generation,2443,59.700000286102295,22.647640228271484,,
generation,2444,58.20000171661377,23.00687026977539,,
generation,2445,57.95000195503235,23.32171058654785,,
generation,2446,58.20000171661377,23.051986694335938,,
generation,2447,58.60000252723694,24.555171966552734,,
generation,2448,59.150004386901855,21.84387969970703,,
generation,2449,57.70000219345093,23.26190185546875,,
generation,2450,59.20000076293945,24.457822799682617,,
generation,2451,58.000004291534424,23.47748374938965,,
generation,2452,58.900004625320435,22.801410675048828,,
generation,2453,58.75000357627869,21.049108505249023,,
generation,2454,58.500003814697266,21.75029754638672,,
generation,2455,57.95000195503235,22.704833984375,,
generation,2456,56.25,23.53112030029297,,
generation,2457,58.250004053115845,23.591508865356445,,
generation,2458,57.350003719329834,24.15493392944336,,
generation,2459,58.75000357627869,23.593305587768555,,
generation,2460,58.15000534057617,21.259506225585938,,
generation,2461,58.70000123977661,22.204910278320312,,
generation,2462,57.850003242492676,24.671863555908203,,
generation,2463,58.85000228881836,23.144880294799805,,
generation,2464,56.85000419616699,26.020870208740234,,
generation,2465,57.05000162124634,25.020524978637695,,
generation,2466,58.000004291534424,24.26116371154785,,
generation,2467,58.85000228881836,23.83881187438965,,
generation,2468,56.90000057220459,24.244487762451172,,
generation,2469,57.64999985694885,20.063467025756836,,
generation,2470,58.20000171661377,24.65118980407715,,
generation,2471,57.750004529953,24.459196090698242,,
generation,2472,58.250004053115845,21.7737979888916,,
generation,2473,58.1000030040741,21.36886978149414,,
generation,2474,57.15000033378601,22.560531616210938,,
generation,2475,56.75000548362732,24.589635848999023,,
generation,2476,59.450000524520874,23.792510986328125,,
generation,2477,57.64999985694885,22.655597686767578,,
generation,2478,57.05000162124634,22.48090934753418,,
generation,2479,58.000004291534424,22.82052230834961,,
generation,2480,57.64999985694885,24.74172592163086,,
generation,2481,56.25,24.308290481567383,,
generation,2482,58.799999952316284,22.079975128173828,,
generation,2483,58.20000171661377,23.099853515625,,
generation,2484,58.250004053115845,22.348041534423828,,
generation,2485,57.50000476837158,24.675609588623047,,
generation,2486,56.950002908706665,23.906391143798828,,
generation,2487,57.850003242492676,24.010906219482422,,
generation,2488,58.35000276565552,23.984037399291992,,
generation,2489,58.650004863739014,20.909889221191406,,
generation,2490,57.600003480911255,23.268497467041016,,
generation,2491,58.900004625320435,23.037328720092773,,
generation,2492,58.1000030040741,23.927030563354492,,
generation,2493,57.25000500679016,22.759761810302734,,
generation,2494,59.00000333786011,21.517955780029297,,
generation,2495,58.500003814697266,22.42080307006836,,
generation,2496,57.850003242492676,22.721391677856445,,
generation,2497,58.1000030040741,23.722009658813477,,
generation,2498,59.3500018119812,21.801223754882812,,
generation,2499,57.50000476837158,23.770116806030273,,
generation,2500,57.00000524520874,25.082664489746094,,
generation,2501,58.1000030040741,22.048677444458008,,
generation,2502,57.200002670288086,25.572818756103516,,
generation,2503,57.350003719329834,22.68762969970703,,
generation,2504,57.750004529953,21.386157989501953,,
generation,2505,58.250004053115845,23.43474006652832,,
generation,2506,57.600003480911255,23.471664428710938,,
generation,2507,58.55000019073486,22.795854568481445,,
generation,2508,58.30000042915344,24.08316993713379,,
generation,2509,58.70000123977661,21.917238235473633,,
generation,2510,61.10000014305115,22.50078010559082,,
generation,2511,59.550005197525024,19.973012924194336,,
generation,2512,59.3000054359436,24.436885833740234,,
generation,2513,59.550005197525024,23.099000930786133,,
generation,2514,60.00000238418579,20.724395751953125,,
generation,2515,58.15000534057617,21.19365882873535,,
generation,2516,57.70000219345093,22.004316329956055,,
generation,2517,58.85000228881836,22.570301055908203,,
generation,2518,56.65000081062317,23.6715030670166,,
generation,2519,58.70000123977661,21.654417037963867,,
generation,2520,57.55000114440918,22.465211868286133,,
generation,2521,56.90000057220459,23.568317413330078,,
generation,2522,57.05000162124634,23.650920867919922,,
generation,2523,58.250004053115845,22.55841827392578,,
generation,2524,57.00000524520874,22.911413192749023,,
generation,2525,58.000004291534424,24.605056762695312,,
generation,2526,58.000004291534424,20.984516143798828,,
generation,2527,56.300002336502075,23.872291564941406,,
generation,2528,58.30000042915344,25.752988815307617,,
generation,2529,57.750004529953,23.868560791015625,,
generation,2530,58.1000030040741,22.030752182006836,,
generation,2531,57.50000476837158,23.190343856811523,,
generation,2532,57.10000395774841,22.19219207763672,,
generation,2533,58.000004291534424,24.828222274780273,,
generation,2534,58.55000019073486,22.81389808654785,,
generation,2535,59.400004148483276,20.054880142211914,,
generation,2536,57.05000162124634,23.660207748413086,,
generation,2537,58.60000252723694,21.620830535888672,,
generation,2538,57.850003242492676,23.889062881469727,,
generation,2539,60.350000858306885,20.533668518066406,,
generation,2540,57.55000114440918,23.00420379638672,,
generation,2541,58.60000252723694,25.254058837890625,,
generation,2542,59.400004148483276,23.153188705444336,,
generation,2543,57.45000243186951,23.88629150390625,,
generation,2544,57.600003480911255,23.74567985534668,,
generation,2545,59.25000309944153,21.99222183227539,,
generation,2546,58.75000357627869,24.406986236572266,,
generation,2547,58.55000019073486,21.45362091064453,,
generation,2548,57.50000476837158,24.73599624633789,,
generation,2549,58.15000534057617,25.786006927490234,,
generation,2550,59.85000133514404,22.9383487701416,,
generation,2551,57.50000476837158,21.044876098632812,,
generation,2552,58.05000066757202,22.289413452148438,,
generation,2553,57.64999985694885,23.891698837280273,,
generation,2554,57.40000009536743,25.159940719604492,,
generation,2555,58.95000100135803,20.979841232299805,,
generation,2556,58.60000252723694,23.06613540649414,,
generation,2557,58.20000171661377,24.005111694335938,,
generation,2558,59.10000205039978,25.575389862060547,,
generation,2559,58.20000171661377,23.567302703857422,,
generation,2560,56.90000057220459,25.236141204833984,,
generation,2561,57.750004529953,25.550867080688477,,
generation,2562,59.6500039100647,22.620738983154297,,
generation,2563,57.850003242492676,24.534191131591797,,
generation,2564,57.350003719329834,22.077199935913086,,
generation,2565,57.600003480911255,25.502967834472656,,
generation,2566,58.15000534057617,24.164127349853516,,
generation,2567,58.799999952316284,22.937593460083008,,
generation,2568,59.400004148483276,22.884521484375,,
generation,2569,56.950002908706665,22.77092170715332,,
generation,2570,57.25000500679016,23.272384643554688,,
generation,2571,58.60000252723694,20.848148345947266,,
generation,2572,58.40000510215759,21.991504669189453,,
generation,2573,58.900004625320435,23.102737426757812,,
generation,2574,56.75000548362732,21.768590927124023,,
generation,2575,59.10000205039978,21.066490173339844,,
generation,2576,56.300002336502075,25.541955947875977,,
generation,2577,58.55000019073486,24.762598037719727,,
generation,2578,58.000004291534424,22.134552001953125,,
generation,2579,58.15000534057617,23.48505210876465,,
generation,2580,58.75000357627869,21.787965774536133,,
generation,2581,58.900004625320435,21.62026023864746,,
generation,2582,57.90000557899475,23.007705688476562,,
generation,2583,58.40000510215759,22.41619300842285,,
generation,2584,58.250004053115845,21.794246673583984,,
generation,2585,57.200002670288086,24.562210083007812,,
generation,2586,57.95000195503235,23.895498275756836,,
generation,2587,58.500003814697266,21.723737716674805,,
generation,2588,56.35000467300415,24.230257034301758,,
generation,2589,58.799999952316284,21.33942985534668,,
generation,2590,57.70000219345093,23.342220306396484,,
generation,2591,56.950002908706665,26.360876083374023,,
generation,2592,58.20000171661377,23.539993286132812,,
generation,2593,57.8000009059906,23.682636260986328,,
generation,2594,59.25000309944153,24.57544708251953,,
generation,2595,56.85000419616699,23.28472137451172,,
generation,2596,59.700000286102295,22.647380828857422,,
generation,2597,57.8000009059906,23.976795196533203,,
generation,2598,60.100001096725464,23.145652770996094,,
generation,2599,58.250004053115845,23.505247116088867,,
generation,2600,59.00000333786011,23.037918090820312,,
generation,2601,58.250004053115845,23.512083053588867,,
generation,2602,56.35000467300415,26.20653533935547,,
generation,2603,57.40000009536743,23.203102111816406,,
generation,2604,58.15000534057617,22.8747615814209,,
generation,2605,61.15000247955322,22.823917388916016,,
generation,2606,58.000004291534424,23.284862518310547,,
generation,2607,59.25000309944153,21.464197158813477,,
generation,2608,59.05000567436218,22.193174362182617,,
generation,2609,58.45000147819519,22.636722564697266,,
generation,2610,58.15000534057617,25.724245071411133,,
generation,2611,57.90000557899475,25.64247703552246,,
generation,2612,59.450000524520874,23.39256477355957,,
generation,2613,57.45000243186951,25.429779052734375,,
generation,2614,60.100001096725464,22.59231948852539,,
generation,2615,58.70000123977661,22.546655654907227,,
generation,2616,57.70000219345093,24.660234451293945,,
generation,2617,58.45000147819519,22.47630500793457,,
generation,2618,59.50000286102295,22.877023696899414,,
generation,2619,59.450000524520874,22.49875831604004,,
generation,2620,56.35000467300415,25.256166458129883,,
generation,2621,58.30000042915344,26.615234375,,
generation,2622,59.00000333786011,23.764680862426758,,
generation,2623,58.15000534057617,22.694242477416992,,
generation,2624,58.60000252723694,22.882837295532227,,
generation,2625,59.150004386901855,21.917343139648438,,
generation,2626,58.20000171661377,23.342084884643555,,
generation,2627,58.35000276565552,22.675630569458008,,
generation,2628,60.50000190734863,20.98954963684082,,
generation,2629,58.60000252723694,21.890153884887695,,
generation,2630,60.15000343322754,21.91412925720215,,
generation,2631,58.35000276565552,24.019561767578125,,
generation,2632,57.850003242492676,22.940940856933594,,
generation,2633,58.900004625320435,24.56194305419922,,
generation,2634,58.900004625320435,23.85280990600586,,
generation,2635,60.15000343322754,22.633962631225586,,
generation,2636,58.000004291534424,23.39164924621582,,
generation,2637,60.85000038146973,21.052705764770508,,
generation,2638,57.30000138282776,23.040172576904297,,
generation,2639,57.8000009059906,23.185806274414062,,
generation,2640,59.800004959106445,24.644912719726562,,
generation,2641,58.30000042915344,22.28481101989746,,
generation,2642,57.30000138282776,25.743881225585938,,
generation,2643,57.750004529953,26.175941467285156,,
generation,2644,57.8000009059906,23.376754760742188,,
generation,2645,58.650004863739014,24.410062789916992,,
generation,2646,59.00000333786011,21.435617446899414,,
generation,2647,58.55000019073486,22.318124771118164,,
generation,2648,58.40000510215759,22.523906707763672,,
generation,2649,58.250004053115845,22.73004150390625,,
generation,2650,58.85000228881836,24.19512176513672,,
generation,2651,58.650004863739014,23.489315032958984,,
generation,2652,57.64999985694885,22.870243072509766,,
generation,2653,58.85000228881836,21.554908752441406,,
generation,2654,59.05000567436218,23.30069923400879,,
generation,2655,58.900004625320435,23.744409561157227,,
generation,2656,59.6500039100647,21.374483108520508,,
generation,2657,58.30000042915344,23.684152603149414,,
generation,2658,58.40000510215759,20.706405639648438,,
generation,2659,57.600003480911255,21.642576217651367,,
generation,2660,57.750004529953,21.74309539794922,,
generation,2661,58.20000171661377,25.411821365356445,,
generation,2662,58.20000171661377,22.654579162597656,,
generation,2663,57.90000557899475,22.26137924194336,,
generation,2664,58.15000534057617,23.34970474243164,,
generation,2665,59.05000567436218,23.385005950927734,,
generation,2666,58.60000252723694,22.98967170715332,,
generation,2667,58.900004625320435,22.962474822998047,,
generation,2668,59.05000567436218,21.83084487915039,,
generation,2669,58.45000147819519,23.871793746948242,,
generation,2670,58.650004863739014,20.522146224975586,,
generation,2671,58.05000066757202,24.647403717041016,,
generation,2672,58.35000276565552,23.770095825195312,,
generation,2673,57.30000138282776,22.390899658203125,,
generation,2674,59.400004148483276,20.593345642089844,,
generation,2675,58.650004863739014,21.105308532714844,,
generation,2676,59.950000047683716,22.860776901245117,,
generation,2677,57.95000195503235,25.372888565063477,,
generation,2678,58.70000123977661,25.446182250976562,,
generation,2679,59.20000076293945,21.115074157714844,,
generation,2680,58.900004625320435,22.227798461914062,,
generation,2681,59.800004959106445,20.851245880126953,,
generation,2682,59.550005197525024,23.913972854614258,,
generation,2683,57.30000138282776,22.83722686767578,,
generation,2684,58.30000042915344,22.407026290893555,,
generation,2685,56.75000548362732,24.15252113342285,,
generation,2686,56.75000548362732,24.425275802612305,,
generation,2687,61.05000376701355,21.19140625,,
generation,2688,56.80000185966492,24.98646354675293,,
generation,2689,58.900004625320435,24.036956787109375,,
generation,2690,58.55000019073486,23.415374755859375,,
generation,2691,59.00000333786011,23.028884887695312,,
generation,2692,60.25000214576721,21.931180953979492,,
generation,2693,59.700000286102295,20.626134872436523,,
generation,2694,58.650004863739014,22.50602912902832,,
generation,2695,59.00000333786011,22.195037841796875,,
generation,2696,59.75000262260437,23.639732360839844,,
generation,2697,59.6500039100647,19.329679489135742,,
generation,2698,58.85000228881836,20.742652893066406,,
generation,2699,58.45000147819519,23.601478576660156,,
generation,2700,59.00000333786011,21.751205444335938,,
generation,2701,59.10000205039978,20.819068908691406,,
generation,2702,58.500003814697266,22.80893898010254,,
generation,2703,59.00000333786011,22.655075073242188,,
generation,2704,59.05000567436218,22.390518188476562,,
generation,2705,57.600003480911255,23.359699249267578,,
generation,2706,59.05000567436218,21.576642990112305,,
generation,2707,60.700005292892456,20.70712661743164,,
generation,2708,60.750001668930054,20.901941299438477,,
generation,2709,56.45000338554382,22.038867950439453,,
generation,2710,58.500003814697266,21.63558578491211,,
generation,2711,57.850003242492676,23.919836044311523,,
generation,2712,58.95000100135803,23.577220916748047,,
generation,2713,58.000004291534424,24.3419132232666,,
generation,2714,58.70000123977661,22.172212600708008,,
generation,2715,60.750001668930054,19.535497665405273,,
generation,2716,58.20000171661377,24.452985763549805,,
generation,2717,57.600003480911255,25.98857307434082,,
generation,2718,59.450000524520874,21.857751846313477,,
generation,2719,56.25,22.227705001831055,,
generation,2720,58.45000147819519,21.459909439086914,,
generation,2721,55.80000281333923,23.487863540649414,,
generation,2722,56.700003147125244,24.195302963256836,,
generation,2723,58.70000123977661,23.93463706970215,,
generation,2724,59.550005197525024,22.637989044189453,,
generation,2725,58.70000123977661,22.865921020507812,,
generation,2726,60.350000858306885,20.44789695739746,,
generation,2727,59.25000309944153,21.965503692626953,,
generation,2728,58.000004291534424,22.858064651489258,,
generation,2729,59.950000047683716,20.880685806274414,,
generation,2730,57.70000219345093,22.693960189819336,,
generation,2731,58.45000147819519,21.255916595458984,,
generation,2732,57.750004529953,21.597990036010742,,
generation,2733,59.150004386901855,21.42727279663086,,
generation,2734,59.450000524520874,22.552871704101562,,
generation,2735,58.40000510215759,20.334211349487305,,
generation,2736,57.10000395774841,23.09622573852539,,
generation,2737,59.25000309944153,22.271059036254883,,
generation,2738,59.00000333786011,23.49115562438965,,
generation,2739,59.50000286102295,21.79647445678711,,
generation,2740,59.400004148483276,21.133827209472656,,
generation,2741,58.55000019073486,21.843801498413086,,
generation,2742,59.450000524520874,21.68668556213379,,
generation,2743,58.35000276565552,20.509458541870117,,
generation,2744,58.30000042915344,21.79996681213379,,
generation,2745,57.25000500679016,22.087106704711914,,
generation,2746,57.50000476837158,24.276208877563477,,
generation,2747,60.30000448226929,21.7202205657959,,
generation,2748,57.600003480911255,23.283267974853516,,
generation,2749,58.900004625320435,22.924726486206055,,
generation,2750,59.50000286102295,19.7453670501709,,
generation,2751,57.90000557899475,23.896589279174805,,
generation,2752,58.05000066757202,20.99649429321289,,
generation,2753,57.90000557899475,24.469327926635742,,
generation,2754,60.55000424385071,20.22129249572754,,
generation,2755,57.90000557899475,23.40855598449707,,
generation,2756,59.400004148483276,23.043460845947266,,
generation,2757,58.40000510215759,21.236143112182617,,
generation,2758,58.60000252723694,22.914764404296875,,
generation,2759,59.450000524520874,21.598403930664062,,
generation,2760,59.75000262260437,23.508407592773438,,
generation,2761,57.70000219345093,22.028392791748047,,
generation,2762,59.3500018119812,21.828495025634766,,
generation,2763,58.250004053115845,22.930513381958008,,
generation,2764,59.60000157356262,20.1535701751709,,
generation,2765,59.450000524520874,22.135372161865234,,
generation,2766,58.40000510215759,23.261945724487305,,
generation,2767,57.750004529953,21.087509155273438,,
generation,2768,58.15000534057617,21.280729293823242,,
generation,2769,58.500003814697266,22.366783142089844,,
generation,2770,59.150004386901855,22.32459259033203,,
generation,2771,57.55000114440918,21.567874908447266,,
generation,2772,58.1000030040741,23.528188705444336,,
generation,2773,59.3000054359436,22.445642471313477,,
generation,2774,59.10000205039978,22.302095413208008,,
generation,2775,58.1000030040741,21.96837615966797,,
generation,2776,58.45000147819519,22.341182708740234,,
generation,2777,58.799999952316284,24.233755111694336,,
generation,2778,59.05000567436218,20.97296142578125,,
generation,2779,59.90000367164612,21.810338973999023,,
generation,2780,58.799999952316284,22.799257278442383,,
generation,2781,60.30000448226929,20.040555953979492,,
generation,2782,56.49999976158142,23.801631927490234,,
generation,2783,59.90000367164612,22.532804489135742,,
generation,2784,59.700000286102295,21.028121948242188,,
generation,2785,58.85000228881836,24.365148544311523,,
generation,2786,59.10000205039978,21.941207885742188,,
generation,2787,56.85000419616699,24.116661071777344,,
generation,2788,59.400004148483276,22.926578521728516,,
generation,2789,57.45000243186951,22.987367630004883,,
generation,2790,58.05000066757202,22.32638931274414,,
generation,2791,58.15000534057617,20.87257957458496,,
generation,2792,59.05000567436218,21.416231155395508,,
generation,2793,59.3500018119812,19.960174560546875,,
generation,2794,58.1000030040741,21.62257194519043,,
generation,2795,58.45000147819519,22.553525924682617,,
generation,2796,58.799999952316284,21.22021484375,,
generation,2797,59.950000047683716,21.212141036987305,,
generation,2798,59.00000333786011,21.268688201904297,,
generation,2799,58.40000510215759,23.34265899658203,,
generation,2800,59.85000133514404,22.10742950439453,,
generation,2801,58.40000510215759,22.6257381439209,,
generation,2802,59.3000054359436,19.568384170532227,,
generation,2803,60.100001096725464,21.17327308654785,,
generation,2804,58.250004053115845,21.190916061401367,,
generation,2805,58.70000123977661,22.87755012512207,,
generation,2806,59.75000262260437,21.971633911132812,,
generation,2807,57.750004529953,22.719404220581055,,
generation,2808,60.050004720687866,21.283533096313477,,
generation,2809,57.90000557899475,22.353649139404297,,
generation,2810,60.9000027179718,19.61328125,,
generation,2811,60.30000448226929,22.754409790039062,,
generation,2812,59.150004386901855,20.27858543395996,,
generation,2813,59.05000567436218,22.116758346557617,,
generation,2814,59.3000054359436,20.683483123779297,,
generation,2815,58.40000510215759,22.548742294311523,,
generation,2816,57.45000243186951,21.568422317504883,,
generation,2817,56.75000548362732,23.303817749023438,,
generation,2818,57.95000195503235,20.766864776611328,,
generation,2819,58.05000066757202,21.50523567199707,,
generation,2820,59.25000309944153,20.37380027770996,,
generation,2821,58.900004625320435,22.117280960083008,,
generation,2822,59.20000076293945,20.850820541381836,,
generation,2823,57.350003719329834,26.748443603515625,,
generation,2824,58.250004053115845,22.73900032043457,,
generation,2825,59.05000567436218,21.63320541381836,,
generation,2826,57.25000500679016,22.079130172729492,,
generation,2827,58.05000066757202,23.45595932006836,,
generation,2828,57.30000138282776,24.146282196044922,,
generation,2829,59.00000333786011,21.743837356567383,,
generation,2830,58.000004291534424,23.256546020507812,,
generation,2831,59.550005197525024,21.693666458129883,,
generation,2832,59.10000205039978,19.763744354248047,,
generation,2833,59.150004386901855,19.86409568786621,,
generation,2834,60.25000214576721,22.8881778717041,,
generation,2835,60.40000319480896,20.418333053588867,,
generation,2836,60.00000238418579,20.908849716186523,,
generation,2837,58.900004625320435,21.629100799560547,,
generation,2838,59.10000205039978,21.5562686920166,,
generation,2839,58.30000042915344,22.220380783081055,,
generation,2840,59.05000567436218,20.779125213623047,,
generation,2841,60.40000319480896,19.905996322631836,,
generation,2842,58.75000357627869,21.18977928161621,,
generation,2843,60.350000858306885,22.98297691345215,,
generation,2844,58.45000147819519,22.672740936279297,,
generation,2845,58.60000252723694,23.145824432373047,,
generation,2846,58.900004625320435,22.235870361328125,,
generation,2847,59.90000367164612,22.49373435974121,,
generation,2848,59.6500039100647,20.967578887939453,,
generation,2849,60.15000343322754,21.860868453979492,,
generation,2850,59.450000524520874,22.50629234313965,,
generation,2851,60.30000448226929,21.132665634155273,,
generation,2852,59.150004386901855,23.106752395629883,,
generation,2853,59.400004148483276,22.562198638916016,,
generation,2854,59.700000286102295,22.059152603149414,,
generation,2855,57.70000219345093,20.691970825195312,,
generation,2856,60.40000319480896,22.270174026489258,,
generation,2857,57.15000033378601,27.755098342895508,,
generation,2858,59.25000309944153,22.60015296936035,,
generation,2859,57.64999985694885,21.677106857299805,,
generation,2860,58.15000534057617,22.892614364624023,,
generation,2861,57.600003480911255,20.438457489013672,,
generation,2862,58.15000534057617,25.290271759033203,,
generation,2863,57.15000033378601,22.182575225830078,,
generation,2864,58.40000510215759,21.620132446289062,,
generation,2865,56.15000128746033,21.161476135253906,,
generation,2866,59.800004959106445,20.30556297302246,,
generation,2867,59.75000262260437,19.040124893188477,,
generation,2868,56.80000185966492,23.045509338378906,,
generation,2869,58.799999952316284,21.159109115600586,,
generation,2870,59.20000076293945,21.34351921081543,,
generation,2871,58.60000252723694,21.328962326049805,,
generation,2872,58.000004291534424,21.392316818237305,,
generation,2873,58.55000019073486,24.479312896728516,,
generation,2874,59.150004386901855,21.409841537475586,,
generation,2875,60.30000448226929,22.39250373840332,,
generation,2876,60.750001668930054,20.558990478515625,,
generation,2877,59.20000076293945,22.60260772705078,,
generation,2878,59.6500039100647,21.5311222076416,,
generation,2879,60.25000214576721,22.355375289916992,,
generation,2880,59.25000309944153,20.586275100708008,,
generation,2881,58.60000252723694,22.83071517944336,,
generation,2882,59.150004386901855,20.85962677001953,,
generation,2883,58.500003814697266,24.395627975463867,,
generation,2884,59.3000054359436,21.03823471069336,,
generation,2885,58.1000030040741,22.55436134338379,,
generation,2886,58.95000100135803,23.380794525146484,,
generation,2887,57.05000162124634,23.19791603088379,,
generation,2888,58.900004625320435,21.22865104675293,,
generation,2889,59.3500018119812,21.520933151245117,,
generation,2890,57.64999985694885,22.78878402709961,,
generation,2891,59.450000524520874,22.376667022705078,,
generation,2892,58.000004291534424,22.29853630065918,,
generation,2893,58.60000252723694,21.17754554748535,,
generation,2894,58.55000019073486,22.358211517333984,,
generation,2895,58.75000357627869,23.367616653442383,,
generation,2896,58.55000019073486,24.12035369873047,,
generation,2897,58.70000123977661,22.37887954711914,,
generation,2898,58.20000171661377,21.929161071777344,,
generation,2899,58.900004625320435,22.012271881103516,,
generation,2900,60.350000858306885,19.691242218017578,,
generation,2901,58.85000228881836,21.281967163085938,,
generation,2902,58.000004291534424,23.50501251220703,,
generation,2903,58.1000030040741,22.795034408569336,,
generation,2904,59.20000076293945,20.77535629272461,,
generation,2905,58.35000276565552,24.264318466186523,,
generation,2906,59.6500039100647,21.041109085083008,,
generation,2907,58.85000228881836,21.879682540893555,,
generation,2908,59.150004386901855,22.361223220825195,,
generation,2909,58.000004291534424,22.63928985595703,,
generation,2910,58.650004863739014,22.308439254760742,,
generation,2911,58.95000100135803,22.393428802490234,,
generation,2912,58.70000123977661,21.085468292236328,,
generation,2913,58.1000030040741,22.402965545654297,,
generation,2914,57.750004529953,22.150100708007812,,
generation,2915,57.95000195503235,24.26551628112793,,
generation,2916,58.650004863739014,22.249217987060547,,
generation,2917,59.00000333786011,21.772808074951172,,
generation,2918,60.00000238418579,20.602819442749023,,
generation,2919,59.3000054359436,21.719974517822266,,
generation,2920,59.50000286102295,21.40024757385254,,
generation,2921,59.400004148483276,22.194747924804688,,
generation,2922,59.950000047683716,21.170495986938477,,
generation,2923,60.80000400543213,21.24614906311035,,
generation,2924,57.64999985694885,25.218503952026367,,
generation,2925,59.20000076293945,21.873836517333984,,
generation,2926,59.450000524520874,20.587114334106445,,
generation,2927,58.650004863739014,23.246191024780273,,
generation,2928,59.60000157356262,22.290220260620117,,
generation,2929,58.900004625320435,22.02548599243164,,
generation,2930,57.600003480911255,23.07282257080078,,
generation,2931,59.950000047683716,21.56121063232422,,
generation,2932,59.50000286102295,21.143959045410156,,
generation,2933,59.6500039100647,21.51630210876465,,
generation,2934,58.250004053115845,23.999134063720703,,
generation,2935,58.70000123977661,20.997638702392578,,
generation,2936,58.650004863739014,22.12096405029297,,
generation,2937,57.64999985694885,23.79827308654785,,
generation,2938,58.900004625320435,21.3544979095459,,
generation,2939,60.55000424385071,19.026790618896484,,
generation,2940,58.250004053115845,22.774202346801758,,
generation,2941,59.700000286102295,19.265958786010742,,
generation,2942,60.30000448226929,20.666120529174805,,
generation,2943,59.150004386901855,21.41876983642578,,
generation,2944,59.950000047683716,21.96293830871582,,
generation,2945,58.05000066757202,22.28961753845215,,
generation,2946,59.10000205039978,19.254968643188477,,
generation,2947,59.60000157356262,21.540430068969727,,
generation,2948,59.3000054359436,21.72144889831543,,
generation,2949,58.95000100135803,22.588701248168945,,
generation,2950,57.64999985694885,22.22243881225586,,
generation,2951,57.70000219345093,20.7839412689209,,
generation,2952,59.6500039100647,19.97199058532715,,
generation,2953,59.25000309944153,21.717330932617188,,
generation,2954,58.35000276565552,20.442691802978516,,
generation,2955,60.25000214576721,18.734773635864258,,
generation,2956,58.40000510215759,21.61417007446289,,
generation,2957,58.1000030040741,22.40216827392578,,
generation,2958,58.05000066757202,19.235563278198242,,
generation,2959,57.90000557899475,21.242210388183594,,
generation,2960,61.650002002716064,20.16714859008789,,
generation,2961,58.900004625320435,20.85991096496582,,
generation,2962,58.000004291534424,21.56926155090332,,
generation,2963,58.85000228881836,20.032258987426758,,
generation,2964,57.200002670288086,23.431331634521484,,
generation,2965,60.750001668930054,20.729589462280273,,
generation,2966,60.65000295639038,18.673004150390625,,
generation,2967,57.750004529953,22.853946685791016,,
generation,2968,58.650004863739014,23.27887725830078,,
generation,2969,58.55000019073486,21.59063148498535,,
generation,2970,58.1000030040741,21.136938095092773,,
generation,2971,58.20000171661377,20.739683151245117,,
generation,2972,61.15000247955322,20.791038513183594,,
generation,2973,58.85000228881836,20.509252548217773,,
generation,2974,58.75000357627869,20.82422637939453,,
generation,2975,59.75000262260437,19.961044311523438,,
generation,2976,58.35000276565552,22.659181594848633,,
generation,2977,59.00000333786011,23.646263122558594,,
generation,2978,59.150004386901855,20.787643432617188,,
generation,2979,60.050004720687866,20.123079299926758,,
generation,2980,58.45000147819519,20.303186416625977,,
generation,2981,59.00000333786011,23.001495361328125,,
generation,2982,61.15000247955322,17.742891311645508,,
generation,2983,60.15000343322754,20.631366729736328,,
generation,2984,59.950000047683716,21.46689796447754,,
generation,2985,59.25000309944153,21.541818618774414,,
generation,2986,59.700000286102295,20.628252029418945,,
generation,2987,58.30000042915344,21.231943130493164,,
generation,2988,60.25000214576721,20.96820831298828,,
generation,2989,58.250004053115845,21.786476135253906,,
generation,2990,58.1000030040741,22.377511978149414,,
generation,2991,59.10000205039978,20.774555206298828,,
generation,2992,59.10000205039978,19.653305053710938,,
generation,2993,58.500003814697266,19.94769287109375,,
generation,2994,58.500003814697266,19.721097946166992,,
generation,2995,58.900004625320435,19.04197120666504,,
generation,2996,59.85000133514404,18.954626083374023,,
generation,2997,59.50000286102295,19.33953857421875,,
generation,2998,57.64999985694885,19.509132385253906,,
generation,2999,61.000001430511475,19.583383560180664,,
generation,3000,59.05000567436218,19.426523208618164,,
generation,3001,59.00000333786011,20.29348373413086,,
generation,3002,58.70000123977661,21.5373592376709,,
generation,3003,59.150004386901855,22.068206787109375,,
generation,3004,58.40000510215759,18.72799301147461,,
generation,3005,59.6500039100647,18.9282283782959,,
generation,3006,59.950000047683716,20.815126419067383,,
generation,3007,58.15000534057617,20.175386428833008,,
generation,3008,58.250004053115845,19.693464279174805,,
generation,3009,57.8000009059906,20.436389923095703,,
generation,3010,59.60000157356262,20.25445556640625,,
generation,3011,60.55000424385071,20.807668685913086,,
generation,3012,61.15000247955322,19.639781951904297,,
generation,3013,60.30000448226929,19.724903106689453,,
generation,3014,59.3500018119812,20.659950256347656,,
generation,3015,60.050004720687866,19.812219619750977,,
generation,3016,59.950000047683716,19.387331008911133,,
generation,3017,58.05000066757202,19.65070343017578,,
generation,3018,57.00000524520874,22.643878936767578,,
generation,3019,58.75000357627869,20.745153427124023,,
generation,3020,59.450000524520874,20.104366302490234,,
generation,3021,58.500003814697266,22.201269149780273,,
generation,3022,60.9000027179718,18.530160903930664,,
generation,3023,58.1000030040741,21.52703094482422,,
generation,3024,59.20000076293945,20.638490676879883,,
generation,3025,58.1000030040741,21.38467788696289,,
generation,3026,60.00000238418579,18.355566024780273,,
generation,3027,59.950000047683716,20.24201774597168,,
generation,3028,60.450005531311035,18.55707359313965,,
generation,3029,59.950000047683716,20.991714477539062,,
generation,3030,60.50000190734863,19.683406829833984,,
generation,3031,59.85000133514404,18.573625564575195,,
generation,3032,59.75000262260437,20.360145568847656,,
generation,3033,58.60000252723694,20.183881759643555,,
generation,3034,59.700000286102295,20.092397689819336,,
generation,3035,59.00000333786011,20.909534454345703,,
generation,3036,59.450000524520874,18.118637084960938,,
generation,3037,59.150004386901855,19.59033966064453,,
generation,3038,59.400004148483276,19.135799407958984,,
generation,3039,59.3500018119812,20.728469848632812,,
generation,3040,59.150004386901855,21.554323196411133,,
generation,3041,58.799999952316284,20.31885528564453,,
generation,3042,59.700000286102295,21.16703987121582,,
generation,3043,60.00000238418579,20.110183715820312,,
generation,3044,58.85000228881836,20.30815315246582,,
generation,3045,59.150004386901855,19.872011184692383,,
generation,3046,61.55000329017639,18.676191329956055,,
generation,3047,58.60000252723694,19.209789276123047,,
generation,3048,58.500003814697266,20.759807586669922,,
generation,3049,57.90000557899475,20.483543395996094,,
generation,3050,59.400004148483276,20.386919021606445,,
generation,3051,60.00000238418579,19.148080825805664,,
generation,3052,59.75000262260437,19.637235641479492,,
generation,3053,60.450005531311035,20.817569732666016,,
generation,3054,57.55000114440918,20.03832244873047,,
generation,3055,58.85000228881836,19.555925369262695,,
generation,3056,59.550005197525024,20.20012092590332,,
generation,3057,59.05000567436218,20.75658416748047,,
generation,3058,60.40000319480896,20.666515350341797,,
generation,3059,61.500000953674316,18.132572174072266,,
generation,3060,59.85000133514404,18.754716873168945,,
generation,3061,58.650004863739014,19.27766990661621,,
generation,3062,60.200005769729614,19.745738983154297,,
generation,3063,60.100001096725464,18.335981369018555,,
generation,3064,58.20000171661377,19.773141860961914,,
generation,3065,58.55000019073486,19.29174041748047,,
generation,3066,58.20000171661377,20.394916534423828,,
generation,3067,58.55000019073486,20.070110321044922,,
generation,3068,57.64999985694885,22.048694610595703,,
generation,3069,58.40000510215759,20.826568603515625,,
generation,3070,59.00000333786011,19.675928115844727,,
generation,3071,59.150004386901855,18.6342716217041,,
generation,3072,57.25000500679016,18.938201904296875,,
generation,3073,58.000004291534424,21.202152252197266,,
generation,3074,57.850003242492676,19.891109466552734,,
generation,3075,58.40000510215759,20.232255935668945,,
generation,3076,57.50000476837158,19.638429641723633,,
generation,3077,60.350000858306885,21.749929428100586,,
generation,3078,58.799999952316284,19.934850692749023,,
generation,3079,59.90000367164612,19.232402801513672,,
generation,3080,59.05000567436218,19.1812801361084,,
generation,3081,59.700000286102295,20.6065731048584,,
generation,3082,61.500000953674316,17.83240509033203,,
generation,3083,58.70000123977661,20.465044021606445,,
generation,3084,58.15000534057617,18.3205623626709,,
generation,3085,59.3500018119812,18.112661361694336,,
generation,3086,58.70000123977661,19.68401527404785,,
generation,3087,59.00000333786011,19.313411712646484,,
generation,3088,60.40000319480896,18.748779296875,,
generation,3089,59.950000047683716,20.238910675048828,,
generation,3090,58.000004291534424,20.893291473388672,,
generation,3091,60.85000038146973,18.969627380371094,,
generation,3092,59.20000076293945,19.34602165222168,,
generation,3093,62.35000491142273,17.710430145263672,,
generation,3094,60.25000214576721,17.732261657714844,,
generation,3095,60.25000214576721,19.296703338623047,,
generation,3096,59.700000286102295,18.997304916381836,,
generation,3097,58.250004053115845,18.715208053588867,,
generation,3098,61.250001192092896,17.140426635742188,,
generation,3099,60.00000238418579,19.154287338256836,,
generation,3100,59.75000262260437,18.015506744384766,,
generation,3101,59.150004386901855,20.26552391052246,,
generation,3102,61.2000048160553,17.92129898071289,,
generation,3103,60.350000858306885,18.003555297851562,,
generation,3104,59.700000286102295,18.7868709564209,,
generation,3105,59.85000133514404,20.262340545654297,,
generation,3106,59.90000367164612,19.540342330932617,,
generation,3107,58.250004053115845,20.31775665283203,,
generation,3108,59.10000205039978,19.13864517211914,,
generation,3109,59.25000309944153,19.106660842895508,,
generation,3110,58.85000228881836,19.890104293823242,,
generation,3111,60.350000858306885,19.49445915222168,,
generation,3112,59.05000567436218,18.560611724853516,,
generation,3113,60.55000424385071,18.632904052734375,,
generation,3114,59.550005197525024,19.428329467773438,,
generation,3115,59.3000054359436,19.29452896118164,,
generation,3116,59.550005197525024,19.80167579650879,,
generation,3117,60.200005769729614,19.470632553100586,,
generation,3118,58.900004625320435,19.22823715209961,,
generation,3119,58.1000030040741,19.57925033569336,,
generation,3120,59.20000076293945,18.755870819091797,,
generation,3121,59.50000286102295,18.365095138549805,,
generation,3122,61.900001764297485,17.83205795288086,,
generation,3123,61.250001192092896,17.802825927734375,,
generation,3124,58.70000123977661,19.697267532348633,,
generation,3125,58.85000228881836,17.897581100463867,,
generation,3126,59.400004148483276,19.081893920898438,,
generation,3127,57.350003719329834,19.608095169067383,,
generation,3128,59.3500018119812,18.260618209838867,,
generation,3129,58.55000019073486,19.904457092285156,,
generation,3130,60.350000858306885,18.896236419677734,,
generation,3131,59.150004386901855,18.928754806518555,,
generation,3132,60.50000190734863,16.80059242248535,,
generation,3133,59.25000309944153,18.18234634399414,,
generation,3134,58.45000147819519,18.38983726501465,,
generation,3135,60.750001668930054,18.68953514099121,,
generation,3136,58.900004625320435,21.716930389404297,,
generation,3137,61.05000376701355,17.776958465576172,,
generation,3138,57.95000195503235,19.909250259399414,,
generation,3139,59.10000205039978,18.052043914794922,,
generation,3140,60.85000038146973,18.37323760986328,,
generation,3141,58.45000147819519,17.725248336791992,,
generation,3142,59.85000133514404,17.914310455322266,,
generation,3143,58.20000171661377,19.169288635253906,,
generation,3144,58.45000147819519,20.651636123657227,,
generation,3145,58.60000252723694,19.899412155151367,,
generation,3146,59.950000047683716,17.97123908996582,,
generation,3147,58.650004863739014,20.138885498046875,,
generation,3148,60.700005292892456,17.77950668334961,,
generation,3149,60.25000214576721,17.569339752197266,,
generation,3150,57.70000219345093,19.984418869018555,,
generation,3151,60.50000190734863,17.26315689086914,,
generation,3152,58.30000042915344,20.57269859313965,,
generation,3153,59.3000054359436,18.737266540527344,,
generation,3154,59.950000047683716,18.255273818969727,,
generation,3155,59.800004959106445,18.583364486694336,,
generation,3156,59.50000286102295,17.406476974487305,,
generation,3157,59.90000367164612,17.839611053466797,,
generation,3158,58.55000019073486,19.13922119140625,,
generation,3159,59.05000567436218,18.914104461669922,,
generation,3160,59.10000205039978,18.445178985595703,,
generation,3161,60.200005769729614,18.11311149597168,,
generation,3162,60.00000238418579,18.052881240844727,,
generation,3163,59.800004959106445,18.80723762512207,,
generation,3164,58.75000357627869,18.806140899658203,,
generation,3165,60.25000214576721,18.010093688964844,,
generation,3166,60.050004720687866,19.168209075927734,,
generation,3167,59.700000286102295,20.451963424682617,,
generation,3168,59.25000309944153,18.015268325805664,,
generation,3169,59.3000054359436,20.4591121673584,,
generation,3170,59.90000367164612,18.964160919189453,,
generation,3171,60.200005769729614,19.759231567382812,,
generation,3172,60.700005292892456,18.793323516845703,,
generation,3173,59.85000133514404,18.131879806518555,,
generation,3174,59.20000076293945,19.90912437438965,,
generation,3175,59.25000309944153,19.540800094604492,,
generation,3176,58.60000252723694,18.960792541503906,,
generation,3177,60.9000027179718,18.48725128173828,,
generation,3178,61.70000433921814,17.493589401245117,,
generation,3179,58.45000147819519,17.82819175720215,,
generation,3180,60.15000343322754,18.43191146850586,,
generation,3181,59.00000333786011,18.960643768310547,,
generation,3182,60.200005769729614,17.90709686279297,,
generation,3183,61.000001430511475,16.7242374420166,,
generation,3184,60.95000505447388,17.283029556274414,,
generation,3185,60.9000027179718,18.55400276184082,,
generation,3186,59.20000076293945,18.355998992919922,,
generation,3187,61.15000247955322,19.278732299804688,,
generation,3188,61.30000352859497,18.955657958984375,,
generation,3189,61.15000247955322,17.40077781677246,,
generation,3190,58.75000357627869,20.09595489501953,,
generation,3191,60.65000295639038,17.880144119262695,,
generation,3192,62.40000128746033,16.849685668945312,,
generation,3193,60.450005531311035,18.09501838684082,,
generation,3194,58.20000171661377,20.396564483642578,,
generation,3195,58.30000042915344,20.094358444213867,,
generation,3196,60.100001096725464,18.59459114074707,,
generation,3197,58.900004625320435,17.292367935180664,,
generation,3198,59.50000286102295,19.722856521606445,,
generation,3199,60.50000190734863,17.126052856445312,,
generation,3200,59.6500039100647,19.22528076171875,,
generation,3201,58.250004053115845,18.813674926757812,,
generation,3202,60.55000424385071,17.3727970123291,,
generation,3203,59.10000205039978,20.014667510986328,,
generation,3204,59.50000286102295,17.91938018798828,,
generation,3205,59.20000076293945,18.185535430908203,,
generation,3206,61.30000352859497,18.54806900024414,,
generation,3207,59.400004148483276,18.51512908935547,,
generation,3208,59.700000286102295,18.989944458007812,,
generation,3209,58.799999952316284,17.154342651367188,,
generation,3210,61.70000433921814,18.189661026000977,,
generation,3211,61.05000376701355,19.285179138183594,,
generation,3212,60.55000424385071,17.757545471191406,,
generation,3213,59.10000205039978,19.30968475341797,,
generation,3214,60.95000505447388,17.44525909423828,,
generation,3215,60.40000319480896,19.15966033935547,,
generation,3216,59.3000054359436,18.556129455566406,,
generation,3217,61.45000457763672,17.19316291809082,,
generation,3218,59.60000157356262,19.239957809448242,,
generation,3219,58.75000357627869,17.20758819580078,,
generation,3220,59.85000133514404,19.294309616088867,,
generation,3221,59.700000286102295,17.847084045410156,,
generation,3222,60.80000400543213,18.355043411254883,,
generation,3223,60.100001096725464,19.074813842773438,,
generation,3224,61.10000014305115,18.66800308227539,,
generation,3225,59.60000157356262,17.993684768676758,,
generation,3226,60.750001668930054,18.23432159423828,,
generation,3227,60.95000505447388,18.11318016052246,,
generation,3228,60.15000343322754,19.340591430664062,,
generation,3229,60.050004720687866,18.465389251708984,,
generation,3230,60.50000190734863,16.852787017822266,,
generation,3231,59.75000262260437,19.226964950561523,,
generation,3232,61.250001192092896,17.274829864501953,,
generation,3233,61.15000247955322,18.257314682006836,,
generation,3234,59.85000133514404,18.195253372192383,,
generation,3235,60.85000038146973,16.31818199157715,,
generation,3236,59.700000286102295,18.261314392089844,,
generation,3237,60.25000214576721,18.76603126525879,,
generation,3238,60.600000619888306,17.559232711791992,,
generation,3239,59.6500039100647,19.40984535217285,,
generation,3240,59.00000333786011,20.338289260864258,,
generation,3241,59.75000262260437,19.2475643157959,,
generation,3242,60.30000448226929,17.887144088745117,,
generation,3243,58.45000147819519,18.643573760986328,,
generation,3244,59.950000047683716,18.197420120239258,,
generation,3245,60.600000619888306,18.664094924926758,,
generation,3246,59.25000309944153,18.26036834716797,,
generation,3247,59.6500039100647,18.363380432128906,,
generation,3248,59.60000157356262,19.548065185546875,,
generation,3249,59.20000076293945,17.697263717651367,,
generation,3250,60.80000400543213,17.130573272705078,,
generation,3251,60.750001668930054,18.273290634155273,,
generation,3252,61.350005865097046,18.163421630859375,,
generation,3253,61.60000562667847,18.045251846313477,,
generation,3254,60.30000448226929,17.45053482055664,,
generation,3255,59.60000157356262,18.048072814941406,,
generation,3256,59.60000157356262,18.530431747436523,,
generation,3257,59.3500018119812,18.278350830078125,,
generation,3258,59.950000047683716,17.928150177001953,,
generation,3259,60.85000038146973,19.01255989074707,,
generation,3260,59.950000047683716,18.93233871459961,,
generation,3261,61.60000562667847,17.153825759887695,,
generation,3262,59.50000286102295,18.940269470214844,,
generation,3263,60.30000448226929,18.25428581237793,,
generation,3264,59.05000567436218,18.23253631591797,,
generation,3265,60.95000505447388,17.05032730102539,,
generation,3266,59.700000286102295,18.457366943359375,,
generation,3267,60.55000424385071,16.731523513793945,,
generation,3268,57.90000557899475,20.036115646362305,,
generation,3269,59.25000309944153,18.34081268310547,,
generation,3270,59.00000333786011,18.467620849609375,,
generation,3271,61.2000048160553,17.330015182495117,,
generation,3272,60.200005769729614,18.199426651000977,,
generation,3273,61.95000410079956,17.11980628967285,,
generation,3274,60.050004720687866,18.469661712646484,,
generation,3275,58.250004053115845,18.08072853088379,,
generation,3276,60.600000619888306,17.221467971801758,,
generation,3277,61.2000048160553,17.58025550842285,,
generation,3278,59.75000262260437,18.914501190185547,,
generation,3279,60.200005769729614,18.960681915283203,,
generation,3280,61.80000305175781,16.359756469726562,,
generation,3281,59.75000262260437,18.399578094482422,,
generation,3282,59.90000367164612,17.4572696685791,,
generation,3283,61.10000014305115,16.841358184814453,,
generation,3284,59.700000286102295,18.473617553710938,,
generation,3285,61.400002241134644,17.196104049682617,,
generation,3286,60.050004720687866,19.209741592407227,,
generation,3287,60.9000027179718,17.264970779418945,,
generation,3288,61.500000953674316,15.914770126342773,,
generation,3289,59.25000309944153,18.518423080444336,,
generation,3290,62.40000128746033,16.34351921081543,,
generation,3291,59.85000133514404,19.4766788482666,,
generation,3292,60.00000238418579,17.848255157470703,,
generation,3293,59.05000567436218,17.791284561157227,,
generation,3294,59.90000367164612,17.461103439331055,,
generation,3295,60.600000619888306,18.673681259155273,,
generation,3296,60.85000038146973,18.568893432617188,,
generation,3297,59.75000262260437,19.156442642211914,,
generation,3298,60.050004720687866,19.25908851623535,,
generation,3299,59.150004386901855,18.045087814331055,,
generation,3300,61.30000352859497,16.48155975341797,,
generation,3301,59.3500018119812,18.483945846557617,,
generation,3302,60.450005531311035,17.157974243164062,,
generation,3303,59.3000054359436,18.21840476989746,,
generation,3304,57.70000219345093,20.83030891418457,,
generation,3305,61.500000953674316,16.42862892150879,,
generation,3306,60.600000619888306,17.477394104003906,,
generation,3307,59.75000262260437,19.002302169799805,,
generation,3308,60.65000295639038,16.54629135131836,,
generation,3309,61.15000247955322,18.15229606628418,,
generation,3310,58.250004053115845,19.048295974731445,,
generation,3311,60.50000190734863,18.160560607910156,,
generation,3312,59.6500039100647,17.83428955078125,,
generation,3313,61.55000329017639,17.439271926879883,,
generation,3314,60.9000027179718,16.776042938232422,,
generation,3315,59.450000524520874,17.66181755065918,,
generation,3316,60.30000448226929,17.34225845336914,,
generation,3317,59.150004386901855,18.68407440185547,,
generation,3318,60.00000238418579,16.90035629272461,,
generation,3319,60.85000038146973,17.547996520996094,,
generation,3320,59.20000076293945,18.192861557006836,,
generation,3321,60.55000424385071,16.895753860473633,,
generation,3322,59.25000309944153,18.073314666748047,,
generation,3323,59.450000524520874,18.08698081970215,,
generation,3324,59.450000524520874,19.141347885131836,,
generation,3325,60.80000400543213,17.3065242767334,,
generation,3326,60.100001096725464,17.68179702758789,,
generation,3327,61.000001430511475,17.3447208404541,,
generation,3328,59.05000567436218,18.155149459838867,,
generation,3329,60.100001096725464,17.725799560546875,,
generation,3330,59.60000157356262,18.81809425354004,,
generation,3331,59.50000286102295,17.49600601196289,,
generation,3332,59.75000262260437,17.253705978393555,,
generation,3333,57.50000476837158,19.185794830322266,,
generation,3334,61.95000410079956,16.432659149169922,,
generation,3335,57.30000138282776,20.19961929321289,,
generation,3336,59.550005197525024,16.66992950439453,,
generation,3337,59.450000524520874,19.419300079345703,,
generation,3338,60.80000400543213,17.147268295288086,,
generation,3339,59.90000367164612,17.658916473388672,,
generation,3340,61.2000048160553,16.90852165222168,,
generation,3341,60.700005292892456,17.157644271850586,,
generation,3342,59.550005197525024,18.306556701660156,,
generation,3343,60.50000190734863,16.091882705688477,,
generation,3344,61.15000247955322,16.537464141845703,,
generation,3345,59.700000286102295,17.103944778442383,,
generation,3346,59.60000157356262,17.334550857543945,,
generation,3347,60.85000038146973,17.06092071533203,,
generation,3348,59.60000157356262,17.83431053161621,,
generation,3349,60.350000858306885,16.832862854003906,,
generation,3350,58.900004625320435,18.112817764282227,,
generation,3351,58.70000123977661,18.035602569580078,,
generation,3352,59.400004148483276,18.797672271728516,,
generation,3353,60.00000238418579,17.69151496887207,,
generation,3354,60.50000190734863,17.269405364990234,,
generation,3355,61.30000352859497,16.881820678710938,,
generation,3356,60.350000858306885,16.073488235473633,,
generation,3357,61.2000048160553,18.181270599365234,,
generation,3358,58.45000147819519,18.72450828552246,,
generation,3359,59.800004959106445,17.931194305419922,,
generation,3360,59.90000367164612,18.37828254699707,,
generation,3361,60.350000858306885,17.764976501464844,,
generation,3362,59.800004959106445,18.622753143310547,,
generation,3363,59.950000047683716,17.918046951293945,,
generation,3364,60.80000400543213,17.70792007446289,,
generation,3365,61.30000352859497,16.90583038330078,,
generation,3366,59.60000157356262,18.120960235595703,,
generation,3367,61.400002241134644,17.56453514099121,,
generation,3368,60.100001096725464,17.367582321166992,,
generation,3369,60.00000238418579,17.74480628967285,,
generation,3370,62.40000128746033,17.86277198791504,,
generation,3371,60.200005769729614,18.384586334228516,,
generation,3372,59.60000157356262,19.599010467529297,,
generation,3373,61.650002002716064,17.59563446044922,,
generation,3374,61.650002002716064,15.99234676361084,,
generation,3375,59.85000133514404,17.315948486328125,,
generation,3376,62.35000491142273,16.831872940063477,,
generation,3377,59.400004148483276,17.200956344604492,,
generation,3378,59.400004148483276,18.874662399291992,,
generation,3379,60.350000858306885,18.30830192565918,,
generation,3380,60.65000295639038,18.27838897705078,,
generation,3381,62.20000386238098,15.58134937286377,,
generation,3382,59.550005197525024,18.143142700195312,,
generation,3383,60.100001096725464,17.268108367919922,,
generation,3384,60.350000858306885,17.294635772705078,,
generation,3385,60.30000448226929,17.56814956665039,,
generation,3386,57.90000557899475,20.532514572143555,,
generation,3387,60.85000038146973,17.835996627807617,,
generation,3388,60.050004720687866,17.569381713867188,,
generation,3389,61.15000247955322,18.00360870361328,,
generation,3390,61.2000048160553,16.8210391998291,,
generation,3391,60.600000619888306,17.268165588378906,,
generation,3392,61.85000538825989,16.20477294921875,,
generation,3393,60.750001668930054,17.650678634643555,,
generation,3394,60.40000319480896,17.30908203125,,
generation,3395,60.600000619888306,17.330093383789062,,
generation,3396,59.950000047683716,19.43966293334961,,
generation,3397,62.950003147125244,17.153406143188477,,
generation,3398,60.050004720687866,18.78961944580078,,
generation,3399,59.6500039100647,18.5817813873291,,
generation,3400,59.950000047683716,17.642168045043945,,
generation,3401,60.40000319480896,17.76030158996582,,
generation,3402,60.350000858306885,17.404829025268555,,
generation,3403,60.350000858306885,16.340961456298828,,
generation,3404,60.55000424385071,17.629112243652344,,
generation,3405,59.800004959106445,18.048553466796875,,
generation,3406,60.30000448226929,17.027421951293945,,
generation,3407,59.90000367164612,17.407611846923828,,
generation,3408,62.5,17.85833168029785,,
generation,3409,59.950000047683716,18.749330520629883,,
generation,3410,60.65000295639038,18.16131591796875,,
generation,3411,60.30000448226929,17.62987518310547,,
generation,3412,61.2000048160553,16.804706573486328,,
generation,3413,60.100001096725464,17.70964813232422,,
generation,3414,60.450005531311035,17.42330551147461,,
generation,3415,57.70000219345093,18.266780853271484,,
generation,3416,59.800004959106445,17.207515716552734,,
generation,3417,61.75000071525574,17.19817543029785,,
generation,3418,62.35000491142273,16.827970504760742,,
generation,3419,60.40000319480896,17.086101531982422,,
generation,3420,59.3500018119812,18.00881004333496,,
generation,3421,60.30000448226929,17.53929901123047,,
generation,3422,60.50000190734863,17.568927764892578,,
generation,3423,61.500000953674316,17.488161087036133,,
generation,3424,59.800004959106445,18.345630645751953,,
generation,3425,60.700005292892456,18.834043502807617,,
generation,3426,60.40000319480896,16.960769653320312,,
generation,3427,59.75000262260437,18.270280838012695,,
generation,3428,61.15000247955322,17.314722061157227,,
generation,3429,60.25000214576721,18.170320510864258,,
generation,3430,61.15000247955322,16.552959442138672,,
generation,3431,60.700005292892456,17.538368225097656,,
generation,3432,61.000001430511475,17.121946334838867,,
generation,3433,62.05000281333923,17.316524505615234,,
generation,3434,58.799999952316284,18.698556900024414,,
generation,3435,60.40000319480896,16.808034896850586,,
generation,3436,60.00000238418579,18.109548568725586,,
generation,3437,61.250001192092896,16.753026962280273,,
generation,3438,59.450000524520874,18.329345703125,,
generation,3439,60.15000343322754,18.399263381958008,,
generation,3440,61.500000953674316,17.794363021850586,,
generation,3441,60.00000238418579,18.042678833007812,,
generation,3442,59.800004959106445,17.287601470947266,,
generation,3443,61.15000247955322,16.326705932617188,,
generation,3444,59.450000524520874,18.985973358154297,,
generation,3445,59.950000047683716,17.524065017700195,,
generation,3446,60.50000190734863,17.300413131713867,,
generation,3447,60.200005769729614,18.356815338134766,,
generation,3448,60.85000038146973,16.7492733001709,,
generation,3449,60.450005531311035,17.627954483032227,,
generation,3450,60.600000619888306,16.336885452270508,,
generation,3451,60.600000619888306,16.281850814819336,,
generation,3452,59.90000367164612,18.376449584960938,,
generation,3453,61.000001430511475,17.780563354492188,,
generation,3454,59.800004959106445,19.414794921875,,
generation,3455,58.70000123977661,19.238662719726562,,
generation,3456,61.85000538825989,16.541933059692383,,
generation,3457,61.10000014305115,17.567350387573242,,
generation,3458,59.950000047683716,18.56354331970215,,
generation,3459,63.30000162124634,16.433990478515625,,
generation,3460,60.750001668930054,17.474985122680664,,
generation,3461,60.100001096725464,17.058120727539062,,
generation,3462,60.80000400543213,16.824871063232422,,
generation,3463,58.900004625320435,18.435998916625977,,
generation,3464,61.650002002716064,16.81906509399414,,
generation,3465,60.40000319480896,17.373361587524414,,
generation,3466,61.15000247955322,18.191946029663086,,
generation,3467,59.20000076293945,18.24685287475586,,
generation,3468,58.75000357627869,17.61199188232422,,
generation,3469,60.9000027179718,16.64824867248535,,
generation,3470,60.85000038146973,17.09064292907715,,
generation,3471,61.55000329017639,16.31991958618164,,
generation,3472,61.650002002716064,16.605958938598633,,
generation,3473,59.75000262260437,17.152191162109375,,
generation,3474,60.25000214576721,18.340396881103516,,
generation,3475,61.400002241134644,16.534133911132812,,
generation,3476,59.3500018119812,18.100543975830078,,
generation,3477,61.15000247955322,18.228240966796875,,
generation,3478,59.400004148483276,17.123737335205078,,
generation,3479,60.700005292892456,17.489173889160156,,
generation,3480,61.350005865097046,17.99805450439453,,
generation,3481,61.85000538825989,16.94540786743164,,
generation,3482,61.000001430511475,17.254030227661133,,
generation,3483,58.85000228881836,18.4086856842041,,
generation,3484,60.600000619888306,17.22159194946289,,
generation,3485,60.100001096725464,17.120996475219727,,
generation,3486,63.05000185966492,15.480923652648926,,
generation,3487,59.400004148483276,18.196094512939453,,
generation,3488,60.9000027179718,16.552274703979492,,
generation,3489,59.6500039100647,18.312774658203125,,
generation,3490,59.6500039100647,17.579782485961914,,
generation,3491,61.15000247955322,17.901378631591797,,
generation,3492,60.40000319480896,19.044092178344727,,
generation,3493,60.40000319480896,17.878742218017578,,
generation,3494,60.40000319480896,17.83218765258789,,
generation,3495,60.85000038146973,19.15326690673828,,
generation,3496,60.00000238418579,17.110645294189453,,
generation,3497,61.2000048160553,18.386474609375,,
generation,3498,61.60000562667847,17.373647689819336,,
generation,3499,60.600000619888306,18.194398880004883,,
generation,3500,60.40000319480896,16.79063606262207,,
generation,3501,59.800004959106445,17.36048698425293,,
generation,3502,61.000001430511475,16.932018280029297,,
generation,3503,60.9000027179718,17.48765754699707,,
generation,3504,60.85000038146973,17.95636558532715,,
generation,3505,61.900001764297485,16.73809051513672,,
generation,3506,62.25000023841858,16.426538467407227,,
generation,3507,62.4500036239624,16.424619674682617,,
generation,3508,60.40000319480896,17.30438232421875,,
generation,3509,61.500000953674316,16.94868278503418,,
generation,3510,61.2000048160553,17.42186737060547,,
generation,3511,62.60000467300415,16.142715454101562,,
generation,3512,62.25000023841858,16.229354858398438,,
generation,3513,61.900001764297485,17.636491775512695,,
generation,3514,58.30000042915344,17.80472183227539,,
generation,3515,61.75000071525574,15.568230628967285,,
generation,3516,60.100001096725464,17.577659606933594,,
generation,3517,61.350005865097046,17.968549728393555,,
generation,3518,59.10000205039978,18.124435424804688,,
generation,3519,59.90000367164612,18.41936492919922,,
generation,3520,59.550005197525024,17.123767852783203,,
generation,3521,60.30000448226929,16.462417602539062,,
generation,3522,59.950000047683716,16.67487335205078,,
generation,3523,60.750001668930054,16.670625686645508,,
generation,3524,61.650002002716064,16.52463722229004,,
generation,3525,61.95000410079956,16.117151260375977,,
generation,3526,61.45000457763672,16.371047973632812,,
generation,3527,60.55000424385071,17.02385711669922,,
generation,3528,58.799999952316284,17.718381881713867,,
generation,3529,61.80000305175781,17.01471710205078,,
generation,3530,60.700005292892456,16.996286392211914,,
generation,3531,60.750001668930054,17.118175506591797,,
generation,3532,61.400002241134644,16.90231704711914,,
generation,3533,61.650002002716064,17.46129035949707,,
generation,3534,61.500000953674316,17.183889389038086,,
generation,3535,61.500000953674316,17.56353759765625,,
generation,3536,61.05000376701355,18.091602325439453,,
generation,3537,60.050004720687866,16.830583572387695,,
generation,3538,59.90000367164612,17.11178970336914,,
generation,3539,60.450005531311035,17.962539672851562,,
generation,3540,62.05000281333923,16.91497802734375,,
generation,3541,62.05000281333923,16.268924713134766,,
generation,3542,59.3500018119812,16.775236129760742,,
generation,3543,61.70000433921814,16.742246627807617,,
generation,3544,61.15000247955322,16.499723434448242,,
generation,3545,60.050004720687866,17.368989944458008,,
generation,3546,62.00000047683716,16.38336753845215,,
generation,3547,60.55000424385071,17.457447052001953,,
generation,3548,60.700005292892456,16.904647827148438,,
generation,3549,60.750001668930054,17.230318069458008,,
generation,3550,60.700005292892456,16.187620162963867,,
generation,3551,60.55000424385071,16.9451847076416,,
generation,3552,60.450005531311035,17.979459762573242,,
generation,3553,61.45000457763672,17.695228576660156,,
generation,3554,60.95000505447388,17.09691047668457,,
generation,3555,60.9000027179718,17.39966583251953,,
generation,3556,60.350000858306885,17.796953201293945,,
generation,3557,61.85000538825989,17.290014266967773,,
generation,3558,61.000001430511475,16.668563842773438,,
generation,3559,60.700005292892456,18.570829391479492,,
generation,3560,62.35000491142273,15.844123840332031,,
generation,3561,60.80000400543213,17.58595085144043,,
generation,3562,60.700005292892456,16.614280700683594,,
generation,3563,61.30000352859497,16.460407257080078,,
generation,3564,60.450005531311035,17.74871253967285,,
generation,3565,60.050004720687866,17.624526977539062,,
generation,3566,60.9000027179718,18.0445499420166,,
generation,3567,59.25000309944153,18.015825271606445,,
generation,3568,61.15000247955322,17.155351638793945,,
generation,3569,61.15000247955322,16.17462921142578,,
generation,3570,61.2000048160553,17.0239315032959,,
generation,3571,59.150004386901855,18.165691375732422,,
generation,3572,61.350005865097046,16.535722732543945,,
generation,3573,59.25000309944153,17.97960662841797,,
generation,3574,59.400004148483276,18.026517868041992,,
generation,3575,61.500000953674316,16.496002197265625,,
generation,3576,60.55000424385071,17.643817901611328,,
generation,3577,62.5,15.743800163269043,,
generation,3578,60.25000214576721,18.22696876525879,,
generation,3579,60.00000238418579,16.93465232849121,,
generation,3580,58.1000030040741,17.878620147705078,,
generation,3581,59.700000286102295,17.350414276123047,,
generation,3582,59.60000157356262,18.341442108154297,,
generation,3583,60.65000295639038,16.57445526123047,,
generation,3584,62.5,15.306089401245117,,
generation,3585,60.85000038146973,16.763334274291992,,
generation,3586,60.9000027179718,17.248485565185547,,
generation,3587,61.400002241134644,17.696094512939453,,
generation,3588,61.650002002716064,16.021142959594727,,
generation,3589,59.60000157356262,18.233495712280273,,
generation,3590,61.45000457763672,17.896997451782227,,
generation,3591,60.65000295639038,17.75107192993164,,
generation,3592,62.20000386238098,17.15389633178711,,
generation,3593,61.10000014305115,16.44274139404297,,
generation,3594,60.700005292892456,17.926774978637695,,
generation,3595,61.500000953674316,16.759437561035156,,
generation,3596,61.80000305175781,17.26571273803711,,
generation,3597,61.75000071525574,16.437314987182617,,
generation,3598,60.85000038146973,17.719289779663086,,
generation,3599,61.400002241134644,16.370662689208984,,
generation,3600,60.600000619888306,18.561452865600586,,
generation,3601,60.750001668930054,17.511384963989258,,
generation,3602,62.10000514984131,16.511869430541992,,
generation,3603,61.15000247955322,17.22831916809082,,
generation,3604,60.350000858306885,16.813953399658203,,
generation,3605,60.450005531311035,16.920974731445312,,
generation,3606,61.15000247955322,17.22838020324707,,
generation,3607,61.500000953674316,16.485248565673828,,
generation,3608,60.65000295639038,17.830657958984375,,
generation,3609,61.350005865097046,16.513931274414062,,
generation,3610,60.50000190734863,17.510921478271484,,
generation,3611,61.60000562667847,17.037643432617188,,
generation,3612,61.400002241134644,16.897655487060547,,
generation,3613,59.550005197525024,17.705968856811523,,
generation,3614,59.3500018119812,17.799152374267578,,
generation,3615,60.450005531311035,17.83032989501953,,
generation,3616,61.10000014305115,17.2475643157959,,
generation,3617,60.00000238418579,17.25079345703125,,
generation,3618,59.90000367164612,18.572378158569336,,
generation,3619,59.800004959106445,17.843788146972656,,
generation,3620,61.000001430511475,16.661779403686523,,
generation,3621,62.70000338554382,16.59803581237793,,
generation,3622,60.80000400543213,18.14015769958496,,
generation,3623,58.95000100135803,17.539392471313477,,
generation,3624,61.350005865097046,15.871880531311035,,
generation,3625,59.85000133514404,17.5793514251709,,
generation,3626,61.75000071525574,16.330459594726562,,
generation,3627,61.500000953674316,17.010746002197266,,
generation,3628,60.40000319480896,16.85262107849121,,
generation,3629,60.600000619888306,17.490514755249023,,
generation,3630,61.15000247955322,16.46017074584961,,
generation,3631,60.40000319480896,17.6153621673584,,
generation,3632,62.300002574920654,17.22393798828125,,
generation,3633,60.600000619888306,17.374847412109375,,
generation,3634,61.60000562667847,17.03354263305664,,
generation,3635,61.15000247955322,16.72272300720215,,
generation,3636,60.200005769729614,17.52958869934082,,
generation,3637,59.3000054359436,18.661697387695312,,
generation,3638,60.450005531311035,17.39874267578125,,
generation,3639,59.05000567436218,18.547697067260742,,
generation,3640,60.15000343322754,17.641334533691406,,
generation,3641,60.85000038146973,17.053485870361328,,
generation,3642,61.2000048160553,17.816635131835938,,
generation,3643,60.700005292892456,17.838476181030273,,
generation,3644,62.10000514984131,15.803783416748047,,
generation,3645,60.15000343322754,17.627164840698242,,
generation,3646,59.550005197525024,17.57780647277832,,
generation,3647,60.85000038146973,17.941368103027344,,
generation,3648,62.5,17.211162567138672,,
generation,3649,60.9000027179718,16.451004028320312,,
generation,3650,62.20000386238098,16.86736488342285,,
generation,3651,59.950000047683716,18.342016220092773,,
generation,3652,59.50000286102295,17.77599334716797,,
generation,3653,60.00000238418579,18.209583282470703,,
generation,3654,60.750001668930054,18.69115447998047,,
generation,3655,60.80000400543213,17.446516036987305,,
generation,3656,60.050004720687866,17.32805061340332,,
generation,3657,60.050004720687866,17.620439529418945,,
generation,3658,61.10000014305115,16.863231658935547,,
generation,3659,60.750001668930054,17.594562530517578,,
generation,3660,61.15000247955322,17.610395431518555,,
generation,3661,59.75000262260437,17.428543090820312,,
generation,3662,59.85000133514404,17.95823860168457,,
generation,3663,59.700000286102295,17.37530517578125,,
generation,3664,61.85000538825989,16.00348472595215,,
generation,3665,60.85000038146973,18.236984252929688,,
generation,3666,61.30000352859497,17.254993438720703,,
generation,3667,62.150001525878906,16.741121292114258,,
generation,3668,61.45000457763672,16.879121780395508,,
generation,3669,63.05000185966492,15.571633338928223,,
generation,3670,61.10000014305115,17.080862045288086,,
generation,3671,62.4500036239624,16.404207229614258,,
generation,3672,61.2000048160553,17.691457748413086,,
generation,3673,59.10000205039978,18.695085525512695,,
generation,3674,61.05000376701355,16.858051300048828,,
generation,3675,61.45000457763672,18.63980484008789,,
generation,3676,61.75000071525574,15.941174507141113,,
generation,3677,60.55000424385071,17.776119232177734,,
generation,3678,61.900001764297485,16.697256088256836,,
generation,3679,60.9000027179718,17.340059280395508,,
generation,3680,60.25000214576721,18.19791030883789,,
generation,3681,61.400002241134644,16.65176773071289,,
generation,3682,61.05000376701355,16.17821502685547,,
generation,3683,61.05000376701355,16.152936935424805,,
generation,3684,61.500000953674316,16.923912048339844,,
generation,3685,60.30000448226929,17.02451515197754,,
generation,3686,60.100001096725464,18.149269104003906,,
generation,3687,61.45000457763672,16.72266960144043,,
generation,3688,60.85000038146973,16.67959976196289,,
generation,3689,59.6500039100647,18.934200286865234,,
generation,3690,60.200005769729614,16.785913467407227,,
generation,3691,61.2000048160553,17.403331756591797,,
generation,3692,60.40000319480896,17.36534881591797,,
generation,3693,61.45000457763672,17.395719528198242,,
generation,3694,61.70000433921814,17.43839454650879,,
generation,3695,60.80000400543213,16.943803787231445,,
generation,3696,61.05000376701355,16.527067184448242,,
generation,3697,61.250001192092896,16.061954498291016,,
generation,3698,60.00000238418579,17.868263244628906,,
generation,3699,60.40000319480896,17.569351196289062,,
generation,3700,59.60000157356262,16.886516571044922,,
generation,3701,60.15000343322754,17.74859619140625,,
generation,3702,62.40000128746033,17.514863967895508,,
generation,3703,62.950003147125244,15.112813949584961,,
generation,3704,59.85000133514404,17.738054275512695,,
generation,3705,61.70000433921814,16.296550750732422,,
generation,3706,60.55000424385071,16.572111129760742,,
generation,3707,60.700005292892456,15.904718399047852,,
generation,3708,60.85000038146973,16.728527069091797,,
generation,3709,60.00000238418579,16.523157119750977,,
generation,3710,60.65000295639038,17.44595718383789,,
generation,3711,58.95000100135803,18.4442195892334,,
generation,3712,62.7500057220459,17.17049217224121,,
generation,3713,62.550002336502075,16.311508178710938,,
generation,3714,62.25000023841858,16.644634246826172,,
generation,3715,60.85000038146973,17.039125442504883,,
generation,3716,61.900001764297485,15.94212532043457,,
generation,3717,63.00000548362732,16.645782470703125,,
generation,3718,62.4500036239624,16.887222290039062,,
generation,3719,61.000001430511475,17.184537887573242,,
generation,3720,61.55000329017639,16.652650833129883,,
generation,3721,60.25000214576721,15.980823516845703,,
generation,3722,59.950000047683716,18.640932083129883,,
generation,3723,60.9000027179718,18.285310745239258,,
generation,3724,60.55000424385071,17.207311630249023,,
generation,3725,61.05000376701355,16.644519805908203,,
generation,3726,61.10000014305115,17.16168975830078,,
generation,3727,60.350000858306885,17.460607528686523,,
generation,3728,62.5,15.476020812988281,,
generation,3729,60.85000038146973,16.321758270263672,,
generation,3730,61.75000071525574,16.864242553710938,,
generation,3731,62.20000386238098,16.177871704101562,,
generation,3732,59.85000133514404,18.82253074645996,,
generation,3733,60.15000343322754,17.417797088623047,,
generation,3734,60.200005769729614,16.789419174194336,,
generation,3735,60.65000295639038,18.340923309326172,,
generation,3736,61.250001192092896,17.381542205810547,,
generation,3737,62.300002574920654,16.387401580810547,,
generation,3738,60.55000424385071,17.664466857910156,,
generation,3739,58.95000100135803,17.59992218017578,,
generation,3740,62.7500057220459,15.441075325012207,,
generation,3741,59.60000157356262,18.925851821899414,,
generation,3742,60.00000238418579,18.2006893157959,,
generation,3743,61.15000247955322,16.604127883911133,,
generation,3744,60.50000190734863,17.123546600341797,,
generation,3745,62.40000128746033,15.2099027633667,,
generation,3746,61.250001192092896,17.742080688476562,,
generation,3747,62.00000047683716,16.788427352905273,,
generation,3748,63.10000419616699,15.916038513183594,,
generation,3749,60.100001096725464,17.098817825317383,,
generation,3750,62.35000491142273,16.349821090698242,,
generation,3751,62.5,16.839906692504883,,
generation,3752,61.650002002716064,16.726696014404297,,
generation,3753,61.55000329017639,16.39295768737793,,
generation,3754,61.500000953674316,16.078815460205078,,
generation,3755,61.15000247955322,16.377071380615234,,
generation,3756,61.45000457763672,16.878206253051758,,
generation,3757,60.40000319480896,17.313274383544922,,
generation,3758,61.15000247955322,16.926382064819336,,
generation,3759,62.20000386238098,16.571643829345703,,
generation,3760,63.00000548362732,16.42483139038086,,
generation,3761,61.2000048160553,17.21937370300293,,
generation,3762,60.600000619888306,17.60513687133789,,
generation,3763,62.40000128746033,16.71501922607422,,
generation,3764,61.85000538825989,16.35396957397461,,
generation,3765,59.950000047683716,17.317859649658203,,
generation,3766,61.000001430511475,18.041133880615234,,
generation,3767,62.40000128746033,17.002511978149414,,
generation,3768,57.90000557899475,18.38784408569336,,
generation,3769,59.90000367164612,17.801219940185547,,
generation,3770,62.90000081062317,16.86786651611328,,
generation,3771,60.050004720687866,17.766971588134766,,
generation,3772,59.75000262260437,18.265384674072266,,
generation,3773,60.15000343322754,17.782001495361328,,
generation,3774,61.70000433921814,17.276260375976562,,
generation,3775,63.00000548362732,16.687673568725586,,
generation,3776,62.65000104904175,17.1667537689209,,
generation,3777,59.700000286102295,17.428165435791016,,
generation,3778,61.45000457763672,16.189342498779297,,
generation,3779,61.05000376701355,16.203676223754883,,
generation,3780,62.20000386238098,16.00572395324707,,
generation,3781,61.000001430511475,17.89019012451172,,
generation,3782,61.10000014305115,17.34764862060547,,
generation,3783,61.85000538825989,17.022123336791992,,
generation,3784,60.00000238418579,17.14520835876465,,
generation,3785,60.600000619888306,16.599281311035156,,
generation,3786,60.9000027179718,17.008913040161133,,
generation,3787,61.350005865097046,16.36020851135254,,
generation,3788,62.40000128746033,16.17522621154785,,
generation,3789,61.400002241134644,17.103952407836914,,
generation,3790,60.100001096725464,18.026487350463867,,
generation,3791,60.600000619888306,17.788270950317383,,
generation,3792,60.65000295639038,16.851402282714844,,
generation,3793,61.80000305175781,16.361408233642578,,
generation,3794,61.000001430511475,17.17094612121582,,
generation,3795,61.350005865097046,16.525869369506836,,
generation,3796,60.95000505447388,17.095142364501953,,
generation,3797,61.000001430511475,16.55032730102539,,
generation,3798,61.250001192092896,17.454437255859375,,
generation,3799,59.950000047683716,17.595478057861328,,
generation,3800,62.70000338554382,16.414461135864258,,
generation,3801,60.9000027179718,17.455678939819336,,
generation,3802,59.800004959106445,18.568206787109375,,
generation,3803,60.700005292892456,17.707935333251953,,
generation,3804,59.90000367164612,18.847110748291016,,
generation,3805,60.600000619888306,16.97574234008789,,
generation,3806,61.400002241134644,16.896482467651367,,
generation,3807,60.50000190734863,18.605201721191406,,
generation,3808,61.650002002716064,16.650074005126953,,
generation,3809,62.4500036239624,16.105812072753906,,
generation,3810,60.85000038146973,15.703067779541016,,
generation,3811,61.10000014305115,17.29043197631836,,
generation,3812,61.95000410079956,16.57184410095215,,
generation,3813,60.450005531311035,16.822235107421875,,
generation,3814,61.500000953674316,17.710128784179688,,
generation,3815,62.150001525878906,15.044124603271484,,
generation,3816,61.80000305175781,16.838409423828125,,
generation,3817,61.75000071525574,17.06305694580078,,
generation,3818,62.550002336502075,15.417912483215332,,
generation,3819,60.55000424385071,18.337800979614258,,
generation,3820,60.9000027179718,17.108537673950195,,
generation,3821,63.05000185966492,16.45116424560547,,
generation,3822,63.10000419616699,16.1147518157959,,
generation,3823,61.10000014305115,17.652591705322266,,
generation,3824,61.80000305175781,17.824922561645508,,
generation,3825,61.75000071525574,15.715768814086914,,
generation,3826,61.80000305175781,15.731626510620117,,
generation,3827,61.15000247955322,17.016752243041992,,
generation,3828,61.05000376701355,17.084617614746094,,
generation,3829,63.05000185966492,16.3096923828125,,
generation,3830,60.30000448226929,17.87969970703125,,
generation,3831,60.350000858306885,17.800291061401367,,
generation,3832,62.05000281333923,16.267208099365234,,
generation,3833,62.35000491142273,16.114280700683594,,
generation,3834,60.55000424385071,17.64362335205078,,
generation,3835,60.95000505447388,17.29686737060547,,
generation,3836,62.5,16.54067039489746,,
generation,3837,61.650002002716064,17.986705780029297,,
generation,3838,60.95000505447388,16.697587966918945,,
generation,3839,60.050004720687866,18.045061111450195,,
generation,3840,61.60000562667847,16.961149215698242,,
generation,3841,60.30000448226929,17.74158477783203,,
generation,3842,61.85000538825989,16.87386131286621,,
generation,3843,60.80000400543213,16.3775691986084,,
generation,3844,60.30000448226929,17.396377563476562,,
generation,3845,61.650002002716064,16.9776668548584,,
generation,3846,61.650002002716064,17.0738468170166,,
generation,3847,63.05000185966492,15.67643928527832,,
generation,3848,62.35000491142273,16.213529586791992,,
generation,3849,61.70000433921814,17.555160522460938,,
generation,3850,60.30000448226929,16.679445266723633,,
generation,3851,59.450000524520874,17.0994815826416,,
generation,3852,61.30000352859497,16.435123443603516,,
generation,3853,61.60000562667847,16.501367568969727,,
generation,3854,60.00000238418579,17.471343994140625,,
generation,3855,60.200005769729614,17.77894401550293,,
generation,3856,62.550002336502075,16.792795181274414,,
generation,3857,61.05000376701355,17.708269119262695,,
generation,3858,62.90000081062317,16.377857208251953,,
generation,3859,60.750001668930054,16.822965621948242,,
generation,3860,60.200005769729614,18.114280700683594,,
generation,3861,62.300002574920654,16.388708114624023,,
generation,3862,62.150001525878906,17.16372299194336,,
generation,3863,61.75000071525574,15.759581565856934,,
generation,3864,62.25000023841858,17.180809020996094,,
generation,3865,61.80000305175781,17.12296485900879,,
generation,3866,59.25000309944153,16.915027618408203,,
generation,3867,60.95000505447388,18.293842315673828,,
generation,3868,61.400002241134644,16.642545700073242,,
generation,3869,60.15000343322754,18.19875144958496,,
generation,3870,60.55000424385071,17.36530303955078,,
generation,3871,61.000001430511475,17.108366012573242,,
generation,3872,61.500000953674316,16.70181655883789,,
generation,3873,62.40000128746033,16.08469581604004,,
generation,3874,60.9000027179718,16.453510284423828,,
generation,3875,61.650002002716064,16.973114013671875,,
generation,3876,60.100001096725464,17.373971939086914,,
generation,3877,60.55000424385071,16.891605377197266,,
generation,3878,62.70000338554382,15.868592262268066,,
generation,3879,62.40000128746033,16.704547882080078,,
generation,3880,61.05000376701355,17.2576961517334,,
generation,3881,61.05000376701355,17.502538681030273,,
generation,3882,61.70000433921814,16.826101303100586,,
generation,3883,60.50000190734863,18.353744506835938,,
generation,3884,60.00000238418579,17.151931762695312,,
generation,3885,60.750001668930054,17.530302047729492,,
generation,3886,62.05000281333923,16.1716365814209,,
generation,3887,60.200005769729614,17.46266746520996,,
generation,3888,63.15000057220459,15.3964204788208,,
generation,3889,60.80000400543213,18.707096099853516,,
generation,3890,61.250001192092896,16.90850257873535,,
generation,3891,61.2000048160553,16.962467193603516,,
generation,3892,61.250001192092896,16.604610443115234,,
generation,3893,61.000001430511475,17.87087631225586,,
generation,3894,58.799999952316284,18.870372772216797,,
generation,3895,62.5,15.719754219055176,,
generation,3896,60.95000505447388,17.36749839782715,,
generation,3897,61.75000071525574,16.16807746887207,,
generation,3898,61.900001764297485,17.09815788269043,,
generation,3899,61.05000376701355,17.79709815979004,,
generation,3900,60.65000295639038,16.781583786010742,,
generation,3901,60.95000505447388,17.078737258911133,,
generation,3902,60.450005531311035,17.778770446777344,,
generation,3903,62.800002098083496,16.269437789916992,,
generation,3904,61.350005865097046,16.739765167236328,,
generation,3905,61.250001192092896,17.407869338989258,,
generation,3906,62.40000128746033,16.704833984375,,
generation,3907,60.85000038146973,17.756206512451172,,
generation,3908,60.050004720687866,17.985464096069336,,
generation,3909,62.150001525878906,16.69320297241211,,
generation,3910,61.350005865097046,16.20587921142578,,
generation,3911,61.400002241134644,18.34950828552246,,
generation,3912,61.75000071525574,16.960065841674805,,
generation,3913,60.9000027179718,17.139381408691406,,
generation,3914,60.95000505447388,16.75522804260254,,
generation,3915,60.55000424385071,17.617958068847656,,
generation,3916,61.900001764297485,17.02741050720215,,
generation,3917,62.60000467300415,16.13436508178711,,
generation,3918,61.2000048160553,16.489517211914062,,
generation,3919,61.15000247955322,15.134146690368652,,
generation,3920,60.85000038146973,17.64322280883789,,
generation,3921,60.700005292892456,16.882280349731445,,
generation,3922,60.80000400543213,17.369911193847656,,
generation,3923,61.650002002716064,16.59058380126953,,
generation,3924,61.55000329017639,16.51964569091797,,
generation,3925,61.70000433921814,16.20853042602539,,
generation,3926,63.95000219345093,15.422797203063965,,
generation,3927,61.900001764297485,17.15326499938965,,
generation,3928,61.55000329017639,16.720584869384766,,
generation,3929,60.50000190734863,18.152286529541016,,
generation,3930,61.55000329017639,16.6611270904541,,
generation,3931,62.550002336502075,15.896193504333496,,
generation,3932,61.05000376701355,15.87014389038086,,
generation,3933,61.350005865097046,17.92161750793457,,
generation,3934,62.20000386238098,16.739824295043945,,
generation,3935,59.550005197525024,17.69167137145996,,
generation,3936,60.65000295639038,16.810636520385742,,
generation,3937,61.900001764297485,16.087997436523438,,
generation,3938,61.70000433921814,16.60506820678711,,
generation,3939,62.4500036239624,15.700161933898926,,
generation,3940,61.400002241134644,16.787067413330078,,
generation,3941,62.10000514984131,17.28986167907715,,
generation,3942,62.90000081062317,15.989120483398438,,
generation,3943,62.300002574920654,17.384349822998047,,
generation,3944,60.9000027179718,16.483327865600586,,
generation,3945,62.10000514984131,17.373897552490234,,
generation,3946,61.900001764297485,16.61883544921875,,
generation,3947,61.45000457763672,16.980934143066406,,
generation,3948,60.9000027179718,17.1259765625,,
generation,3949,61.500000953674316,16.602386474609375,,
generation,3950,60.80000400543213,18.758207321166992,,
generation,3951,62.60000467300415,16.027782440185547,,
generation,3952,60.30000448226929,17.23257064819336,,
generation,3953,61.900001764297485,16.402036666870117,,
generation,3954,63.00000548362732,16.291486740112305,,
generation,3955,62.150001525878906,16.040687561035156,,
generation,3956,62.7500057220459,15.821277618408203,,
generation,3957,59.550005197525024,17.88661766052246,,
generation,3958,60.30000448226929,16.48346519470215,,
generation,3959,60.55000424385071,17.236324310302734,,
generation,3960,63.25000524520874,15.920169830322266,,
generation,3961,61.45000457763672,16.886564254760742,,
generation,3962,62.00000047683716,16.8906192779541,,
generation,3963,61.85000538825989,17.65636444091797,,
generation,3964,61.45000457763672,17.191335678100586,,
generation,3965,59.6500039100647,17.09946632385254,,
generation,3966,60.50000190734863,16.79633903503418,,
generation,3967,60.00000238418579,18.228918075561523,,
generation,3968,62.950003147125244,15.623724937438965,,
generation,3969,63.65000009536743,15.05439567565918,,
generation,3970,61.95000410079956,16.22987937927246,,
generation,3971,62.550002336502075,16.20329475402832,,
generation,3972,59.90000367164612,17.337364196777344,,
generation,3973,60.95000505447388,17.343290328979492,,
generation,3974,63.25000524520874,15.954977035522461,,
generation,3975,62.70000338554382,16.93431282043457,,
generation,3976,63.15000057220459,16.070762634277344,,
generation,3977,62.300002574920654,17.010541915893555,,
generation,3978,62.65000104904175,16.00484848022461,,
generation,3979,62.5,16.80893325805664,,
generation,3980,61.000001430511475,17.52118682861328,,
generation,3981,61.75000071525574,16.416797637939453,,
generation,3982,62.10000514984131,16.43263053894043,,
generation,3983,62.35000491142273,16.1021728515625,,
generation,3984,60.30000448226929,16.786306381225586,,
generation,3985,61.95000410079956,15.5565824508667,,
generation,3986,61.900001764297485,16.592679977416992,,
generation,3987,61.30000352859497,16.70042610168457,,
generation,3988,62.4500036239624,16.18118667602539,,
generation,3989,61.400002241134644,17.009777069091797,,
generation,3990,59.800004959106445,18.132081985473633,,
generation,3991,59.950000047683716,16.50779151916504,,
generation,3992,61.900001764297485,17.703031539916992,,
generation,3993,61.250001192092896,16.548545837402344,,
generation,3994,61.70000433921814,16.682937622070312,,
generation,3995,61.70000433921814,16.724098205566406,,
generation,3996,61.95000410079956,15.361188888549805,,
generation,3997,61.650002002716064,16.47079849243164,,
generation,3998,61.250001192092896,17.731924057006836,,
generation,3999,61.250001192092896,17.426002502441406,,
generation,4000,60.85000038146973,17.936847686767578,,
generation,4001,61.80000305175781,17.299829483032227,,
generation,4002,61.900001764297485,15.775663375854492,,
generation,4003,61.05000376701355,17.453861236572266,,
generation,4004,61.85000538825989,16.32084846496582,,
generation,4005,61.45000457763672,17.032167434692383,,
generation,4006,62.10000514984131,17.098953247070312,,
generation,4007,61.55000329017639,16.619388580322266,,
generation,4008,58.799999952316284,18.61070442199707,,
generation,4009,61.900001764297485,17.73308563232422,,
generation,4010,62.35000491142273,16.518823623657227,,
generation,4011,60.450005531311035,16.872507095336914,,
generation,4012,61.10000014305115,16.223840713500977,,
generation,4013,62.800002098083496,15.790696144104004,,
generation,4014,62.00000047683716,17.073389053344727,,
generation,4015,60.50000190734863,17.790971755981445,,
generation,4016,62.550002336502075,15.770345687866211,,
generation,4017,61.350005865097046,17.05059814453125,,
generation,4018,63.600003719329834,14.720890045166016,,
generation,4019,62.5,17.093685150146484,,
generation,4020,64.3500030040741,15.209516525268555,,
generation,4021,62.65000104904175,16.45467758178711,,
generation,4022,62.20000386238098,16.104454040527344,,
generation,4023,61.650002002716064,16.381019592285156,,
generation,4024,61.75000071525574,16.531085968017578,,
generation,4025,62.800002098083496,15.806468963623047,,
generation,4026,61.85000538825989,16.831329345703125,,
generation,4027,60.600000619888306,16.595407485961914,,
generation,4028,63.450002670288086,16.773130416870117,,
generation,4029,61.10000014305115,17.228647232055664,,
generation,4030,63.05000185966492,16.135160446166992,,
generation,4031,61.45000457763672,16.605056762695312,,
generation,4032,60.350000858306885,16.98400115966797,,
generation,4033,61.15000247955322,16.831371307373047,,
generation,4034,61.30000352859497,16.6776180267334,,
generation,4035,61.000001430511475,17.56934928894043,,
generation,4036,59.700000286102295,17.841005325317383,,
generation,4037,62.85000443458557,16.377790451049805,,
generation,4038,61.10000014305115,17.63197898864746,,
generation,4039,62.5,15.998156547546387,,
generation,4040,60.95000505447388,17.538482666015625,,
generation,4041,62.70000338554382,16.684354782104492,,
generation,4042,63.35000395774841,15.482101440429688,,
generation,4043,60.65000295639038,17.76307487487793,,
generation,4044,60.80000400543213,16.834163665771484,,
generation,4045,61.75000071525574,15.684680938720703,,
generation,4046,61.70000433921814,16.554655075073242,,
generation,4047,61.900001764297485,16.6954288482666,,
generation,4048,62.90000081062317,16.062501907348633,,
generation,4049,61.2000048160553,16.885135650634766,,
generation,4050,62.35000491142273,16.832210540771484,,
generation,4051,62.05000281333923,16.567821502685547,,
generation,4052,61.85000538825989,15.06613826751709,,
generation,4053,62.550002336502075,15.763328552246094,,
generation,4054,62.40000128746033,16.47484588623047,,
generation,4055,61.95000410079956,16.695566177368164,,
generation,4056,60.600000619888306,17.08308982849121,,
generation,4057,60.95000505447388,17.557146072387695,,
generation,4058,60.00000238418579,16.765722274780273,,
generation,4059,63.35000395774841,15.405073165893555,,
generation,4060,63.450002670288086,16.225635528564453,,
generation,4061,63.30000162124634,15.417975425720215,,
generation,4062,60.200005769729614,17.72616958618164,,
generation,4063,62.40000128746033,17.03298568725586,,
generation,4064,62.150001525878906,17.06185531616211,,
generation,4065,62.00000047683716,16.51306915283203,,
generation,4066,61.80000305175781,15.935604095458984,,
generation,4067,62.05000281333923,16.90035629272461,,
generation,4068,60.85000038146973,17.486515045166016,,
generation,4069,61.900001764297485,17.264375686645508,,
generation,4070,62.10000514984131,16.39231300354004,,
generation,4071,62.00000047683716,17.240610122680664,,
generation,4072,62.40000128746033,15.864688873291016,,
generation,4073,62.300002574920654,17.529109954833984,,
generation,4074,61.400002241134644,16.868770599365234,,
generation,4075,61.350005865097046,16.114744186401367,,
generation,4076,61.000001430511475,17.00570297241211,,
generation,4077,62.60000467300415,16.62091064453125,,
generation,4078,61.250001192092896,17.11269760131836,,
generation,4079,61.85000538825989,17.704071044921875,,
generation,4080,61.30000352859497,16.95167350769043,,
generation,4081,63.50000500679016,14.856375694274902,,
generation,4082,60.750001668930054,17.067575454711914,,
generation,4083,60.00000238418579,17.969417572021484,,
generation,4084,62.550002336502075,17.567270278930664,,
generation,4085,61.70000433921814,17.595134735107422,,
generation,4086,62.05000281333923,16.67087745666504,,
generation,4087,62.05000281333923,17.384490966796875,,
generation,4088,62.65000104904175,16.158933639526367,,
generation,4089,60.95000505447388,15.62443733215332,,
generation,4090,62.4500036239624,16.02383041381836,,
generation,4091,60.9000027179718,17.317480087280273,,
generation,4092,61.95000410079956,17.03498649597168,,
generation,4093,61.55000329017639,16.543302536010742,,
generation,4094,61.85000538825989,16.76287269592285,,
generation,4095,61.85000538825989,16.845083236694336,,
generation,4096,60.700005292892456,16.641111373901367,,
generation,4097,60.750001668930054,15.438583374023438,,
generation,4098,62.05000281333923,16.7453670501709,,
generation,4099,62.25000023841858,15.686864852905273,,
generation,4100,63.200002908706665,16.407608032226562,,
generation,4101,60.80000400543213,16.984779357910156,,
generation,4102,63.200002908706665,15.114462852478027,,
generation,4103,62.70000338554382,15.192672729492188,,
generation,4104,62.5,16.884286880493164,,
generation,4105,62.05000281333923,16.592243194580078,,
generation,4106,62.35000491142273,16.173437118530273,,
generation,4107,62.40000128746033,16.58121109008789,,
generation,4108,62.90000081062317,17.02254295349121,,
generation,4109,62.10000514984131,17.01831817626953,,
generation,4110,62.65000104904175,17.232385635375977,,
generation,4111,60.65000295639038,17.28219985961914,,
generation,4112,62.800002098083496,15.683502197265625,,
generation,4113,61.900001764297485,16.500263214111328,,
generation,4114,62.90000081062317,16.69342613220215,,
generation,4115,60.050004720687866,17.76828956604004,,
generation,4116,62.150001525878906,16.825702667236328,,
generation,4117,61.350005865097046,16.930490493774414,,
generation,4118,63.90000581741333,15.01955795288086,,
generation,4119,62.65000104904175,16.213577270507812,,
generation,4120,62.300002574920654,16.237503051757812,,
generation,4121,63.05000185966492,16.110881805419922,,
generation,4122,60.350000858306885,16.647432327270508,,
generation,4123,61.60000562667847,16.442834854125977,,
generation,4124,61.95000410079956,16.481855392456055,,
generation,4125,62.20000386238098,15.8238525390625,,
generation,4126,61.45000457763672,16.335241317749023,,
generation,4127,60.700005292892456,18.349817276000977,,
generation,4128,62.550002336502075,15.342609405517578,,
generation,4129,62.25000023841858,15.371109962463379,,
generation,4130,62.65000104904175,16.037029266357422,,
generation,4131,61.05000376701355,16.774526596069336,,
generation,4132,62.35000491142273,15.983524322509766,,
generation,4133,62.550002336502075,15.939531326293945,,
generation,4134,62.40000128746033,16.570812225341797,,
generation,4135,61.900001764297485,16.368501663208008,,
generation,4136,61.45000457763672,17.314970016479492,,
generation,4137,64.30000066757202,14.641304969787598,,
generation,4138,62.90000081062317,16.338300704956055,,
generation,4139,62.40000128746033,16.60950469970703,,
generation,4140,61.95000410079956,16.25259017944336,,
generation,4141,61.80000305175781,16.101009368896484,,
generation,4142,62.00000047683716,15.906041145324707,,
generation,4143,64.000004529953,15.427681922912598,,
generation,4144,61.75000071525574,16.500350952148438,,
generation,4145,59.20000076293945,18.591339111328125,,
generation,4146,62.00000047683716,16.080018997192383,,
generation,4147,63.200002908706665,15.260577201843262,,
generation,4148,60.9000027179718,17.402557373046875,,
generation,4149,61.000001430511475,17.284862518310547,,
generation,4150,62.550002336502075,15.76741886138916,,
generation,4151,62.85000443458557,16.240171432495117,,
generation,4152,62.85000443458557,15.742487907409668,,
generation,4153,61.75000071525574,17.144983291625977,,
generation,4154,61.95000410079956,16.693174362182617,,
generation,4155,61.30000352859497,17.414426803588867,,
generation,4156,62.25000023841858,16.717945098876953,,
generation,4157,63.15000057220459,15.348679542541504,,
generation,4158,63.40000033378601,15.351853370666504,,
generation,4159,61.75000071525574,16.991243362426758,,
generation,4160,63.450002670288086,14.448283195495605,,
generation,4161,62.35000491142273,17.210161209106445,,
generation,4162,63.00000548362732,15.449061393737793,,
generation,4163,61.500000953674316,16.877317428588867,,
generation,4164,61.10000014305115,16.65453338623047,,
generation,4165,61.80000305175781,16.985492706298828,,
generation,4166,61.80000305175781,16.69578742980957,,
generation,4167,61.75000071525574,16.103252410888672,,
generation,4168,64.0500009059906,15.147317886352539,,
generation,4169,62.65000104904175,15.520636558532715,,
generation,4170,62.70000338554382,15.73357105255127,,
generation,4171,61.30000352859497,16.918012619018555,,
generation,4172,62.00000047683716,16.603885650634766,,
generation,4173,63.200002908706665,16.134483337402344,,
generation,4174,62.05000281333923,17.011945724487305,,
generation,4175,60.65000295639038,16.038469314575195,,
generation,4176,62.90000081062317,15.282454490661621,,
generation,4177,61.70000433921814,16.598134994506836,,
generation,4178,61.900001764297485,16.020925521850586,,
generation,4179,61.95000410079956,16.414539337158203,,
generation,4180,62.550002336502075,16.246427536010742,,
generation,4181,63.200002908706665,15.583629608154297,,
generation,4182,61.400002241134644,16.79144287109375,,
generation,4183,62.60000467300415,16.044246673583984,,
generation,4184,61.2000048160553,16.753719329833984,,
generation,4185,60.80000400543213,18.23684310913086,,
generation,4186,60.80000400543213,15.860804557800293,,
generation,4187,62.7500057220459,15.622476577758789,,
generation,4188,63.15000057220459,15.877969741821289,,
generation,4189,61.70000433921814,16.73751449584961,,
generation,4190,63.15000057220459,15.685270309448242,,
generation,4191,61.250001192092896,17.1274471282959,,
generation,4192,62.85000443458557,16.000940322875977,,
generation,4193,62.70000338554382,15.48216438293457,,
generation,4194,61.70000433921814,16.373159408569336,,
generation,4195,61.650002002716064,16.826425552368164,,
generation,4196,62.300002574920654,16.32868766784668,,
generation,4197,61.000001430511475,17.272253036499023,,
generation,4198,60.95000505447388,17.720935821533203,,
generation,4199,61.45000457763672,16.49684715270996,,
generation,4200,61.30000352859497,17.402210235595703,,
generation,4201,62.05000281333923,17.166885375976562,,
generation,4202,61.000001430511475,17.068876266479492,,
generation,4203,62.10000514984131,16.257335662841797,,
generation,4204,61.45000457763672,16.465572357177734,,
generation,4205,62.550002336502075,15.400979042053223,,
generation,4206,62.40000128746033,15.500055313110352,,
generation,4207,61.95000410079956,15.880146026611328,,
generation,4208,62.950003147125244,16.329683303833008,,
generation,4209,60.450005531311035,17.20729637145996,,
generation,4210,61.80000305175781,16.29642105102539,,
generation,4211,61.75000071525574,16.625253677368164,,
generation,4212,62.05000281333923,16.837764739990234,,
generation,4213,63.10000419616699,15.64391803741455,,
generation,4214,61.80000305175781,17.336782455444336,,
generation,4215,62.65000104904175,15.916177749633789,,
generation,4216,62.05000281333923,16.287534713745117,,
generation,4217,61.650002002716064,16.168180465698242,,
generation,4218,60.85000038146973,17.193347930908203,,
generation,4219,63.90000581741333,14.873093605041504,,
generation,4220,63.70000243186951,15.059762954711914,,
generation,4221,61.45000457763672,17.29355239868164,,
generation,4222,62.70000338554382,16.085857391357422,,
generation,4223,63.850003480911255,17.335792541503906,,
generation,4224,61.15000247955322,17.11779022216797,,
generation,4225,62.150001525878906,16.380434036254883,,
generation,4226,62.7500057220459,15.47783088684082,,
generation,4227,60.80000400543213,16.109020233154297,,
generation,4228,62.7500057220459,16.10341453552246,,
generation,4229,60.80000400543213,17.09560203552246,,
generation,4230,62.550002336502075,16.060218811035156,,
generation,4231,61.45000457763672,16.76842498779297,,
generation,4232,60.85000038146973,16.39468765258789,,
generation,4233,62.85000443458557,15.537437438964844,,
generation,4234,62.7500057220459,15.515595436096191,,
generation,4235,61.95000410079956,16.54794692993164,,
generation,4236,62.20000386238098,16.018949508666992,,
generation,4237,61.60000562667847,16.822912216186523,,
generation,4238,61.400002241134644,16.282516479492188,,
generation,4239,60.9000027179718,17.088796615600586,,
generation,4240,64.0500009059906,16.19540786743164,,
generation,4241,62.10000514984131,16.09039878845215,,
generation,4242,63.25000524520874,15.881872177124023,,
generation,4243,61.000001430511475,17.731781005859375,,
generation,4244,60.80000400543213,18.043590545654297,,
generation,4245,62.5,15.72851848602295,,
generation,4246,61.350005865097046,16.91826629638672,,
generation,4247,61.60000562667847,16.892274856567383,,
generation,4248,61.650002002716064,17.176395416259766,,
generation,4249,65.35000205039978,14.32181167602539,,
generation,4250,61.15000247955322,16.519033432006836,,
generation,4251,61.2000048160553,17.155607223510742,,
generation,4252,61.350005865097046,16.354265213012695,,
generation,4253,61.2000048160553,16.841228485107422,,
generation,4254,61.000001430511475,16.094297409057617,,
generation,4255,61.650002002716064,17.00591278076172,,
generation,4256,62.90000081062317,16.105453491210938,,
generation,4257,61.000001430511475,17.65444564819336,,
generation,4258,61.500000953674316,16.20345115661621,,
generation,4259,61.15000247955322,16.913793563842773,,
generation,4260,61.95000410079956,16.439937591552734,,
generation,4261,64.60000276565552,14.332366943359375,,
generation,4262,63.25000524520874,14.832368850708008,,
generation,4263,61.15000247955322,17.24732208251953,,
generation,4264,62.10000514984131,16.776968002319336,,
generation,4265,64.25000429153442,14.886832237243652,,
generation,4266,61.55000329017639,17.292699813842773,,
generation,4267,63.35000395774841,16.305097579956055,,
generation,4268,62.60000467300415,16.478221893310547,,
generation,4269,61.2000048160553,17.794052124023438,,
generation,4270,61.60000562667847,17.661378860473633,,
generation,4271,61.2000048160553,16.94199562072754,,
generation,4272,61.900001764297485,16.26270294189453,,
generation,4273,62.00000047683716,15.476872444152832,,
generation,4274,62.90000081062317,16.325586318969727,,
generation,4275,64.10000324249268,15.325151443481445,,
generation,4276,61.60000562667847,18.21482276916504,,
generation,4277,60.95000505447388,16.501178741455078,,
generation,4278,63.15000057220459,15.707048416137695,,
generation,4279,62.10000514984131,15.899225234985352,,
generation,4280,60.750001668930054,17.27024269104004,,
generation,4281,61.15000247955322,16.477767944335938,,
generation,4282,62.550002336502075,16.48785972595215,,
generation,4283,61.350005865097046,16.731401443481445,,
generation,4284,61.45000457763672,17.082618713378906,,
generation,4285,60.85000038146973,17.25690269470215,,
generation,4286,61.350005865097046,16.953054428100586,,
generation,4287,63.80000114440918,15.332799911499023,,
generation,4288,62.300002574920654,16.373889923095703,,
generation,4289,62.35000491142273,15.794596672058105,,
generation,4290,61.75000071525574,16.449256896972656,,
generation,4291,63.850003480911255,15.496831893920898,,
generation,4292,62.800002098083496,15.786506652832031,,
generation,4293,60.050004720687866,17.62437629699707,,
generation,4294,62.90000081062317,15.235740661621094,,
generation,4295,61.60000562667847,17.59293556213379,,
generation,4296,60.450005531311035,16.631376266479492,,
generation,4297,64.15000557899475,15.682723045349121,,
generation,4298,61.500000953674316,17.64504623413086,,
generation,4299,62.10000514984131,16.086990356445312,,
generation,4300,61.85000538825989,17.23572540283203,,
generation,4301,62.7500057220459,16.356876373291016,,
generation,4302,62.10000514984131,17.039669036865234,,
generation,4303,61.2000048160553,16.558225631713867,,
generation,4304,61.95000410079956,16.38567352294922,,
generation,4305,61.250001192092896,16.786788940429688,,
generation,4306,60.95000505447388,16.750648498535156,,
generation,4307,62.20000386238098,16.70337677001953,,
generation,4308,62.5,16.53754234313965,,
generation,4309,60.65000295639038,18.742403030395508,,
generation,4310,61.85000538825989,16.730060577392578,,
generation,4311,61.60000562667847,16.35613250732422,,
generation,4312,62.10000514984131,16.66672706604004,,
generation,4313,62.150001525878906,16.374629974365234,,
generation,4314,62.150001525878906,16.400989532470703,,
generation,4315,61.85000538825989,16.403608322143555,,
generation,4316,61.70000433921814,16.288183212280273,,
generation,4317,63.25000524520874,15.661349296569824,,
generation,4318,63.65000009536743,15.828864097595215,,
generation,4319,63.15000057220459,15.245299339294434,,
generation,4320,61.45000457763672,16.920988082885742,,
generation,4321,62.550002336502075,16.055192947387695,,
generation,4322,63.30000162124634,15.58053970336914,,
generation,4323,62.150001525878906,16.16870880126953,,
generation,4324,61.400002241134644,16.606491088867188,,
generation,4325,61.500000953674316,15.394639015197754,,
generation,4326,62.150001525878906,16.187511444091797,,
generation,4327,61.250001192092896,15.977100372314453,,
generation,4328,62.10000514984131,15.811596870422363,,
generation,4329,61.10000014305115,16.9345645904541,,
generation,4330,64.90000486373901,14.172611236572266,,
generation,4331,62.10000514984131,16.462841033935547,,
generation,4332,62.05000281333923,15.987946510314941,,
generation,4333,63.200002908706665,16.429672241210938,,
generation,4334,62.10000514984131,17.09180450439453,,
generation,4335,60.85000038146973,17.087888717651367,,
generation,4336,61.900001764297485,16.098447799682617,,
generation,4337,62.5,15.422270774841309,,
generation,4338,62.7500057220459,16.143394470214844,,
generation,4339,61.650002002716064,17.84730339050293,,
generation,4340,62.40000128746033,16.901058197021484,,
generation,4341,60.100001096725464,18.14760398864746,,
generation,4342,62.5,15.971168518066406,,
generation,4343,61.70000433921814,15.613452911376953,,
generation,4344,62.70000338554382,16.89794921875,,
generation,4345,62.25000023841858,16.04651641845703,,
generation,4346,61.15000247955322,16.328126907348633,,
generation,4347,61.85000538825989,16.341819763183594,,
generation,4348,61.15000247955322,16.94643211364746,,
generation,4349,62.7500057220459,15.574335098266602,,
generation,4350,64.10000324249268,15.371053695678711,,
generation,4351,60.85000038146973,17.1971378326416,,
generation,4352,60.50000190734863,18.487451553344727,,
generation,4353,62.10000514984131,16.850513458251953,,
generation,4354,63.10000419616699,15.560714721679688,,
generation,4355,62.65000104904175,15.887053489685059,,
generation,4356,62.35000491142273,16.158098220825195,,
generation,4357,61.85000538825989,15.871557235717773,,
generation,4358,62.4500036239624,16.36490249633789,,
generation,4359,62.10000514984131,16.264328002929688,,
generation,4360,63.75000476837158,16.856800079345703,,
generation,4361,62.40000128746033,16.145376205444336,,
generation,4362,61.400002241134644,16.635610580444336,,
generation,4363,61.500000953674316,16.86762046813965,,
generation,4364,64.20000195503235,15.262703895568848,,
generation,4365,63.35000395774841,16.284719467163086,,
generation,4366,64.10000324249268,15.61036205291748,,
generation,4367,62.60000467300415,16.51252555847168,,
generation,4368,61.95000410079956,15.701605796813965,,
generation,4369,63.65000009536743,15.833319664001465,,
generation,4370,63.05000185966492,15.567728042602539,,
generation,4371,62.7500057220459,15.510031700134277,,
generation,4372,62.550002336502075,16.95269203186035,,
generation,4373,63.200002908706665,15.379786491394043,,
generation,4374,61.60000562667847,16.633132934570312,,
generation,4375,64.000004529953,15.735188484191895,,
generation,4376,61.15000247955322,16.16668128967285,,
generation,4377,63.25000524520874,15.040430068969727,,
generation,4378,60.65000295639038,18.63745880126953,,
generation,4379,62.10000514984131,16.557985305786133,,
generation,4380,62.5,16.439559936523438,,
generation,4381,63.30000162124634,15.815155982971191,,
generation,4382,61.75000071525574,16.165586471557617,,
generation,4383,62.10000514984131,16.156442642211914,,
generation,4384,64.0500009059906,15.360763549804688,,
generation,4385,63.65000009536743,15.117396354675293,,
generation,4386,61.650002002716064,16.447240829467773,,
generation,4387,62.800002098083496,15.659899711608887,,
generation,4388,62.4500036239624,16.496688842773438,,
generation,4389,63.55000138282776,15.396590232849121,,
generation,4390,61.900001764297485,16.92885398864746,,
generation,4391,63.850003480911255,15.764973640441895,,
generation,4392,61.95000410079956,16.437101364135742,,
generation,4393,60.55000424385071,17.82503890991211,,
generation,4394,61.70000433921814,17.57697296142578,,
generation,4395,61.500000953674316,17.224258422851562,,
generation,4396,62.40000128746033,16.254541397094727,,
generation,4397,61.95000410079956,16.93903160095215,,
generation,4398,62.05000281333923,17.02961540222168,,
generation,4399,61.85000538825989,16.790678024291992,,
generation,4400,62.05000281333923,16.272756576538086,,
generation,4401,62.00000047683716,16.488786697387695,,
generation,4402,62.150001525878906,15.7098388671875,,
generation,4403,62.00000047683716,16.593978881835938,,
generation,4404,62.25000023841858,16.25905990600586,,
generation,4405,61.45000457763672,16.846670150756836,,
generation,4406,61.15000247955322,17.045001983642578,,
generation,4407,61.900001764297485,17.10053062438965,,
generation,4408,62.40000128746033,16.81987762451172,,
generation,4409,61.70000433921814,16.814983367919922,,
generation,4410,60.9000027179718,16.72942543029785,,
generation,4411,64.0500009059906,15.420578956604004,,
generation,4412,62.4500036239624,16.627601623535156,,
generation,4413,62.65000104904175,16.619421005249023,,
generation,4414,63.30000162124634,16.221527099609375,,
generation,4415,61.75000071525574,16.892066955566406,,
generation,4416,61.60000562667847,17.193201065063477,,
generation,4417,62.550002336502075,16.02869415283203,,
generation,4418,62.60000467300415,16.06097984313965,,
generation,4419,62.35000491142273,16.868818283081055,,
generation,4420,62.950003147125244,16.2340087890625,,
generation,4421,60.40000319480896,17.400190353393555,,
generation,4422,62.800002098083496,15.524164199829102,,
generation,4423,62.20000386238098,15.587189674377441,,
generation,4424,63.55000138282776,16.2802677154541,,
generation,4425,61.60000562667847,17.016647338867188,,
generation,4426,63.10000419616699,16.222244262695312,,
generation,4427,61.500000953674316,16.437379837036133,,
generation,4428,62.550002336502075,16.506206512451172,,
generation,4429,63.35000395774841,16.793094635009766,,
generation,4430,64.15000557899475,14.71861457824707,,
generation,4431,61.75000071525574,16.110260009765625,,
generation,4432,63.05000185966492,15.067253112792969,,
generation,4433,64.45000171661377,15.582188606262207,,
generation,4434,62.00000047683716,16.84099769592285,,
generation,4435,62.00000047683716,16.670515060424805,,
generation,4436,61.85000538825989,17.162559509277344,,
generation,4437,63.35000395774841,15.503255844116211,,
generation,4438,64.80000019073486,14.947493553161621,,
generation,4439,62.85000443458557,15.666053771972656,,
generation,4440,62.90000081062317,16.199317932128906,,
generation,4441,61.05000376701355,16.996807098388672,,
generation,4442,62.90000081062317,16.183307647705078,,
generation,4443,62.800002098083496,15.86193561553955,,
generation,4444,62.150001525878906,16.237930297851562,,
generation,4445,64.40000534057617,15.191280364990234,,
generation,4446,62.800002098083496,15.843586921691895,,
generation,4447,61.80000305175781,16.420072555541992,,
generation,4448,62.4500036239624,16.56072235107422,,
generation,4449,63.15000057220459,15.5568265914917,,
generation,4450,63.35000395774841,15.403051376342773,,
generation,4451,63.15000057220459,15.37076187133789,,
generation,4452,62.950003147125244,15.572237968444824,,
generation,4453,59.85000133514404,17.863515853881836,,
generation,4454,62.20000386238098,16.70821762084961,,
generation,4455,61.85000538825989,17.797374725341797,,
generation,4456,62.20000386238098,15.869848251342773,,
generation,4457,63.55000138282776,16.107250213623047,,
generation,4458,62.5,16.19617462158203,,
generation,4459,62.10000514984131,16.538015365600586,,
generation,4460,62.25000023841858,16.043785095214844,,
generation,4461,64.60000276565552,15.18639087677002,,
generation,4462,62.00000047683716,16.577756881713867,,
generation,4463,62.550002336502075,16.50555419921875,,
generation,4464,61.2000048160553,16.729568481445312,,
generation,4465,61.85000538825989,16.554828643798828,,
generation,4466,61.900001764297485,16.53667449951172,,
generation,4467,60.600000619888306,16.661935806274414,,
generation,4468,62.90000081062317,15.8211088180542,,
generation,4469,63.600003719329834,15.182044982910156,,
generation,4470,63.00000548362732,16.398300170898438,,
generation,4471,63.10000419616699,16.14383316040039,,
generation,4472,62.950003147125244,15.928079605102539,,
generation,4473,61.60000562667847,16.96059226989746,,
generation,4474,62.150001525878906,16.165395736694336,,
generation,4475,62.950003147125244,16.20607566833496,,
generation,4476,61.70000433921814,16.787065505981445,,
generation,4477,63.55000138282776,15.084468841552734,,
generation,4478,61.70000433921814,16.702716827392578,,
generation,4479,62.25000023841858,16.733978271484375,,
generation,4480,63.70000243186951,15.332738876342773,,
generation,4481,62.35000491142273,16.63727569580078,,
generation,4482,63.40000033378601,16.44335174560547,,
generation,4483,59.6500039100647,17.270648956298828,,
generation,4484,62.7500057220459,16.047210693359375,,
generation,4485,61.70000433921814,16.0603084564209,,
generation,4486,62.65000104904175,16.844303131103516,,
generation,4487,64.60000276565552,15.512443542480469,,
generation,4488,63.10000419616699,16.25554847717285,,
generation,4489,62.4500036239624,15.431344032287598,,
generation,4490,63.200002908706665,16.636775970458984,,
generation,4491,63.50000500679016,15.701567649841309,,
generation,4492,62.20000386238098,16.320497512817383,,
generation,4493,61.80000305175781,16.29941177368164,,
generation,4494,62.25000023841858,16.159229278564453,,
generation,4495,61.10000014305115,16.469579696655273,,
generation,4496,61.60000562667847,16.913745880126953,,
generation,4497,64.80000019073486,15.416841506958008,,
generation,4498,62.65000104904175,16.49327850341797,,
generation,4499,61.350005865097046,16.38555145263672,,
generation,4500,62.300002574920654,17.238325119018555,,
generation,4501,63.55000138282776,16.527193069458008,,
generation,4502,62.40000128746033,16.14269256591797,,
generation,4503,63.15000057220459,16.06786346435547,,
generation,4504,62.20000386238098,16.68758201599121,,
generation,4505,62.950003147125244,15.12436294555664,,
generation,4506,62.7500057220459,16.028772354125977,,
generation,4507,63.450002670288086,15.12843132019043,,
generation,4508,62.35000491142273,15.881299018859863,,
generation,4509,62.20000386238098,15.061717987060547,,
generation,4510,62.00000047683716,17.033544540405273,,
generation,4511,63.850003480911255,15.419687271118164,,
generation,4512,61.95000410079956,16.927526473999023,,
generation,4513,62.25000023841858,15.658954620361328,,
generation,4514,61.75000071525574,16.693130493164062,,
generation,4515,64.15000557899475,15.819552421569824,,
generation,4516,62.90000081062317,16.30514144897461,,
generation,4517,61.45000457763672,17.475467681884766,,
generation,4518,63.600003719329834,16.408071517944336,,
generation,4519,61.85000538825989,16.61837387084961,,
generation,4520,61.15000247955322,17.50962257385254,,
generation,4521,63.15000057220459,15.717103004455566,,
generation,4522,63.40000033378601,15.066171646118164,,
generation,4523,60.65000295639038,17.44390106201172,,
generation,4524,62.85000443458557,15.467076301574707,,
generation,4525,62.85000443458557,16.323654174804688,,
generation,4526,61.2000048160553,16.287002563476562,,
generation,4527,62.40000128746033,16.398149490356445,,
generation,4528,60.25000214576721,16.819154739379883,,
generation,4529,62.950003147125244,16.01986312866211,,
generation,4530,63.200002908706665,15.247118949890137,,
generation,4531,61.95000410079956,16.527103424072266,,
generation,4532,64.80000019073486,14.655701637268066,,
generation,4533,61.80000305175781,16.415210723876953,,
generation,4534,60.85000038146973,17.8134765625,,
generation,4535,63.10000419616699,16.336091995239258,,
generation,4536,62.150001525878906,16.35292625427246,,
generation,4537,62.950003147125244,16.144460678100586,,
generation,4538,62.35000491142273,16.48682975769043,,
generation,4539,62.85000443458557,15.432477951049805,,
generation,4540,61.55000329017639,15.801154136657715,,
generation,4541,62.950003147125244,16.8923397064209,,
generation,4542,62.20000386238098,15.891169548034668,,
generation,4543,62.05000281333923,16.8971004486084,,
generation,4544,61.80000305175781,16.23160171508789,,
generation,4545,62.70000338554382,15.531476020812988,,
generation,4546,62.20000386238098,16.035245895385742,,
generation,4547,62.10000514984131,14.980857849121094,,
generation,4548,61.70000433921814,17.360637664794922,,
generation,4549,62.550002336502075,16.801557540893555,,
generation,4550,62.70000338554382,15.405564308166504,,
generation,4551,63.30000162124634,15.80309772491455,,
generation,4552,64.25000429153442,14.77575969696045,,
generation,4553,61.85000538825989,16.007556915283203,,
generation,4554,62.10000514984131,16.6737117767334,,
generation,4555,63.15000057220459,15.1776762008667,,
generation,4556,62.70000338554382,16.71924591064453,,
generation,4557,60.80000400543213,17.570266723632812,,
generation,4558,62.10000514984131,16.345399856567383,,
generation,4559,65.30000567436218,14.40188217163086,,
generation,4560,61.650002002716064,17.357481002807617,,
generation,4561,63.50000500679016,15.661407470703125,,
generation,4562,63.55000138282776,16.17568588256836,,
generation,4563,61.95000410079956,16.227699279785156,,
generation,4564,63.65000009536743,15.594563484191895,,
generation,4565,63.450002670288086,15.791573524475098,,
generation,4566,63.450002670288086,15.277544975280762,,
generation,4567,64.60000276565552,14.96324348449707,,
generation,4568,63.15000057220459,15.889976501464844,,
generation,4569,63.30000162124634,16.404029846191406,,
generation,4570,62.90000081062317,16.380104064941406,,
generation,4571,61.85000538825989,17.303415298461914,,
generation,4572,62.35000491142273,17.07607650756836,,
generation,4573,65.00000357627869,15.49669075012207,,
generation,4574,62.10000514984131,17.437856674194336,,
generation,4575,62.800002098083496,15.565933227539062,,
generation,4576,62.300002574920654,16.79612922668457,,
generation,4577,63.35000395774841,15.56298542022705,,
generation,4578,62.85000443458557,15.428563117980957,,
generation,4579,63.35000395774841,16.03179359436035,,
generation,4580,61.85000538825989,16.327407836914062,,
generation,4581,62.90000081062317,15.479328155517578,,
generation,4582,65.10000228881836,14.563977241516113,,
generation,4583,63.50000500679016,16.151811599731445,,
generation,4584,64.10000324249268,15.677339553833008,,
generation,4585,63.35000395774841,15.364770889282227,,
generation,4586,63.10000419616699,16.985233306884766,,
generation,4587,62.60000467300415,15.816191673278809,,
generation,4588,63.65000009536743,16.360408782958984,,
generation,4589,62.7500057220459,15.670347213745117,,
generation,4590,61.45000457763672,16.477941513061523,,
generation,4591,63.10000419616699,15.421420097351074,,
generation,4592,61.650002002716064,17.745346069335938,,
generation,4593,62.550002336502075,15.164855003356934,,
generation,4594,61.900001764297485,16.017009735107422,,
generation,4595,61.60000562667847,16.261924743652344,,
generation,4596,63.40000033378601,15.061935424804688,,
generation,4597,65.05000591278076,14.630970001220703,,
generation,4598,61.650002002716064,16.601646423339844,,
generation,4599,61.900001764297485,16.159208297729492,,
generation,4600,62.25000023841858,16.386486053466797,,
generation,4601,64.45000171661377,16.209003448486328,,
generation,4602,61.2000048160553,16.966650009155273,,
generation,4603,63.90000581741333,15.631916046142578,,
generation,4604,62.4500036239624,16.078414916992188,,
generation,4605,62.85000443458557,16.473224639892578,,
generation,4606,62.800002098083496,15.52979850769043,,
generation,4607,62.950003147125244,16.50969886779785,,
generation,4608,61.95000410079956,16.54698944091797,,
generation,4609,63.10000419616699,16.027555465698242,,
generation,4610,65.25000333786011,15.30971908569336,,
generation,4611,64.60000276565552,15.503069877624512,,
generation,4612,63.30000162124634,16.279388427734375,,
generation,4613,64.20000195503235,15.661839485168457,,
generation,4614,63.450002670288086,15.677376747131348,,
generation,4615,62.70000338554382,16.19951820373535,,
generation,4616,63.30000162124634,15.861777305603027,,
generation,4617,63.450002670288086,17.423938751220703,,
generation,4618,62.35000491142273,15.676464080810547,,
generation,4619,63.00000548362732,15.647716522216797,,
generation,4620,61.400002241134644,17.218677520751953,,
generation,4621,63.15000057220459,15.522927284240723,,
generation,4622,62.70000338554382,15.666925430297852,,
generation,4623,63.00000548362732,16.516605377197266,,
generation,4624,61.85000538825989,17.065900802612305,,
generation,4625,63.850003480911255,16.18547248840332,,
generation,4626,63.05000185966492,16.03461265563965,,
generation,4627,61.80000305175781,16.334320068359375,,
generation,4628,63.75000476837158,15.991976737976074,,
generation,4629,63.200002908706665,15.263021469116211,,
generation,4630,61.250001192092896,17.23509979248047,,
generation,4631,63.65000009536743,15.479002952575684,,
generation,4632,62.950003147125244,15.467763900756836,,
generation,4633,63.10000419616699,16.91610336303711,,
generation,4634,62.950003147125244,15.561010360717773,,
generation,4635,63.25000524520874,15.321414947509766,,
generation,4636,62.300002574920654,15.92973518371582,,
generation,4637,63.15000057220459,16.630962371826172,,
generation,4638,63.75000476837158,15.784144401550293,,
generation,4639,61.15000247955322,17.255456924438477,,
generation,4640,63.05000185966492,14.898479461669922,,
generation,4641,62.10000514984131,15.259418487548828,,
generation,4642,63.95000219345093,15.907123565673828,,
generation,4643,63.450002670288086,15.387065887451172,,
generation,4644,63.55000138282776,15.401826858520508,,
generation,4645,63.05000185966492,16.47593116760254,,
generation,4646,64.10000324249268,15.717537879943848,,
generation,4647,63.75000476837158,16.66927146911621,,
generation,4648,62.950003147125244,15.812618255615234,,
generation,4649,63.200002908706665,15.452998161315918,,
generation,4650,63.65000009536743,15.124312400817871,,
generation,4651,64.000004529953,15.47070598602295,,
generation,4652,63.65000009536743,15.648276329040527,,
generation,4653,63.00000548362732,16.022876739501953,,
generation,4654,61.95000410079956,17.507699966430664,,
generation,4655,62.35000491142273,17.265539169311523,,
generation,4656,63.450002670288086,15.529789924621582,,
generation,4657,63.850003480911255,15.334716796875,,
generation,4658,63.95000219345093,15.946954727172852,,
generation,4659,62.10000514984131,16.164440155029297,,
generation,4660,62.70000338554382,15.732645034790039,,
generation,4661,64.30000066757202,14.901247024536133,,
generation,4662,63.05000185966492,17.243541717529297,,
generation,4663,63.15000057220459,16.024904251098633,,
generation,4664,63.05000185966492,16.818557739257812,,
generation,4665,62.300002574920654,16.324527740478516,,
generation,4666,63.55000138282776,16.418758392333984,,
generation,4667,63.95000219345093,15.074785232543945,,
generation,4668,64.15000557899475,14.558107376098633,,
generation,4669,63.55000138282776,15.848824501037598,,
generation,4670,64.000004529953,14.799836158752441,,
generation,4671,63.90000581741333,15.199665069580078,,
generation,4672,62.65000104904175,15.985116004943848,,
generation,4673,64.25000429153442,16.491485595703125,,
generation,4674,63.50000500679016,15.195013046264648,,
generation,4675,61.650002002716064,15.95667839050293,,
generation,4676,62.550002336502075,16.246381759643555,,
generation,4677,62.35000491142273,16.42243766784668,,
generation,4678,62.00000047683716,17.46556854248047,,
generation,4679,65.00000357627869,14.906394004821777,,
generation,4680,64.95000123977661,15.510213851928711,,
generation,4681,63.50000500679016,15.800362586975098,,
generation,4682,64.45000171661377,14.31591796875,,
generation,4683,62.4500036239624,15.949463844299316,,
generation,4684,60.55000424385071,18.46470832824707,,
generation,4685,62.4500036239624,15.41614055633545,,
generation,4686,63.70000243186951,15.871274948120117,,
generation,4687,63.05000185966492,16.22022247314453,,
generation,4688,62.20000386238098,17.349611282348633,,
generation,4689,61.900001764297485,16.248918533325195,,
generation,4690,63.30000162124634,15.317140579223633,,
generation,4691,63.200002908706665,15.298896789550781,,
generation,4692,62.25000023841858,16.56372833251953,,
generation,4693,63.600003719329834,14.990708351135254,,
generation,4694,64.90000486373901,15.379777908325195,,
generation,4695,62.70000338554382,15.816299438476562,,
generation,4696,62.40000128746033,16.189430236816406,,
generation,4697,61.70000433921814,16.700410842895508,,
generation,4698,64.25000429153442,15.99248218536377,,
generation,4699,63.25000524520874,15.880882263183594,,
generation,4700,61.60000562667847,16.32372283935547,,
generation,4701,62.7500057220459,15.620238304138184,,
generation,4702,63.30000162124634,16.01067352294922,,
generation,4703,64.3500030040741,16.17198371887207,,
generation,4704,64.000004529953,15.627320289611816,,
generation,4705,62.300002574920654,16.868497848510742,,
generation,4706,61.900001764297485,16.46493148803711,,
generation,4707,63.10000419616699,15.817047119140625,,
generation,4708,64.40000534057617,14.72706127166748,,
generation,4709,64.0500009059906,15.348453521728516,,
generation,4710,63.70000243186951,16.009241104125977,,
generation,4711,62.40000128746033,16.728574752807617,,
generation,4712,63.00000548362732,15.934296607971191,,
generation,4713,62.800002098083496,16.393367767333984,,
generation,4714,64.0500009059906,16.205175399780273,,
generation,4715,63.15000057220459,15.392585754394531,,
generation,4716,63.30000162124634,16.596792221069336,,
generation,4717,62.60000467300415,15.790756225585938,,
generation,4718,62.950003147125244,16.248950958251953,,
generation,4719,63.35000395774841,16.271005630493164,,
generation,4720,62.90000081062317,15.556007385253906,,
generation,4721,63.00000548362732,15.788168907165527,,
generation,4722,63.90000581741333,14.795797348022461,,
generation,4723,62.35000491142273,15.192251205444336,,
generation,4724,62.550002336502075,15.80648136138916,,
generation,4725,62.7500057220459,15.215062141418457,,
generation,4726,63.00000548362732,15.221030235290527,,
generation,4727,60.85000038146973,16.77532196044922,,
generation,4728,62.5,15.971356391906738,,
generation,4729,62.950003147125244,16.286273956298828,,
generation,4730,64.75000381469727,15.203885078430176,,
generation,4731,60.95000505447388,17.00670051574707,,
generation,4732,62.85000443458557,15.601104736328125,,
generation,4733,62.150001525878906,16.433595657348633,,
generation,4734,62.60000467300415,16.47309684753418,,
generation,4735,62.20000386238098,15.836666107177734,,
generation,4736,62.20000386238098,15.562646865844727,,
generation,4737,63.55000138282776,15.863364219665527,,
generation,4738,61.75000071525574,16.484764099121094,,
generation,4739,64.30000066757202,14.835396766662598,,
generation,4740,62.00000047683716,17.551971435546875,,
generation,4741,65.35000205039978,14.937782287597656,,
generation,4742,63.05000185966492,16.314422607421875,,
generation,4743,64.80000019073486,15.78874683380127,,
generation,4744,63.95000219345093,16.021873474121094,,
generation,4745,62.800002098083496,15.719053268432617,,
generation,4746,63.200002908706665,16.3070125579834,,
generation,4747,62.40000128746033,16.950952529907227,,
generation,4748,62.40000128746033,16.053752899169922,,
generation,4749,63.95000219345093,16.389629364013672,,
generation,4750,63.05000185966492,15.757928848266602,,
generation,4751,65.20000100135803,15.141160011291504,,
generation,4752,61.45000457763672,16.180845260620117,,
generation,4753,63.200002908706665,15.336176872253418,,
generation,4754,62.90000081062317,16.032756805419922,,
generation,4755,64.40000534057617,15.813797950744629,,
generation,4756,64.10000324249268,15.253679275512695,,
generation,4757,60.450005531311035,16.526012420654297,,
generation,4758,63.850003480911255,14.552860260009766,,
generation,4759,63.50000500679016,15.365713119506836,,
generation,4760,62.70000338554382,16.738725662231445,,
generation,4761,62.5,16.114660263061523,,
generation,4762,61.900001764297485,17.01601791381836,,
generation,4763,62.70000338554382,16.83232307434082,,
generation,4764,61.30000352859497,16.3959903717041,,
generation,4765,64.3500030040741,15.012312889099121,,
generation,4766,61.30000352859497,17.31463623046875,,
generation,4767,64.80000019073486,15.686447143554688,,
generation,4768,63.850003480911255,15.345083236694336,,
generation,4769,63.200002908706665,15.717897415161133,,
generation,4770,62.550002336502075,16.886341094970703,,
generation,4771,62.4500036239624,15.911576271057129,,
generation,4772,61.60000562667847,17.229413986206055,,
generation,4773,61.900001764297485,16.60263442993164,,
generation,4774,62.60000467300415,15.920822143554688,,
generation,4775,64.75000381469727,15.661722183227539,,
generation,4776,62.5,16.66105079650879,,
generation,4777,61.2000048160553,16.1114559173584,,
generation,4778,63.75000476837158,14.576372146606445,,
generation,4779,64.000004529953,16.05877685546875,,
generation,4780,62.20000386238098,15.636966705322266,,
generation,4781,62.10000514984131,15.193219184875488,,
generation,4782,61.70000433921814,15.998903274536133,,
generation,4783,62.65000104904175,16.285554885864258,,
generation,4784,62.00000047683716,16.74842643737793,,
generation,4785,63.95000219345093,16.057233810424805,,
generation,4786,64.0500009059906,15.6009521484375,,
generation,4787,64.90000486373901,14.85386848449707,,
generation,4788,63.50000500679016,15.746732711791992,,
generation,4789,63.65000009536743,16.098337173461914,,
generation,4790,63.50000500679016,15.456891059875488,,
generation,4791,63.40000033378601,15.296390533447266,,
generation,4792,62.85000443458557,16.129940032958984,,
generation,4793,62.550002336502075,16.387529373168945,,
generation,4794,63.25000524520874,15.740574836730957,,
generation,4795,64.0500009059906,14.993945121765137,,
generation,4796,63.05000185966492,15.703577041625977,,
generation,4797,63.70000243186951,16.370677947998047,,
generation,4798,63.600003719329834,14.524116516113281,,
generation,4799,63.25000524520874,16.246431350708008,,
generation,4800,63.70000243186951,14.716552734375,,
generation,4801,63.05000185966492,16.189128875732422,,
generation,4802,64.0500009059906,15.497956275939941,,
generation,4803,63.200002908706665,16.6833438873291,,
generation,4804,63.40000033378601,16.554771423339844,,
generation,4805,64.25000429153442,14.224603652954102,,
generation,4806,62.10000514984131,15.77326488494873,,
generation,4807,63.850003480911255,15.680275917053223,,
generation,4808,62.20000386238098,15.731135368347168,,
generation,4809,63.200002908706665,15.555980682373047,,
generation,4810,62.7500057220459,16.792591094970703,,
generation,4811,63.15000057220459,14.638018608093262,,
generation,4812,62.25000023841858,16.294193267822266,,
generation,4813,62.800002098083496,16.04397201538086,,
generation,4814,64.10000324249268,14.259459495544434,,
generation,4815,63.25000524520874,15.088970184326172,,
generation,4816,64.50000405311584,15.015388488769531,,
generation,4817,62.950003147125244,16.011516571044922,,
generation,4818,63.10000419616699,16.455787658691406,,
generation,4819,64.20000195503235,15.206521987915039,,
generation,4820,64.0500009059906,15.082911491394043,,
generation,4821,64.40000534057617,14.654671669006348,,
generation,4822,63.200002908706665,16.081214904785156,,
generation,4823,64.65000510215759,14.567355155944824,,
generation,4824,62.150001525878906,16.272180557250977,,
generation,4825,63.35000395774841,15.55368423461914,,
generation,4826,62.70000338554382,15.86660385131836,,
generation,4827,62.300002574920654,15.93433952331543,,
generation,4828,60.95000505447388,17.071887969970703,,
generation,4829,63.65000009536743,15.33285140991211,,
generation,4830,62.60000467300415,15.69841480255127,,
generation,4831,63.450002670288086,16.035324096679688,,
generation,4832,62.10000514984131,17.058183670043945,,
generation,4833,64.10000324249268,15.004043579101562,,
generation,4834,63.75000476837158,15.779203414916992,,
generation,4835,63.00000548362732,15.645862579345703,,
generation,4836,64.75000381469727,15.24096965789795,,
generation,4837,64.000004529953,15.4402437210083,,
generation,4838,63.200002908706665,14.921217918395996,,
generation,4839,63.10000419616699,16.290895462036133,,
generation,4840,63.15000057220459,14.794814109802246,,
generation,4841,62.00000047683716,16.320341110229492,,
generation,4842,63.600003719329834,15.943285942077637,,
generation,4843,64.40000534057617,15.613056182861328,,
generation,4844,62.4500036239624,16.438039779663086,,
generation,4845,61.95000410079956,17.07224464416504,,
generation,4846,64.30000066757202,14.023139953613281,,
generation,4847,64.15000557899475,14.98993968963623,,
generation,4848,63.00000548362732,15.781572341918945,,
generation,4849,64.70000147819519,14.921290397644043,,
generation,4850,63.600003719329834,15.896262168884277,,
generation,4851,62.5,16.075536727905273,,
generation,4852,62.150001525878906,15.068608283996582,,
generation,4853,62.05000281333923,16.040903091430664,,
generation,4854,64.15000557899475,14.7059326171875,,
generation,4855,64.65000510215759,15.167098045349121,,
generation,4856,62.05000281333923,16.271236419677734,,
generation,4857,62.70000338554382,15.518364906311035,,
generation,4858,63.05000185966492,15.840972900390625,,
generation,4859,62.5,16.104888916015625,,
generation,4860,63.65000009536743,15.074945449829102,,
generation,4861,65.20000100135803,15.297317504882812,,
generation,4862,65.05000591278076,14.074875831604004,,
generation,4863,63.05000185966492,15.631437301635742,,
generation,4864,60.55000424385071,16.3356990814209,,
generation,4865,63.25000524520874,15.611201286315918,,
generation,4866,62.40000128746033,16.24365997314453,,
generation,4867,61.80000305175781,16.142826080322266,,
generation,4868,63.50000500679016,15.65522289276123,,
generation,4869,62.10000514984131,16.15066909790039,,
generation,4870,63.05000185966492,15.874074935913086,,
generation,4871,62.60000467300415,16.30927085876465,,
generation,4872,63.40000033378601,16.18404769897461,,
generation,4873,64.25000429153442,15.6582612991333,,
generation,4874,64.25000429153442,14.310781478881836,,
generation,4875,63.850003480911255,14.858572959899902,,
generation,4876,62.60000467300415,16.031982421875,,
generation,4877,63.55000138282776,16.320205688476562,,
generation,4878,61.95000410079956,16.2741641998291,,
generation,4879,62.7500057220459,15.216765403747559,,
generation,4880,62.550002336502075,16.47121810913086,,
generation,4881,63.05000185966492,15.609436988830566,,
generation,4882,64.0500009059906,15.492568969726562,,
generation,4883,62.7500057220459,16.091062545776367,,
generation,4884,64.25000429153442,15.096094131469727,,
generation,4885,63.75000476837158,15.841545104980469,,
generation,4886,63.95000219345093,14.802212715148926,,
generation,4887,63.90000581741333,15.496528625488281,,
generation,4888,65.00000357627869,14.488110542297363,,
generation,4889,63.30000162124634,16.404909133911133,,
generation,4890,62.300002574920654,16.287521362304688,,
generation,4891,62.150001525878906,16.169565200805664,,
generation,4892,62.800002098083496,14.993824005126953,,
generation,4893,63.600003719329834,15.298913955688477,,
generation,4894,64.000004529953,15.583453178405762,,
generation,4895,63.15000057220459,15.587522506713867,,
generation,4896,63.70000243186951,15.525050163269043,,
generation,4897,61.400002241134644,16.351795196533203,,
generation,4898,62.35000491142273,16.102720260620117,,
generation,4899,64.25000429153442,15.68066692352295,,
generation,4900,62.40000128746033,15.599920272827148,,
generation,4901,63.55000138282776,15.538505554199219,,
generation,4902,63.25000524520874,15.264162063598633,,
generation,4903,62.20000386238098,16.17372703552246,,
generation,4904,63.25000524520874,15.72920036315918,,
generation,4905,62.00000047683716,15.854087829589844,,
generation,4906,62.5,16.233911514282227,,
generation,4907,64.60000276565552,14.91745662689209,,
generation,4908,63.80000114440918,15.691808700561523,,
generation,4909,63.90000581741333,16.89075469970703,,
generation,4910,62.5,16.186561584472656,,
generation,4911,63.90000581741333,14.577528953552246,,
generation,4912,62.40000128746033,16.136096954345703,,
generation,4913,64.60000276565552,15.567500114440918,,
generation,4914,62.00000047683716,17.437808990478516,,
generation,4915,64.10000324249268,14.913453102111816,,
generation,4916,62.40000128746033,16.794464111328125,,
generation,4917,62.150001525878906,16.371444702148438,,
generation,4918,61.60000562667847,16.470518112182617,,
generation,4919,64.50000405311584,15.165215492248535,,
generation,4920,63.600003719329834,16.825119018554688,,
generation,4921,64.30000066757202,15.464547157287598,,
generation,4922,63.90000581741333,15.70167350769043,,
generation,4923,63.200002908706665,17.24698829650879,,
generation,4924,63.55000138282776,14.049851417541504,,
generation,4925,63.95000219345093,14.92862319946289,,
generation,4926,63.55000138282776,16.041458129882812,,
generation,4927,62.60000467300415,16.612852096557617,,
generation,4928,63.70000243186951,14.769704818725586,,
generation,4929,61.900001764297485,17.119138717651367,,
generation,4930,61.000001430511475,17.206445693969727,,
generation,4931,64.3500030040741,15.252507209777832,,
generation,4932,64.0500009059906,15.065950393676758,,
generation,4933,61.45000457763672,16.9920597076416,,
generation,4934,61.85000538825989,16.921159744262695,,
generation,4935,63.30000162124634,15.311860084533691,,
generation,4936,63.70000243186951,16.209733963012695,,
generation,4937,63.25000524520874,15.9508638381958,,
generation,4938,63.15000057220459,16.581016540527344,,
generation,4939,61.80000305175781,17.32204246520996,,
generation,4940,62.85000443458557,15.65058708190918,,
generation,4941,63.35000395774841,15.75256633758545,,
generation,4942,63.70000243186951,15.867697715759277,,
generation,4943,63.05000185966492,15.443632125854492,,
generation,4944,63.35000395774841,15.623492240905762,,
generation,4945,63.90000581741333,15.56997299194336,,
generation,4946,62.950003147125244,15.9186429977417,,
generation,4947,64.000004529953,15.272320747375488,,
generation,4948,64.40000534057617,15.090890884399414,,
generation,4949,62.800002098083496,16.173503875732422,,
generation,4950,62.300002574920654,16.617006301879883,,
generation,4951,63.850003480911255,15.263936996459961,,
generation,4952,63.850003480911255,15.672050476074219,,
generation,4953,62.25000023841858,15.949743270874023,,
generation,4954,64.25000429153442,15.224530220031738,,
generation,4955,61.75000071525574,16.802967071533203,,
generation,4956,63.50000500679016,15.332175254821777,,
generation,4957,64.30000066757202,15.135551452636719,,
generation,4958,63.450002670288086,15.089614868164062,,
generation,4959,63.10000419616699,15.23482608795166,,
generation,4960,63.50000500679016,15.624922752380371,,
generation,4961,63.30000162124634,15.586830139160156,,
generation,4962,62.5,16.512022018432617,,
generation,4963,63.55000138282776,16.607254028320312,,
generation,4964,63.35000395774841,15.388012886047363,,
generation,4965,64.50000405311584,14.151392936706543,,
generation,4966,62.40000128746033,16.458261489868164,,
generation,4967,62.800002098083496,15.611922264099121,,
generation,4968,62.90000081062317,16.255388259887695,,
generation,4969,63.95000219345093,15.05329418182373,,
generation,4970,63.30000162124634,15.680619239807129,,
generation,4971,62.550002336502075,15.962874412536621,,
generation,4972,62.85000443458557,16.74587059020996,,
generation,4973,65.10000228881836,15.830368041992188,,
generation,4974,62.85000443458557,15.61405086517334,,
generation,4975,64.50000405311584,14.981614112854004,,
generation,4976,63.35000395774841,16.264572143554688,,
generation,4977,64.80000019073486,15.012798309326172,,
generation,4978,64.55000042915344,14.90263843536377,,
generation,4979,61.10000014305115,16.938701629638672,,
generation,4980,62.60000467300415,15.108348846435547,,
generation,4981,63.200002908706665,15.85739803314209,,
generation,4982,63.450002670288086,14.904328346252441,,
generation,4983,63.50000500679016,14.70931625366211,,
generation,4984,63.50000500679016,16.759227752685547,,
generation,4985,64.40000534057617,14.681331634521484,,
generation,4986,63.70000243186951,15.398163795471191,,
generation,4987,62.60000467300415,15.828126907348633,,
generation,4988,65.45000076293945,15.154260635375977,,
generation,4989,63.35000395774841,15.520956993103027,,
generation,4990,62.25000023841858,15.869603157043457,,
generation,4991,63.600003719329834,15.130877494812012,,
generation,4992,62.550002336502075,15.915535926818848,,
generation,4993,63.35000395774841,15.651471138000488,,
generation,4994,63.25000524520874,15.184560775756836,,
generation,4995,64.25000429153442,14.662609100341797,,
generation,4996,64.30000066757202,14.400487899780273,,
generation,4997,63.35000395774841,16.442232131958008,,
generation,4998,64.45000171661377,14.670486450195312,,
generation,4999,65.35000205039978,14.197639465332031,,
generation,5000,61.60000562667847,16.33942222595215,,
after_ga,,,,58.05000066757202,16.527544021606445
