stage,generation,train_accuracy_percent,train_loss,test_accuracy_percent,test_loss
generation,0,15.000000596046448,64.68344116210938,15.850000083446503,64.82819366455078
generation,1,15.550000965595245,66.04546356201172,15.850000083446503,64.82819366455078
generation,2,15.600000321865082,64.65440368652344,15.850000083446503,64.82819366455078
generation,3,15.600000321865082,53.62192916870117,14.079999923706055,54.528785705566406
generation,4,15.75000137090683,73.2684097290039,15.060000121593475,73.09107208251953
generation,5,16.00000113248825,63.90627670288086,15.850000083446503,64.82819366455078
generation,6,15.900000929832458,60.19231414794922,15.049999952316284,60.66908264160156
generation,7,16.950000822544098,61.81290054321289,15.5799999833107,63.36147689819336
generation,8,16.15000069141388,79.48885345458984,14.499999582767487,80.9146728515625
generation,9,16.4000004529953,64.26561737060547,15.850000083446503,64.82819366455078
generation,10,17.150001227855682,62.78289794921875,15.199999511241913,63.79936981201172
generation,11,16.55000150203705,59.50645065307617,15.639999508857727,59.74379348754883
generation,12,15.700000524520874,59.077884674072266,15.639999508857727,59.74379348754883
generation,13,16.600000858306885,72.13468933105469,15.17999917268753,73.25067138671875
generation,14,15.550000965595245,59.58757400512695,15.049999952316284,60.66908264160156
generation,15,17.30000078678131,60.91312026977539,16.259999573230743,60.857826232910156
generation,16,17.250001430511475,60.203304290771484,14.869999885559082,61.028987884521484
generation,17,17.05000102519989,58.510677337646484,14.869999885559082,61.028987884521484
generation,18,16.100001335144043,84.4082260131836,15.65999984741211,83.13900756835938
generation,19,17.45000034570694,74.72511291503906,15.150000154972076,75.84003448486328
generation,20,17.250001430511475,49.251590728759766,15.449999272823334,49.737815856933594
generation,21,16.850000619888306,71.3686752319336,15.17999917268753,73.25067138671875
generation,22,17.350000143051147,64.82200622558594,15.90999960899353,63.99201965332031
generation,23,18.60000044107437,62.76594543457031,18.1099995970726,63.91291809082031
generation,24,17.250001430511475,65.09223937988281,18.1099995970726,63.91291809082031
generation,25,18.550001084804535,62.15547561645508,18.1099995970726,63.91291809082031
generation,26,18.050001561641693,63.595298767089844,18.1099995970726,63.91291809082031
generation,27,18.700000643730164,62.616214752197266,18.1099995970726,63.91291809082031
generation,28,17.400000989437103,66.22907257080078,18.1099995970726,63.91291809082031
generation,29,17.600001394748688,63.74918746948242,18.1099995970726,63.91291809082031
generation,30,19.100001454353333,62.07732391357422,18.1099995970726,63.91291809082031
generation,31,17.85000115633011,65.13213348388672,18.1099995970726,63.91291809082031
generation,32,18.400001525878906,62.55426025390625,18.1099995970726,63.91291809082031
generation,33,17.70000010728836,64.35102844238281,18.1099995970726,63.91291809082031
generation,34,18.700000643730164,51.77079772949219,17.809998989105225,52.46426773071289
generation,35,17.750000953674316,66.25347900390625,18.1099995970726,63.91291809082031
generation,36,17.9500013589859,63.232139587402344,18.1099995970726,63.91291809082031
generation,37,19.100001454353333,63.69108963012695,18.1099995970726,63.91291809082031
generation,38,17.750000953674316,64.14094543457031,18.1099995970726,63.91291809082031
generation,39,18.400001525878906,52.14109420776367,17.809998989105225,52.46426773071289
generation,40,19.450001418590546,62.45100021362305,18.1099995970726,63.91291809082031
generation,41,18.850000202655792,63.18550109863281,18.1099995970726,63.91291809082031
generation,42,19.700001180171967,64.57290649414062,18.1099995970726,63.91291809082031
generation,43,18.450000882148743,63.05394744873047,18.1099995970726,63.91291809082031
generation,44,18.10000091791153,61.52693176269531,17.479999363422394,61.50926971435547
generation,45,18.950000405311584,63.92723083496094,18.1099995970726,63.91291809082031
generation,46,18.10000091791153,64.00257110595703,18.1099995970726,63.91291809082031
generation,47,18.000000715255737,77.02655029296875,17.9299995303154,76.00957489013672
generation,48,18.400001525878906,64.99649810791016,18.1099995970726,63.91291809082031
generation,49,19.25000101327896,88.4452896118164,17.430000007152557,92.36202239990234
generation,50,18.400001525878906,81.81484985351562,18.569999933242798,80.43909454345703
generation,51,19.050000607967377,79.68770599365234,18.569999933242798,80.43909454345703
generation,52,19.25000101327896,81.37865447998047,18.569999933242798,80.43909454345703
generation,53,19.200000166893005,51.90203094482422,17.809998989105225,52.46426773071289
generation,54,18.550001084804535,81.51319885253906,18.569999933242798,80.43909454345703
generation,55,20.350000262260437,79.5758285522461,18.569999933242798,80.43909454345703
generation,56,18.000000715255737,80.57064056396484,18.569999933242798,80.43909454345703
generation,57,18.550001084804535,59.33853530883789,18.1099995970726,59.23721694946289
generation,58,20.150001347064972,77.6093521118164,18.569999933242798,80.43909454345703
generation,59,18.250000476837158,64.22079467773438,18.1099995970726,63.91291809082031
generation,60,18.250000476837158,66.37619018554688,18.1099995970726,63.91291809082031
generation,61,18.800000846385956,72.03556823730469,17.960000038146973,72.89481353759766
generation,62,18.800000846385956,80.28779602050781,18.569999933242798,80.43909454345703
generation,63,18.450000882148743,72.8282241821289,17.960000038146973,72.89481353759766
generation,64,19.450001418590546,64.16448974609375,18.1099995970726,63.91291809082031
generation,65,19.050000607967377,72.41132354736328,17.960000038146973,72.89481353759766
generation,66,19.500000774860382,64.52238464355469,18.1099995970726,63.91291809082031
generation,67,18.000000715255737,73.44808959960938,17.960000038146973,72.89481353759766
generation,68,18.950000405311584,69.5296401977539,17.090000212192535,70.27410125732422
generation,69,19.950000941753387,68.8099136352539,19.609999656677246,68.53146362304688
generation,70,20.55000066757202,66.9885025024414,19.609999656677246,68.53146362304688
generation,71,19.65000033378601,68.71066284179688,19.609999656677246,68.53146362304688
generation,72,19.100001454353333,89.80878448486328,19.380000233650208,89.15467834472656
generation,73,19.00000125169754,60.93088912963867,18.930000066757202,61.046592712402344
generation,74,20.750001072883606,61.459144592285156,19.70999985933304,63.660888671875
generation,75,20.650000870227814,63.37836456298828,19.70999985933304,63.660888671875
generation,76,19.80000138282776,96.66060638427734,19.64000016450882,96.12093353271484
generation,77,21.10000103712082,93.70829010009766,19.64000016450882,96.12093353271484
generation,78,21.400001645088196,65.54235076904297,19.90000009536743,67.73995971679688
generation,79,20.850001275539398,61.09109115600586,19.70999985933304,63.660888671875
generation,80,20.45000046491623,67.14752960205078,19.90000009536743,67.73995971679688
generation,81,19.950000941753387,77.35246276855469,19.47999894618988,77.1340560913086
generation,82,19.950000941753387,96.63764953613281,19.64000016450882,96.12093353271484
generation,83,20.45000046491623,68.93282318115234,19.90000009536743,67.73995971679688
generation,84,20.45000046491623,68.09383392333984,19.609999656677246,68.53146362304688
generation,85,20.350000262260437,64.8442611694336,19.70999985933304,63.660888671875
generation,86,20.800000429153442,72.52041625976562,19.509999454021454,73.31947326660156
generation,87,21.10000103712082,69.26434326171875,20.29999941587448,68.76126861572266
generation,88,21.50000035762787,65.63093566894531,20.109999179840088,66.28706359863281
generation,89,21.650001406669617,66.89319610595703,20.29999941587448,68.76126861572266
generation,90,20.500001311302185,78.87409210205078,20.329999923706055,77.61074829101562
generation,91,20.750001072883606,72.70728302001953,19.509999454021454,73.31947326660156
generation,92,22.950001060962677,64.50590515136719,22.15999960899353,65.19353485107422
generation,93,21.300001442432404,66.66741180419922,22.15999960899353,65.19353485107422
generation,94,22.450001537799835,75.24372863769531,20.349998772144318,77.00981140136719
generation,95,22.050000727176666,94.76588439941406,20.84999978542328,96.04071807861328
generation,96,21.250000596046448,99.02684783935547,21.41999900341034,98.33678436279297
generation,97,20.250001549720764,66.81607818603516,22.15999960899353,65.19353485107422
generation,98,21.850000321865082,64.01468658447266,22.15999960899353,65.19353485107422
generation,99,21.250000596046448,67.08718872070312,22.15999960899353,65.19353485107422
generation,100,23.750001192092896,69.56766510009766,21.559999883174896,71.5921859741211
generation,101,22.550001740455627,71.26190185546875,20.93999981880188,70.97332000732422
generation,102,22.40000069141388,66.24303436279297,22.15999960899353,65.19353485107422
generation,103,22.600001096725464,64.20256042480469,22.15999960899353,65.19353485107422
generation,104,22.450001537799835,63.69811248779297,22.15999960899353,65.19353485107422
generation,105,22.300000488758087,79.91828155517578,22.369998693466187,77.06761932373047
generation,106,22.40000069141388,80.78406524658203,22.369998693466187,77.06761932373047
generation,107,21.150000393390656,80.53775024414062,22.369998693466187,77.06761932373047
generation,108,22.6500004529953,83.19544982910156,21.310000121593475,81.91978454589844
generation,109,22.950001060962677,78.92106628417969,22.369998693466187,77.06761932373047
generation,110,23.30000102519989,70.19615936279297,21.779999136924744,71.4105224609375
generation,111,23.55000078678131,76.82925415039062,21.66000008583069,77.08920288085938
generation,112,23.850001394748688,73.55460357666016,22.909998893737793,72.43939971923828
generation,113,24.300001561641693,79.16171264648438,23.179998993873596,80.43177795410156
generation,114,23.95000159740448,73.0487060546875,22.579999268054962,73.40678405761719
generation,115,24.000000953674316,76.96895599365234,22.360000014305115,77.00991821289062
generation,116,23.70000183582306,68.58969116210938,23.889999091625214,67.64838409423828
generation,117,25.150001049041748,66.28994750976562,23.889999091625214,67.64838409423828
generation,118,26.05000138282776,64.2996597290039,23.889999091625214,67.64838409423828
generation,119,25.50000250339508,54.740116119384766,25.380000472068787,55.11408233642578
generation,120,25.200000405311584,55.661766052246094,25.380000472068787,55.11408233642578
generation,121,24.650001525878906,56.520450592041016,25.380000472068787,55.11408233642578
generation,122,25.800001621246338,84.2669677734375,24.399998784065247,84.00682067871094
generation,123,26.30000114440918,77.28998565673828,24.650000035762787,76.92052459716797
generation,124,26.80000066757202,53.44458770751953,25.380000472068787,55.11408233642578
generation,125,25.050002336502075,56.31105422973633,25.380000472068787,55.11408233642578
generation,126,27.000001072883606,53.66775131225586,25.380000472068787,55.11408233642578
generation,127,25.600001215934753,85.37334442138672,23.839999735355377,86.46776580810547
generation,128,25.450000166893005,66.18706512451172,24.479998648166656,64.68733978271484
generation,129,26.200002431869507,61.338504791259766,25.040000677108765,64.02921295166016
generation,130,26.000002026557922,68.10151672363281,24.719999730587006,68.82709503173828
generation,131,25.450000166893005,66.23382568359375,25.360000133514404,65.00310516357422
generation,132,25.40000081062317,68.65049743652344,24.50999915599823,68.68382263183594
generation,133,26.5500009059906,65.55248260498047,25.38999915122986,66.85296630859375
generation,134,25.950002670288086,67.7830810546875,25.020000338554382,68.02890014648438
generation,135,26.850000023841858,60.74459457397461,25.40999948978424,62.73658752441406
generation,136,26.750001311302185,62.81367111206055,25.990000367164612,61.842369079589844
generation,137,27.050000429153442,65.57669067382812,25.689998269081116,65.67578125
generation,138,26.750001311302185,61.19740295410156,26.569998264312744,58.02573776245117
generation,139,25.800001621246338,66.56182098388672,25.689998269081116,65.67578125
generation,140,28.950002789497375,70.7767333984375,27.33999788761139,75.51140594482422
generation,141,28.800001740455627,65.58595275878906,27.399998903274536,66.81161499023438
generation,142,26.95000171661377,75.47081756591797,27.059999108314514,72.60055541992188
generation,143,27.35000252723694,69.76852416992188,26.229998469352722,67.32355499267578
generation,144,26.600000262260437,64.85659790039062,28.110000491142273,61.58366394042969
generation,145,28.1000018119812,72.67011260986328,26.600000262260437,72.84270477294922
generation,146,28.50000262260437,62.36293029785156,25.779998302459717,65.52547454833984
generation,147,28.150001168251038,58.259727478027344,27.129998803138733,58.140968322753906
generation,148,28.350001573562622,66.69562530517578,26.649999618530273,67.5643539428711
generation,149,26.100000739097595,79.49972534179688,27.03000009059906,74.76338958740234
generation,150,28.24999988079071,71.62629699707031,26.399999856948853,72.59397888183594
generation,151,28.75000238418579,52.85564422607422,27.33999788761139,52.4924430847168
generation,152,28.200000524520874,83.19940185546875,28.589999675750732,79.29934692382812
generation,153,28.40000092983246,68.17604064941406,28.389999270439148,65.72502136230469
generation,154,29.350000619888306,64.95272064208984,28.020000457763672,63.95512390136719
generation,155,29.100000858306885,52.377052307128906,27.549999952316284,53.52431869506836
generation,156,28.75000238418579,65.20298767089844,28.020000457763672,63.95512390136719
generation,157,28.00000011920929,59.204124450683594,28.279998898506165,57.274169921875
generation,158,29.200002551078796,59.6667366027832,28.48999798297882,59.923492431640625
generation,159,30.000001192092896,57.98018264770508,28.279998898506165,57.274169921875
generation,160,28.550001978874207,65.20219421386719,27.91999876499176,66.09688568115234
generation,161,30.650001764297485,78.11035919189453,28.56999933719635,78.41034698486328
generation,162,29.100000858306885,79.15206146240234,28.049999475479126,78.39987182617188
generation,163,30.250000953674316,78.2320556640625,28.15999984741211,78.31807708740234
generation,164,31.25,73.47206115722656,28.919997811317444,75.46782684326172
generation,165,30.050000548362732,75.8642349243164,28.919997811317444,75.46782684326172
generation,166,29.95000183582306,75.88911437988281,29.850000143051147,77.09530639648438
generation,167,30.400002002716064,84.54891967773438,28.939998149871826,82.00664520263672
generation,168,30.250000953674316,65.394775390625,28.88999879360199,63.78471374511719
generation,169,30.150002241134644,64.91080474853516,29.94000017642975,64.8771743774414
generation,170,30.150002241134644,76.13288116455078,28.759998083114624,75.021728515625
generation,171,29.200002551078796,75.99947357177734,29.799997806549072,73.03279113769531
generation,172,29.6500027179718,81.46781158447266,28.939998149871826,79.15786743164062
generation,173,32.30000138282776,67.8235855102539,29.850000143051147,70.50440979003906
generation,174,29.55000102519989,73.70405578613281,29.339998960494995,70.59100341796875
generation,175,30.650001764297485,69.75209045410156,29.96000051498413,70.81201171875
generation,176,31.150001287460327,73.15708923339844,29.28999960422516,73.29066467285156
generation,177,31.50000274181366,66.34796142578125,30.219998955726624,65.369384765625
generation,178,31.550002098083496,72.15912628173828,30.84000051021576,73.68814849853516
generation,179,30.150002241134644,75.11564636230469,30.859997868537903,73.8319320678711
generation,180,29.200002551078796,77.50675201416016,30.859997868537903,73.8319320678711
generation,181,32.15000033378601,72.61346435546875,30.629998445510864,72.29792785644531
generation,182,30.500000715255737,74.35250854492188,30.629998445510864,72.29792785644531
generation,183,32.85000026226044,71.6188735961914,30.859997868537903,73.8319320678711
generation,184,31.400001049041748,74.47589874267578,30.059999227523804,72.6348648071289
generation,185,32.15000033378601,65.8405990600586,30.84999918937683,66.55957794189453
generation,186,29.80000078678131,79.41657257080078,29.600000381469727,80.5889663696289
generation,187,30.20000159740448,67.13018035888672,30.84999918937683,66.55957794189453
generation,188,30.400002002716064,76.48564910888672,30.889999866485596,76.26835632324219
generation,189,31.050002574920654,58.64890670776367,31.270000338554382,58.72515106201172
generation,190,32.70000219345093,61.192176818847656,31.509998440742493,61.619693756103516
generation,191,31.550002098083496,61.824989318847656,31.509998440742493,61.619693756103516
generation,192,31.800001859664917,59.66993713378906,30.739998817443848,59.872650146484375
generation,193,31.25,77.88639068603516,30.5899977684021,78.75939178466797
generation,194,31.550002098083496,62.502647399902344,31.509998440742493,61.619693756103516
generation,195,31.850001215934753,60.54419708251953,31.14999830722809,59.95463180541992
generation,196,32.0000022649765,73.36137390136719,30.82999885082245,71.50271606445312
generation,197,31.10000193119049,60.67982482910156,31.14999830722809,59.95463180541992
generation,198,32.40000009536743,64.05104064941406,30.730000138282776,65.521484375
generation,199,31.800001859664917,67.44932556152344,30.730000138282776,65.521484375
generation,200,31.950002908706665,59.23810577392578,30.979999899864197,56.46062469482422
generation,201,31.65000081062317,60.36984634399414,30.91999888420105,59.654117584228516
generation,202,31.550002098083496,83.65933227539062,30.230000615119934,80.15750122070312
generation,203,30.900001525878906,71.86531066894531,30.42999804019928,71.23287200927734
generation,204,32.0000022649765,65.82638549804688,31.290000677108765,65.07742309570312
generation,205,33.000001311302185,59.23383331298828,31.270000338554382,59.40258026123047
generation,206,30.650001764297485,61.260284423828125,31.49999976158142,58.58108139038086
generation,207,32.70000219345093,66.06097412109375,32.089999318122864,65.63907623291016
generation,208,32.95000195503235,63.713714599609375,31.679999828338623,64.7955093383789
generation,209,30.85000216960907,79.76335906982422,30.959999561309814,74.5195083618164
generation,210,32.0000022649765,64.74401092529297,31.18000030517578,65.43698120117188
generation,211,33.20000171661377,63.95518493652344,31.57999813556671,64.73255920410156
generation,212,33.20000171661377,64.10999298095703,32.089999318122864,65.63907623291016
generation,213,32.50000178813934,65.61590576171875,32.089999318122864,65.63907623291016
generation,214,32.40000009536743,71.91334533691406,31.469997763633728,72.2529296875
generation,215,33.75000059604645,65.49392700195312,32.089999318122864,65.63907623291016
generation,216,32.0000022649765,67.4586410522461,32.089999318122864,65.63907623291016
generation,217,32.55000114440918,68.35843658447266,31.630000472068787,68.18157196044922
generation,218,31.600001454353333,74.0586166381836,31.949999928474426,72.5306625366211
generation,219,33.05000066757202,67.23603057861328,31.919997930526733,66.78121185302734
generation,220,32.30000138282776,78.46620178222656,31.40999972820282,77.23458099365234
generation,221,32.30000138282776,66.41638946533203,32.089999318122864,65.63907623291016
generation,222,34.15000140666962,62.534603118896484,31.529998779296875,65.76702117919922
generation,223,31.75000250339508,71.88896942138672,31.23999834060669,71.14259338378906
generation,224,33.650001883506775,69.33478546142578,32.3199987411499,67.92634582519531
generation,225,34.550002217292786,64.96985626220703,31.099998950958252,65.76282501220703
generation,226,33.55000019073486,69.40338134765625,31.57999813556671,68.93496704101562
generation,227,33.30000042915344,77.79808044433594,32.24000036716461,77.64797973632812
generation,228,33.000001311302185,66.13029479980469,32.429999113082886,65.10164642333984
generation,229,32.8000009059906,62.64684295654297,32.249999046325684,61.035911560058594
generation,230,32.350000739097595,75.26174926757812,32.24000036716461,74.44889068603516
generation,231,32.95000195503235,71.60812377929688,32.179999351501465,71.89043426513672
generation,232,32.25000202655792,66.99585723876953,32.46999979019165,65.80533599853516
generation,233,34.15000140666962,78.42961120605469,32.659998536109924,79.89646911621094
generation,234,33.650001883506775,80.31674194335938,32.659998536109924,79.89646911621094
generation,235,33.70000123977661,64.33174133300781,33.319997787475586,65.11783599853516
generation,236,32.8000009059906,61.71474075317383,32.12999999523163,62.1528205871582
generation,237,34.25000309944153,79.21019744873047,33.159998059272766,79.74054718017578
generation,238,34.90000069141388,65.37739562988281,33.319997787475586,65.11783599853516
generation,239,34.700000286102295,63.970306396484375,33.319997787475586,65.11783599853516
generation,240,34.50000286102295,59.25122833251953,33.719998598098755,60.30061340332031
generation,241,33.650001883506775,64.76414489746094,32.88999795913696,63.732418060302734
generation,242,35.600000619888306,65.82101440429688,32.829999923706055,68.84298706054688
generation,243,35.200002789497375,57.908172607421875,33.12999904155731,59.65146255493164
generation,244,34.050002694129944,71.72191619873047,32.749998569488525,71.09632873535156
generation,245,34.550002217292786,69.6143798828125,32.49000012874603,70.700439453125
generation,246,33.80000293254852,66.97093963623047,32.70999789237976,65.8888931274414
generation,247,35.50000190734863,66.37155151367188,33.10999870300293,67.48900604248047
generation,248,36.35000288486481,64.13793182373047,33.24999809265137,65.9197998046875
generation,249,34.050002694129944,73.07344055175781,33.34999978542328,70.51085662841797
generation,250,34.00000035762787,58.42624282836914,33.239999413490295,57.741111755371094
generation,251,33.45000147819519,66.97430419921875,33.28000009059906,65.84791564941406
generation,252,33.50000083446503,62.08821105957031,33.6899995803833,60.49319839477539
generation,253,35.600000619888306,57.13569259643555,33.55000019073486,60.100669860839844
generation,254,33.900001645088196,68.23578643798828,33.46000015735626,67.70836639404297
generation,255,33.75000059604645,71.6593017578125,34.00000035762787,70.50531005859375
generation,256,35.80000102519989,58.285186767578125,33.309999108314514,59.21889877319336
generation,257,35.750001668930054,64.50645446777344,34.34999883174896,64.31898498535156
generation,258,35.450002551078796,56.81134796142578,34.10999774932861,57.266326904296875
generation,259,33.50000083446503,71.9924087524414,33.40999782085419,70.09927368164062
generation,260,35.100001096725464,54.94939041137695,34.00999903678894,53.475425720214844
generation,261,34.75000262260437,61.448307037353516,34.40999984741211,61.13313293457031
generation,262,34.65000092983246,57.117889404296875,33.570000529289246,56.81828689575195
generation,263,34.300002455711365,57.94400405883789,34.16999876499176,57.582061767578125
generation,264,33.85000228881836,63.279266357421875,34.74999964237213,62.13270568847656
generation,265,36.05000078678131,66.68912506103516,33.91999900341034,67.52587890625
generation,266,34.25000309944153,64.47488403320312,34.27000045776367,62.986900329589844
generation,267,36.45000159740448,56.79765701293945,34.23999845981598,57.963775634765625
generation,268,35.200002789497375,61.679317474365234,34.71999764442444,59.64049530029297
generation,269,35.55000126361847,62.03700256347656,34.27000045776367,61.225791931152344
generation,270,34.90000069141388,48.86585998535156,35.499998927116394,48.96733856201172
generation,271,35.95000207424164,50.687095642089844,33.959999680519104,51.626121520996094
generation,272,35.05000174045563,49.151695251464844,35.499998927116394,48.96733856201172
generation,273,35.65000295639038,60.93147659301758,34.619998931884766,62.177024841308594
generation,274,37.05000281333923,56.62955856323242,34.34999883174896,57.37782669067383
generation,275,36.80000305175781,55.359195709228516,34.81999933719635,56.66236114501953
generation,276,35.80000102519989,54.24081039428711,35.35999953746796,53.53833770751953
generation,277,35.50000190734863,56.51522445678711,35.45999825000763,55.10767364501953
generation,278,34.950003027915955,50.36653137207031,35.679998993873596,48.91529083251953
generation,279,36.80000305175781,49.30902862548828,34.95999872684479,49.08695983886719
generation,280,35.85000038146973,50.26481246948242,34.95999872684479,49.08695983886719
generation,281,37.85000145435333,52.366722106933594,35.04000008106232,53.96747970581055
generation,282,36.250001192092896,54.62385177612305,35.04000008106232,55.18209457397461
generation,283,38.15000057220459,46.367244720458984,35.79999804496765,47.019813537597656
generation,284,38.200002908706665,50.83295440673828,35.44999957084656,51.78127670288086
generation,285,35.80000102519989,50.05207824707031,35.47999858856201,48.100826263427734
generation,286,36.85000240802765,49.80274200439453,36.239999532699585,49.48143768310547
generation,287,37.35000193119049,63.7723274230957,35.86999773979187,62.76393127441406
generation,288,36.15000247955322,61.43103790283203,35.85000038146973,60.397220611572266
generation,289,36.100003123283386,55.00474548339844,36.04999780654907,53.56672668457031
generation,290,36.45000159740448,61.80536651611328,35.85000038146973,60.397220611572266
generation,291,36.55000030994415,59.37940216064453,36.37999892234802,57.51310729980469
generation,292,37.10000216960907,53.34825897216797,36.46000027656555,53.01456069946289
generation,293,36.80000305175781,59.07687759399414,36.169999837875366,56.787925720214844
generation,294,37.950003147125244,44.8680419921875,36.19000017642975,45.55971908569336
generation,295,37.90000081062317,46.412899017333984,36.21000051498413,46.53934097290039
generation,296,36.15000247955322,58.970069885253906,36.229997873306274,56.967376708984375
generation,297,38.50000202655792,41.76450729370117,36.53999865055084,42.33672332763672
generation,298,38.600000739097595,48.83896255493164,36.50999963283539,49.65178680419922
generation,299,37.75000274181366,53.611427307128906,35.70999801158905,53.562744140625
generation,300,37.60000169277191,48.82950210571289,37.14999854564667,47.4788932800293
generation,301,38.65000307559967,48.08317947387695,36.66999936103821,48.7099723815918
generation,302,39.000001549720764,48.2124137878418,37.539997696876526,47.94086837768555
generation,303,37.25000321865082,46.83518600463867,38.1199985742569,45.4292106628418
generation,304,38.00000250339508,40.89202117919922,37.16000020503998,42.04826736450195
generation,305,37.90000081062317,50.16349792480469,37.939998507499695,49.24080276489258
generation,306,40.300002694129944,48.36301040649414,37.1099978685379,50.41999053955078
generation,307,37.950003147125244,49.220123291015625,37.89999783039093,48.04329299926758
generation,308,38.350000977516174,41.27842330932617,37.199997901916504,41.45172119140625
generation,309,37.35000193119049,50.34111404418945,37.62999773025513,48.554893493652344
generation,310,38.2500022649765,49.349815368652344,37.72999942302704,48.16191101074219
generation,311,38.40000033378601,50.45918273925781,37.619999051094055,50.39986801147461
generation,312,38.65000307559967,41.917510986328125,37.92999982833862,40.30586624145508
generation,313,38.00000250339508,52.03993225097656,37.849998474121094,49.26329803466797
generation,314,38.70000243186951,46.41971206665039,38.040000200271606,45.677303314208984
generation,315,37.75000274181366,47.686912536621094,38.019999861717224,45.32697677612305
generation,316,41.50000214576721,47.7243766784668,37.97999918460846,48.124298095703125
generation,317,39.55000042915344,43.797279357910156,37.939998507499695,44.413455963134766
generation,318,41.30000174045563,41.280696868896484,38.65000009536743,41.62118911743164
generation,319,40.10000228881836,41.56898498535156,38.65000009536743,41.62118911743164
generation,320,38.55000138282776,48.92350769042969,38.31000030040741,48.454708099365234
generation,321,39.95000123977661,40.597782135009766,37.90999948978424,41.56902313232422
generation,322,39.0500009059906,44.65332794189453,38.71999979019165,44.579315185546875
generation,323,39.60000276565552,45.24320602416992,39.239999651908875,44.86075973510742
generation,324,40.25000333786011,45.8474006652832,38.760000467300415,47.49513626098633
generation,325,39.650002121925354,41.757728576660156,38.31000030040741,42.01286697387695
generation,326,38.55000138282776,40.14738464355469,38.989999890327454,39.34941864013672
generation,327,39.8000031709671,43.39883041381836,38.81999850273132,44.18181610107422
generation,328,39.55000042915344,51.3998908996582,38.40000033378601,51.421817779541016
generation,329,39.500001072883606,48.340179443359375,38.24999928474426,46.231895446777344
generation,330,39.45000171661377,46.51728439331055,39.169999957084656,45.77322769165039
generation,331,41.200003027915955,44.4281005859375,39.53000009059906,45.69620895385742
generation,332,40.75000286102295,39.74706268310547,39.44000005722046,40.485877990722656
generation,333,40.20000100135803,51.0235481262207,39.28999900817871,50.1260986328125
generation,334,41.00000262260437,44.116580963134766,38.58000040054321,46.07335662841797
generation,335,41.00000262260437,48.777408599853516,38.71999979019165,49.01961135864258
generation,336,39.70000147819519,44.795467376708984,38.81999850273132,42.99892044067383
generation,337,42.9500013589859,45.739280700683594,39.78999853134155,46.682411193847656
generation,338,40.05000293254852,48.249473571777344,39.389997720718384,46.896461486816406
generation,339,39.30000066757202,43.39065170288086,39.229997992515564,43.36970138549805
generation,340,40.700000524520874,41.64669418334961,39.10000026226044,41.51923370361328
generation,341,42.70000159740448,43.36250305175781,39.20999765396118,43.37958526611328
generation,342,40.150001645088196,41.638729095458984,40.34999907016754,41.10232925415039
generation,343,40.75000286102295,43.38277053833008,39.62999880313873,43.30329132080078
generation,344,40.65000116825104,46.81769561767578,40.07999897003174,44.922447204589844
generation,345,40.150001645088196,48.896427154541016,39.41999971866608,47.31771469116211
generation,346,40.700000524520874,45.2382698059082,38.76999914646149,43.52016067504883
generation,347,41.55000150203705,43.57534408569336,39.67999815940857,43.247901916503906
generation,348,41.450002789497375,44.9421501159668,39.53999876976013,45.309078216552734
generation,349,41.25000238418579,41.8966178894043,39.12999927997589,42.05271911621094
generation,350,41.15000069141388,41.1430549621582,40.299999713897705,40.372642517089844
generation,351,41.65000319480896,45.9079475402832,39.94999825954437,44.87468719482422
generation,352,42.500001192092896,42.958805084228516,40.379998087882996,43.574554443359375
generation,353,42.100003361701965,42.96265411376953,40.039998292922974,43.52336502075195
generation,354,43.150001764297485,45.3305778503418,40.41000008583069,45.677181243896484
generation,355,43.150001764297485,41.23090744018555,40.34000039100647,42.307186126708984
generation,356,42.000001668930054,46.035648345947266,39.74999785423279,46.858219146728516
generation,357,40.20000100135803,41.35209655761719,40.4699981212616,39.55757141113281
generation,358,40.85000157356262,42.85771560668945,40.4699981212616,42.12589645385742
generation,359,42.000001668930054,42.695274353027344,40.789997577667236,44.35101318359375
generation,360,42.100003361701965,49.05268096923828,39.399999380111694,48.48846435546875
generation,361,41.450002789497375,40.02684783935547,40.89999794960022,40.07899475097656
generation,362,42.20000207424164,42.35639953613281,40.52000045776367,42.224815368652344
generation,363,41.55000150203705,42.14487075805664,39.68999981880188,41.90823745727539
generation,364,42.40000247955322,42.26848220825195,39.879998564720154,42.45747375488281
generation,365,41.00000262260437,49.7368278503418,40.07000029087067,47.78118896484375
generation,366,40.700000524520874,43.8216552734375,40.65999984741211,42.91771697998047
generation,367,41.40000343322754,48.72844314575195,41.349998116493225,47.82101821899414
generation,368,43.2500034570694,45.251182556152344,40.71999788284302,46.87886428833008
generation,369,41.75000190734863,45.92757797241211,41.33999943733215,45.02224349975586
generation,370,42.80000329017639,44.75074005126953,40.17999768257141,44.49932861328125
generation,371,40.85000157356262,48.34635543823242,40.27999937534332,46.89158248901367
generation,372,40.50000309944153,47.88660430908203,40.860000252723694,46.6963005065918
generation,373,42.750000953674316,44.6639289855957,40.74999988079071,44.745460510253906
generation,374,41.55000150203705,45.513118743896484,40.459999442100525,46.041786193847656
generation,375,43.05000305175781,42.42592239379883,41.419997811317444,43.09719467163086
generation,376,42.85000264644623,41.412322998046875,40.89999794960022,42.528079986572266
generation,377,43.00000071525574,48.13819122314453,40.63999950885773,47.7160758972168
generation,378,42.650002241134644,41.882389068603516,41.019999980926514,41.66083526611328
generation,379,42.9500013589859,47.893028259277344,40.35999774932861,47.93724822998047
generation,380,41.25000238418579,47.86690902709961,41.040000319480896,45.84926986694336
generation,381,41.700002551078796,49.485347747802734,40.95999896526337,46.89247512817383
generation,382,42.60000288486481,43.50380325317383,41.38999879360199,43.42387390136719
generation,383,40.800002217292786,44.096778869628906,41.49999916553497,42.297420501708984
generation,384,42.85000264644623,43.8528938293457,40.47999978065491,43.56370162963867
generation,385,42.80000329017639,42.08589553833008,40.41000008583069,41.11515426635742
generation,386,42.30000078678131,44.09489440917969,40.26999771595001,43.19941329956055
generation,387,44.25000250339508,46.47211456298828,40.92999994754791,46.724666595458984
generation,388,41.40000343322754,45.94645690917969,41.39999747276306,44.839988708496094
generation,389,42.70000159740448,44.012210845947266,41.15999937057495,43.839874267578125
generation,390,42.900002002716064,45.253379821777344,41.15999937057495,45.532135009765625
generation,391,43.10000240802765,44.121463775634766,42.010000348091125,42.96751403808594
generation,392,41.80000126361847,44.424381256103516,42.010000348091125,42.96751403808594
generation,393,44.5000022649765,39.856502532958984,41.53999984264374,41.2347412109375
generation,394,43.550002574920654,42.07146453857422,41.439998149871826,41.632320404052734
generation,395,42.60000288486481,42.643348693847656,41.48999750614166,42.74022674560547
generation,396,43.65000128746033,44.2249755859375,41.61999821662903,43.09967041015625
generation,397,43.90000104904175,41.06658935546875,41.2200003862381,43.084190368652344
generation,398,44.65000331401825,42.15874481201172,41.16999804973602,43.714237213134766
generation,399,44.450002908706665,45.3255729675293,40.869998931884766,46.67197799682617
generation,400,41.75000190734863,41.993656158447266,41.68999791145325,41.490760803222656
generation,401,44.40000355243683,42.58897018432617,41.71999990940094,45.01678466796875
generation,402,42.100003361701965,41.14929962158203,41.200000047683716,39.539154052734375
generation,403,42.650002241134644,42.43132781982422,41.769999265670776,42.41312026977539
generation,404,43.400001525878906,46.7120361328125,42.29999780654907,46.9892578125
generation,405,42.900002002716064,43.441078186035156,40.68000018596649,43.128360748291016
generation,406,41.90000295639038,41.57587432861328,42.0199990272522,38.860145568847656
generation,407,42.350003123283386,42.29534149169922,41.16999804973602,41.76865768432617
generation,408,43.65000128746033,37.48929977416992,42.49999821186066,37.49430465698242
generation,409,43.65000128746033,40.96098709106445,41.579997539520264,41.590782165527344
generation,410,44.5000022649765,41.80678939819336,42.089998722076416,42.330955505371094
generation,411,42.80000329017639,42.09412384033203,42.0199990272522,41.02960205078125
generation,412,42.70000159740448,43.545433044433594,41.56000018119812,42.53755569458008
generation,413,44.600000977516174,41.5495719909668,41.60999953746796,42.77538299560547
generation,414,42.45000183582306,40.42777633666992,42.409998178482056,39.952064514160156
generation,415,43.90000104904175,45.289100646972656,41.65000021457672,45.33390426635742
generation,416,43.400001525878906,39.08738708496094,41.74000024795532,40.052833557128906
generation,417,44.80000138282776,40.14295959472656,42.409998178482056,39.952064514160156
generation,418,42.55000054836273,45.22099304199219,42.1999990940094,43.915382385253906
generation,419,43.2500034570694,44.9730339050293,42.36999750137329,44.345333099365234
generation,420,45.100003480911255,44.886436462402344,42.329999804496765,45.24620819091797
generation,421,42.500001192092896,41.25318908691406,41.68999791145325,40.29255676269531
generation,422,44.15000081062317,40.0180549621582,42.62999892234802,40.79532241821289
generation,423,43.2500034570694,44.343929290771484,42.11999773979187,42.60487747192383
generation,424,44.15000081062317,41.73908233642578,41.65999889373779,42.9373893737793
generation,425,44.95000243186951,42.92189407348633,42.68999993801117,43.891571044921875
generation,426,43.60000193119049,43.78769302368164,42.50999987125397,43.105838775634766
generation,427,46.0500031709671,40.93913269042969,42.289999127388,42.119407653808594
generation,428,42.250001430511475,41.620296478271484,42.089998722076416,41.04425811767578
generation,429,43.150001764297485,42.88514709472656,42.289999127388,41.35600280761719
generation,430,42.20000207424164,45.35297393798828,41.72999858856201,43.6431999206543
generation,431,44.25000250339508,43.59665298461914,41.99000000953674,42.98171615600586
generation,432,44.450002908706665,39.250083923339844,42.13999807834625,39.674896240234375
generation,433,45.65000236034393,43.35582733154297,42.29999780654907,44.757041931152344
generation,434,44.600000977516174,43.17143249511719,42.479997873306274,43.214202880859375
generation,435,42.45000183582306,45.73504638671875,42.53999888896942,43.63933181762695
generation,436,42.85000264644623,43.38018798828125,43.03999841213226,41.27937698364258
generation,437,43.700000643730164,41.977333068847656,42.98999905586243,42.73145294189453
generation,438,42.500001192092896,41.47351837158203,42.75999963283539,39.94058609008789
generation,439,43.150001764297485,41.2634391784668,42.19000041484833,40.11372756958008
generation,440,43.30000281333923,42.058536529541016,43.140000104904175,40.689212799072266
generation,441,45.350003242492676,40.450313568115234,42.809998989105225,41.35446548461914
generation,442,44.10000145435333,35.75986099243164,43.42999756336212,36.364601135253906
generation,443,44.600000977516174,42.17735290527344,42.569997906684875,42.98124313354492
generation,444,42.30000078678131,45.13736343383789,42.87999868392944,42.645668029785156
generation,445,42.900002002716064,41.84397888183594,42.809998989105225,39.37313461303711
generation,446,44.55000162124634,41.48276901245117,42.75999963283539,42.29072952270508
generation,447,43.800002336502075,40.65717697143555,43.34999918937683,41.00626754760742
generation,448,43.400001525878906,38.99534606933594,42.20999777317047,38.20986557006836
generation,449,45.350003242492676,39.3731575012207,42.899999022483826,41.31266784667969
generation,450,43.45000088214874,45.59794998168945,42.65999794006348,43.396785736083984
generation,451,44.00000274181366,44.431053161621094,42.96000003814697,41.7322883605957
generation,452,43.800002336502075,39.34922790527344,42.82999932765961,37.89633560180664
generation,453,44.35000121593475,42.538639068603516,43.09999942779541,41.501800537109375
generation,454,44.10000145435333,39.96660232543945,43.219998478889465,39.794471740722656
generation,455,44.80000138282776,38.71501922607422,42.38999783992767,39.85556411743164
generation,456,45.20000219345093,41.70730972290039,43.36999952793121,42.165225982666016
generation,457,43.90000104904175,45.233829498291016,42.60999858379364,42.863807678222656
generation,458,45.00000178813934,38.95198059082031,44.05999779701233,39.65980911254883
generation,459,44.95000243186951,44.23493957519531,42.969998717308044,44.52486038208008
generation,460,44.050002098083496,43.727561950683594,43.799999356269836,41.50947570800781
generation,461,46.50000333786011,41.06256866455078,43.799999356269836,41.50947570800781
generation,462,45.05000114440918,42.317535400390625,43.48999857902527,42.695892333984375
generation,463,44.95000243186951,45.60368728637695,43.68000030517578,43.64177703857422
generation,464,44.35000121593475,41.96921157836914,43.33999752998352,41.784332275390625
generation,465,46.0500031709671,42.352169036865234,43.81999969482422,42.820255279541016
generation,466,46.400001645088196,40.11488723754883,43.51999759674072,41.586585998535156
generation,467,44.25000250339508,39.392242431640625,43.75999867916107,38.19473648071289
generation,468,45.6000030040741,39.554344177246094,43.89999806880951,41.14651107788086
generation,469,44.450002908706665,39.56216812133789,43.84999871253967,39.79655838012695
generation,470,45.40000259876251,39.538570404052734,44.24999952316284,40.952754974365234
generation,471,45.15000283718109,38.0664176940918,43.5699999332428,38.90454864501953
generation,472,44.15000081062317,47.776092529296875,44.06999945640564,45.11924743652344
generation,473,45.95000147819519,42.23051452636719,44.21999752521515,41.891902923583984
generation,474,44.450002908706665,38.72102355957031,43.75999867916107,37.752952575683594
generation,475,45.350003242492676,37.84725570678711,44.259998202323914,38.587162017822266
generation,476,44.95000243186951,38.14711380004883,42.9999977350235,37.86052322387695
generation,477,45.900002121925354,37.00864028930664,44.05999779701233,38.23805236816406
generation,478,46.35000228881836,39.27020263671875,44.290000200271606,40.69025802612305
generation,479,46.8500018119812,39.822757720947266,44.290000200271606,40.69025802612305
generation,480,47.40000367164612,36.09865951538086,44.3699985742569,38.67860412597656
generation,481,44.95000243186951,39.13439178466797,43.9300000667572,37.72098159790039
generation,482,46.75000309944153,37.010921478271484,44.119998812675476,37.602806091308594
generation,483,44.90000307559967,44.2537727355957,43.789997696876526,43.37015151977539
generation,484,47.700002789497375,37.56413269042969,44.53999996185303,39.06231689453125
generation,485,47.00000286102295,35.62273406982422,43.77000033855438,36.8866081237793
generation,486,46.0500031709671,38.380577087402344,44.24999952316284,39.74188995361328
generation,487,46.95000350475311,39.02656173706055,43.96999776363373,40.75863265991211
generation,488,45.6000030040741,39.190670013427734,44.24999952316284,38.802032470703125
generation,489,45.750001072883606,37.056297302246094,44.17999982833862,37.35314178466797
generation,490,46.550002694129944,40.244728088378906,44.72000002861023,40.741363525390625
generation,491,45.750001072883606,40.0572395324707,43.97999942302704,40.86268615722656
generation,492,45.95000147819519,38.27233123779297,43.96999776363373,37.99727249145508
generation,493,46.800002455711365,38.08262252807617,44.86999809741974,39.085044860839844
generation,494,46.0500031709671,41.13719940185547,44.20999884605408,41.066104888916016
generation,495,44.95000243186951,38.804664611816406,43.959999084472656,38.639530181884766
generation,496,46.400001645088196,39.27336502075195,45.06999850273132,38.45380783081055
generation,497,44.700002670288086,41.69057846069336,43.8400000333786,39.2695426940918
generation,498,44.050002098083496,40.151954650878906,44.589999318122864,37.71640396118164
generation,499,47.00000286102295,38.381439208984375,44.72000002861023,39.65388107299805
generation,500,46.00000083446503,35.395286560058594,44.29999887943268,34.73382568359375
generation,501,46.60000205039978,39.08509826660156,44.23999786376953,39.58411407470703
generation,502,47.75000214576721,37.00520324707031,43.959999084472656,37.8917121887207
generation,503,45.55000364780426,37.66655349731445,44.749999046325684,38.69062423706055
generation,504,45.350003242492676,38.581600189208984,44.56000030040741,40.066917419433594
generation,505,46.20000123977661,41.62821960449219,44.189998507499695,41.0472526550293
generation,506,46.550002694129944,39.12211608886719,44.290000200271606,39.467445373535156
generation,507,44.15000081062317,39.738746643066406,44.21999752521515,38.300880432128906
generation,508,45.15000283718109,38.76762390136719,44.519999623298645,38.19020080566406
generation,509,46.30000293254852,34.896976470947266,44.47000026702881,35.76547622680664
generation,510,45.70000171661377,40.982059478759766,44.69999969005585,39.96316146850586
generation,511,46.75000309944153,37.27064895629883,43.99999976158142,37.55073165893555
generation,512,46.35000228881836,38.80318832397461,44.259998202323914,38.58650207519531
generation,513,48.100003600120544,34.93333053588867,44.8199987411499,36.912628173828125
generation,514,46.90000116825104,40.13332748413086,44.14999783039093,40.77936553955078
generation,515,46.800002455711365,35.01017761230469,44.290000200271606,35.99163055419922
generation,516,46.550002694129944,36.25383758544922,44.53999996185303,37.26923751831055
generation,517,47.25000262260437,38.9569091796875,45.080000162124634,39.88387680053711
generation,518,46.400001645088196,33.63554763793945,44.70999836921692,34.48783493041992
generation,519,46.35000228881836,40.17060852050781,44.61999833583832,40.76176834106445
generation,520,47.40000367164612,36.502140045166016,45.10999917984009,37.26266860961914
generation,521,46.400001645088196,38.47455978393555,44.48999762535095,37.63157272338867
generation,522,46.800002455711365,40.61896896362305,44.33999955654144,41.36111068725586
generation,523,43.65000128746033,41.77458572387695,44.279998540878296,38.73415756225586
generation,524,45.750001072883606,40.78004455566406,44.769999384880066,39.30604934692383
generation,525,47.35000133514404,36.661434173583984,45.13999819755554,39.237789154052734
generation,526,46.8500018119812,37.70991516113281,44.31999921798706,39.41501235961914
generation,527,46.150001883506775,37.574310302734375,44.79999840259552,35.828216552734375
generation,528,47.50000238418579,37.550498962402344,45.44999897480011,38.547576904296875
generation,529,47.00000286102295,38.169429779052734,44.929999113082886,38.94918441772461
generation,530,45.95000147819519,38.98725128173828,44.21999752521515,38.76070785522461
generation,531,44.75000202655792,39.228694915771484,45.02999782562256,37.6568489074707
generation,532,46.35000228881836,34.51216125488281,45.239999890327454,35.01532745361328
generation,533,48.100003600120544,36.26738357543945,44.70999836921692,36.62267303466797
generation,534,46.65000140666962,38.72098159790039,44.9099987745285,38.0506477355957
generation,535,45.350003242492676,38.71833038330078,44.62999999523163,38.059391021728516
generation,536,44.600000977516174,36.80668640136719,45.11999785900116,34.86235046386719
generation,537,47.30000197887421,35.8166618347168,44.31999921798706,36.55467987060547
generation,538,46.00000083446503,38.98689270019531,45.479997992515564,36.89640808105469
generation,539,46.8500018119812,39.416351318359375,45.05999982357025,40.04768371582031
generation,540,46.25000357627869,35.038639068603516,45.649999380111694,34.610748291015625
generation,541,46.50000333786011,33.4201545715332,45.649999380111694,32.88592529296875
generation,542,47.50000238418579,33.28673553466797,45.649999380111694,32.88592529296875
generation,543,47.40000367164612,38.327003479003906,45.53000032901764,37.71562194824219
generation,544,47.55000174045563,31.846397399902344,45.17999887466431,32.98371505737305
generation,545,47.10000157356262,35.59065628051758,45.22999823093414,34.84029769897461
generation,546,47.55000174045563,36.314971923828125,45.05999982357025,37.14288330078125
generation,547,47.25000262260437,34.75087356567383,45.419999957084656,34.530128479003906
generation,548,46.90000116825104,35.337547302246094,46.02999985218048,34.9332389831543
generation,549,46.75000309944153,37.84675216674805,45.319998264312744,36.77729797363281
generation,550,46.25000357627869,36.8768196105957,45.729997754096985,35.0755729675293
generation,551,49.35000240802765,34.22608184814453,45.60999870300293,35.33698272705078
generation,552,47.40000367164612,37.067169189453125,45.46999931335449,35.595703125
generation,553,44.850000739097595,38.32903289794922,44.9099987745285,36.65673065185547
generation,554,47.450003027915955,38.421897888183594,45.319998264312744,37.66756057739258
generation,555,48.250001668930054,33.50958251953125,45.18999755382538,34.48300552368164
generation,556,47.40000367164612,32.378292083740234,44.929999113082886,33.83720779418945
generation,557,47.700002789497375,33.667694091796875,46.02999985218048,34.41181564331055
generation,558,46.150001883506775,34.71125411987305,45.159998536109924,33.16246032714844
generation,559,47.450003027915955,35.898399353027344,45.83999812602997,35.72856140136719
generation,560,47.35000133514404,31.429105758666992,45.75999975204468,31.931987762451172
generation,561,48.30000102519989,35.98606491088867,45.239999890327454,36.497894287109375
generation,562,47.850000858306885,32.82374572753906,45.579999685287476,34.38544464111328
generation,563,47.950002551078796,32.20873260498047,45.809999108314514,32.565608978271484
generation,564,49.10000264644623,32.379390716552734,45.17999887466431,33.64827346801758
generation,565,48.250001668930054,36.61109161376953,46.129998564720154,36.01028060913086
generation,566,47.00000286102295,33.67702865600586,45.78999876976013,32.62495040893555
generation,567,46.45000100135803,35.18801498413086,45.54999768733978,37.0023307800293
generation,568,47.30000197887421,35.53355026245117,45.87999880313873,36.46333694458008
generation,569,47.55000174045563,33.40904235839844,45.71999907493591,33.5241584777832
generation,570,47.050002217292786,35.9057502746582,45.74999809265137,34.476036071777344
generation,571,47.600001096725464,35.29399108886719,45.7099974155426,34.63156509399414
generation,572,49.75000321865082,32.26849365234375,45.159998536109924,34.18927001953125
generation,573,46.8500018119812,34.7443733215332,45.419999957084656,32.679405212402344
generation,574,47.55000174045563,32.51130676269531,46.07999920845032,32.156917572021484
generation,575,47.850000858306885,33.20729446411133,45.989999175071716,34.222129821777344
generation,576,47.700002789497375,34.47679901123047,45.569998025894165,34.28169250488281
generation,577,48.250001668930054,31.673999786376953,46.11999988555908,32.1696662902832
generation,578,47.050002217292786,33.72378158569336,45.83999812602997,31.75434112548828
generation,579,47.40000367164612,34.480316162109375,46.1899995803833,34.07111740112305
generation,580,48.15000295639038,33.530120849609375,46.03999853134155,32.86727523803711
generation,581,47.80000150203705,32.306976318359375,46.389999985694885,32.03022384643555
generation,582,46.60000205039978,34.07640075683594,46.699997782707214,32.33292770385742
generation,583,47.90000319480896,31.822172164916992,46.10999822616577,31.577953338623047
generation,584,48.500001430511475,31.126052856445312,46.699997782707214,32.33292770385742
generation,585,49.650001525878906,31.7783145904541,46.41999900341034,32.746036529541016
generation,586,47.35000133514404,36.00841522216797,45.889997482299805,34.675697326660156
generation,587,48.05000126361847,31.51818084716797,46.949997544288635,31.64735221862793
generation,588,49.05000329017639,31.237573623657227,45.78000009059906,30.529647827148438
generation,589,48.00000190734863,32.178043365478516,46.01999819278717,32.00894546508789
generation,590,47.050002217292786,32.75012969970703,45.53999900817871,32.133399963378906
generation,591,49.60000216960907,31.594655990600586,46.07999920845032,32.99798583984375
generation,592,47.55000174045563,32.686729431152344,46.06999754905701,32.25766372680664
generation,593,47.15000092983246,33.49593734741211,45.92999815940857,33.301334381103516
generation,594,47.950002551078796,31.249149322509766,46.059998869895935,32.07913589477539
generation,595,47.00000286102295,34.130672454833984,46.59999907016754,32.11002731323242
generation,596,47.35000133514404,30.438026428222656,46.289998292922974,31.423236846923828
generation,597,47.15000092983246,35.516475677490234,46.05000019073486,34.266510009765625
generation,598,48.30000102519989,31.289051055908203,46.2799996137619,31.570934295654297
generation,599,47.050002217292786,36.976932525634766,46.140000224113464,36.30189514160156
generation,600,47.65000343322754,33.149906158447266,46.469998359680176,31.912683486938477
generation,601,48.4000027179718,30.875141143798828,46.32999897003174,31.615924835205078
generation,602,47.600001096725464,33.95325469970703,46.48999869823456,32.61498260498047
generation,603,48.00000190734863,31.902729034423828,46.129998564720154,31.31702423095703
generation,604,47.30000197887421,35.00846481323242,46.379998326301575,32.37215805053711
generation,605,47.35000133514404,31.538314819335938,46.35999798774719,32.36906051635742
generation,606,47.80000150203705,35.77357864379883,46.67999744415283,35.13459777832031
generation,607,47.55000174045563,34.734642028808594,45.7099974155426,34.37977981567383
generation,608,48.30000102519989,31.61890983581543,46.15999758243561,32.52350997924805
generation,609,47.55000174045563,32.074928283691406,46.49999737739563,32.342803955078125
generation,610,47.65000343322754,33.79218673706055,46.60999774932861,32.33612823486328
generation,611,47.55000174045563,34.35735321044922,46.699997782707214,34.0443229675293
generation,612,45.40000259876251,35.84707260131836,46.059998869895935,32.72785949707031
generation,613,48.350003361701965,30.93895721435547,46.480000019073486,31.408639907836914
generation,614,45.55000364780426,35.692596435546875,46.39999866485596,33.131996154785156
generation,615,47.450003027915955,32.68477249145508,46.16999924182892,31.627208709716797
generation,616,47.950002551078796,29.438440322875977,46.57000005245209,29.521499633789062
generation,617,47.950002551078796,33.63505935668945,46.32000029087067,32.94097900390625
generation,618,48.05000126361847,30.39957046508789,46.57999873161316,30.22967529296875
generation,619,50.24999976158142,28.70069694519043,47.09999859333038,30.64516258239746
generation,620,47.30000197887421,33.98223876953125,47.20999896526337,31.83434295654297
generation,621,49.30000305175781,30.464818954467773,46.08999788761139,30.578094482421875
generation,622,49.650001525878906,34.017337799072266,46.59999907016754,34.3138542175293
generation,623,47.15000092983246,32.11480712890625,47.039997577667236,30.959487915039062
generation,624,48.05000126361847,32.442481994628906,46.51999771595001,31.957443237304688
generation,625,48.05000126361847,32.93168640136719,47.189998626708984,32.1385498046875
generation,626,48.70000183582306,30.065603256225586,46.75999879837036,30.44983673095703
generation,627,46.70000076293945,30.98389434814453,46.75000011920929,30.894390106201172
generation,628,47.700002789497375,29.763090133666992,47.029998898506165,30.22353744506836
generation,629,47.450003027915955,32.309383392333984,46.93999886512756,33.00566864013672
generation,630,49.250003695487976,30.399620056152344,46.34999930858612,29.303878784179688
generation,631,49.05000329017639,30.87302017211914,46.869999170303345,30.501203536987305
generation,632,47.600001096725464,33.54868698120117,47.42999970912933,32.23235321044922
generation,633,46.8500018119812,33.183372497558594,47.279998660087585,31.344524383544922
generation,634,47.80000150203705,32.59051513671875,47.42999970912933,32.23235321044922
generation,635,50.80000162124634,29.37527847290039,47.22999930381775,30.549943923950195
generation,636,47.450003027915955,29.14418601989746,46.459999680519104,28.921092987060547
generation,637,46.550002694129944,34.041534423828125,46.55999839305878,31.18512725830078
generation,638,48.600003123283386,30.018640518188477,47.54000008106232,29.538524627685547
generation,639,49.5000034570694,29.80957794189453,47.110000252723694,30.464658737182617
generation,640,49.000000953674316,29.07586669921875,46.40999734401703,30.185056686401367
generation,641,48.4000027179718,31.938779830932617,46.140000224113464,30.640972137451172
generation,642,48.05000126361847,31.041799545288086,45.899999141693115,31.07810401916504
generation,643,50.35000443458557,30.327524185180664,46.469998359680176,30.564434051513672
generation,644,49.150002002716064,29.18134880065918,46.57999873161316,29.737455368041992
generation,645,50.20000338554382,27.480016708374023,47.04999923706055,28.337919235229492
generation,646,49.650001525878906,29.021320343017578,47.15999960899353,29.78249740600586
generation,647,48.600003123283386,31.747865676879883,46.859997510910034,30.82411003112793
generation,648,47.200003266334534,32.593563079833984,46.629998087882996,31.321828842163086
generation,649,48.30000102519989,30.59572410583496,47.849997878074646,29.603487014770508
generation,650,49.45000112056732,31.176694869995117,47.32999801635742,30.598125457763672
generation,651,49.70000088214874,29.796899795532227,47.37999737262726,29.813982009887695
generation,652,50.90000033378601,31.43984031677246,47.58999943733215,31.578977584838867
generation,653,45.95000147819519,33.222496032714844,47.24999964237213,29.90929412841797
generation,654,50.450003147125244,28.763477325439453,47.450000047683716,30.25582504272461
generation,655,49.05000329017639,30.424787521362305,46.73999845981598,30.242000579833984
generation,656,49.55000281333923,30.298866271972656,47.2599983215332,30.371280670166016
generation,657,49.5000034570694,28.23560333251953,46.60999774932861,29.597461700439453
generation,658,48.95000159740448,28.980249404907227,47.02000021934509,29.848012924194336
generation,659,49.90000128746033,28.531959533691406,46.60999774932861,29.597461700439453
generation,660,50.80000162124634,29.968093872070312,47.929999232292175,30.02311897277832
generation,661,49.2000013589859,32.072940826416016,47.64999747276306,31.409460067749023
generation,662,48.600003123283386,31.356151580810547,47.519999742507935,30.00362205505371
generation,663,48.95000159740448,31.374359130859375,47.849997878074646,29.68256950378418
generation,664,49.5000034570694,26.461185455322266,46.799999475479126,28.53214454650879
generation,665,49.90000128746033,28.559595108032227,46.869999170303345,29.00228500366211
generation,666,49.250003695487976,29.442739486694336,47.47999906539917,29.99704933166504
generation,667,49.35000240802765,29.55282211303711,47.110000252723694,29.143068313598633
generation,668,49.400001764297485,30.01875114440918,47.39999771118164,29.86750030517578
generation,669,47.950002551078796,30.432043075561523,46.90999984741211,29.46352767944336
generation,670,49.70000088214874,29.79251480102539,47.22999930381775,29.668787002563477
generation,671,49.85000193119049,29.0433406829834,47.360000014305115,30.134727478027344
generation,672,49.60000216960907,28.05755615234375,47.37999737262726,28.737693786621094
generation,673,50.20000338554382,28.29134750366211,46.99999988079071,29.43271255493164
generation,674,50.90000033378601,30.232221603393555,47.269999980926514,31.053722381591797
generation,675,49.9500036239624,29.060871124267578,47.46999740600586,29.701175689697266
generation,676,49.05000329017639,31.36322021484375,46.41999900341034,31.60678482055664
generation,677,49.10000264644623,31.988004684448242,47.669997811317444,30.911218643188477
generation,678,48.600003123283386,28.862895965576172,47.45999872684479,28.74163055419922
generation,679,50.90000033378601,27.58662223815918,47.46999740600586,28.143943786621094
generation,680,50.49999952316284,28.416526794433594,47.81999886035919,29.648447036743164
generation,681,50.20000338554382,29.104488372802734,47.88999855518341,29.558191299438477
generation,682,50.20000338554382,27.708284378051758,47.529998421669006,28.457597732543945
generation,683,49.85000193119049,29.39690399169922,47.70999848842621,29.215911865234375
generation,684,47.30000197887421,31.13224220275879,47.31999933719635,28.908578872680664
generation,685,48.4000027179718,29.781057357788086,47.77999818325043,30.01360321044922
generation,686,48.80000352859497,31.85007095336914,47.02000021934509,30.716705322265625
generation,687,49.9500036239624,31.47545051574707,47.24999964237213,31.7131290435791
generation,688,48.20000231266022,30.55672836303711,47.57999777793884,28.92032814025879
generation,689,50.40000081062317,28.417631149291992,48.30999970436096,28.370819091796875
generation,690,50.15000104904175,28.9310245513916,47.57999777793884,28.92032814025879
generation,691,48.750001192092896,30.68037223815918,47.279998660087585,30.47525978088379
generation,692,50.24999976158142,28.750473022460938,47.86999821662903,29.69287109375
generation,693,51.45000219345093,29.326414108276367,47.40999937057495,30.68927764892578
generation,694,49.70000088214874,27.780961990356445,47.70999848842621,27.254037857055664
generation,695,50.15000104904175,29.713396072387695,47.95999825000763,29.138309478759766
generation,696,50.24999976158142,31.467540740966797,47.45999872684479,29.44980239868164
generation,697,50.49999952316284,28.648271560668945,47.94999957084656,28.546066284179688
generation,698,49.70000088214874,29.597997665405273,47.849997878074646,29.49224090576172
generation,699,48.15000295639038,31.527973175048828,47.72000014781952,30.2278995513916
generation,700,49.2000013589859,29.854232788085938,47.189998626708984,29.13642120361328
generation,701,49.85000193119049,30.00937271118164,47.88999855518341,28.926774978637695
generation,702,51.5500009059906,27.28548812866211,48.22999835014343,28.543031692504883
generation,703,50.35000443458557,27.183828353881836,48.22999835014343,28.543031692504883
generation,704,49.250003695487976,29.735105514526367,48.019999265670776,29.88328742980957
generation,705,50.55000185966492,29.365375518798828,47.54000008106232,30.717329025268555
generation,706,49.250003695487976,31.655569076538086,48.04999828338623,29.921499252319336
generation,707,50.75000524520874,29.27387809753418,47.2599983215332,29.326675415039062
generation,708,51.00000500679016,28.722623825073242,47.829997539520264,29.019819259643555
generation,709,50.700002908706665,29.10883903503418,47.70999848842621,29.622827529907227
generation,710,50.0,27.834253311157227,47.70999848842621,29.007328033447266
generation,711,49.55000281333923,30.19795036315918,48.079997301101685,29.352863311767578
generation,712,49.800002574920654,29.772123336791992,47.85999953746796,29.20822525024414
generation,713,51.350003480911255,29.17152976989746,47.759997844696045,30.102022171020508
generation,714,50.300002098083496,28.967565536499023,47.57999777793884,31.225780487060547
generation,715,51.00000500679016,29.221431732177734,47.839999198913574,29.918296813964844
generation,716,48.250001668930054,31.472572326660156,47.90000021457672,29.758893966674805
generation,717,51.00000500679016,27.947134017944336,47.63000011444092,29.400634765625
generation,718,49.35000240802765,31.84724235534668,47.63000011444092,30.702205657958984
generation,719,48.70000183582306,29.854877471923828,48.569998145103455,29.105844497680664
generation,720,51.500004529953,28.017929077148438,47.65999913215637,29.03739356994629
generation,721,51.500004529953,27.869556427001953,48.34999740123749,28.12030029296875
generation,722,49.55000281333923,29.864871978759766,47.769999504089355,29.02524757385254
generation,723,51.15000009536743,27.328903198242188,48.83999824523926,28.56494140625
generation,724,49.5000034570694,26.72789764404297,47.829997539520264,27.014488220214844
generation,725,50.55000185966492,28.80581283569336,48.19999933242798,29.038881301879883
generation,726,49.10000264644623,31.257341384887695,47.90000021457672,29.55971336364746
generation,727,50.050002336502075,26.354740142822266,46.949997544288635,27.380409240722656
generation,728,49.5000034570694,28.646690368652344,47.65999913215637,29.123271942138672
generation,729,50.85000395774841,27.434072494506836,48.04999828338623,28.577144622802734
generation,730,50.050002336502075,28.276187896728516,48.330000042915344,27.220693588256836
generation,731,49.9500036239624,28.654966354370117,47.96999990940094,28.48796272277832
generation,732,52.10000276565552,26.953046798706055,47.95999825000763,27.65669059753418
generation,733,50.450003147125244,27.80405616760254,48.24000000953674,26.9083194732666
generation,734,49.45000112056732,29.112239837646484,47.769999504089355,28.170494079589844
generation,735,49.70000088214874,29.36802864074707,48.569998145103455,28.110355377197266
generation,736,50.90000033378601,27.02683448791504,47.759997844696045,28.160734176635742
generation,737,48.85000288486481,28.74358367919922,48.2699990272522,27.981952667236328
generation,738,50.40000081062317,27.702322006225586,48.25999736785889,28.768802642822266
generation,739,50.35000443458557,29.20989990234375,47.64999747276306,28.503387451171875
generation,740,50.40000081062317,28.6935977935791,48.019999265670776,28.433788299560547
generation,741,49.800002574920654,29.71523094177246,48.34999740123749,28.3109188079834
generation,742,50.35000443458557,29.203990936279297,48.009997606277466,29.973865509033203
generation,743,49.75000321865082,28.493343353271484,48.159998655319214,28.474031448364258
generation,744,50.15000104904175,28.78656578063965,46.8999981880188,28.073444366455078
generation,745,50.35000443458557,28.90925407409668,48.319998383522034,28.617422103881836
generation,746,50.60000419616699,29.111902236938477,47.81999886035919,28.77351951599121
generation,747,50.700002908706665,27.647686004638672,48.659998178482056,27.160680770874023
generation,748,50.60000419616699,28.501296997070312,48.819997906684875,28.51415252685547
generation,749,51.05000138282776,27.96997833251953,48.54999780654907,28.980300903320312
generation,750,49.55000281333923,29.801944732666016,47.88999855518341,28.163089752197266
generation,751,50.050002336502075,26.113746643066406,48.319998383522034,27.00628662109375
generation,752,50.55000185966492,27.91153907775879,48.29999804496765,28.60284996032715
generation,753,50.65000057220459,29.211294174194336,48.52999746799469,28.544788360595703
generation,754,50.050002336502075,28.00040626525879,48.179998993873596,27.220687866210938
generation,755,51.20000243186951,29.2188777923584,48.28999936580658,28.820890426635742
generation,756,50.700002908706665,29.850894927978516,48.169997334480286,29.17189598083496
generation,757,50.450003147125244,26.938199996948242,48.74999821186066,27.175090789794922
generation,758,50.60000419616699,30.38515853881836,47.72999882698059,28.929569244384766
generation,759,48.600003123283386,31.56771469116211,47.829997539520264,30.23535919189453
generation,760,49.150002002716064,31.33360481262207,47.450000047683716,30.114294052124023
generation,761,51.00000500679016,29.09135627746582,48.22999835014343,28.723722457885742
generation,762,50.700002908706665,29.735065460205078,48.60999882221222,29.008312225341797
generation,763,49.45000112056732,27.757837295532227,48.179998993873596,26.946453094482422
generation,764,50.65000057220459,27.658550262451172,48.34999740123749,28.16571617126465
generation,765,50.65000057220459,26.2758731842041,47.96999990940094,26.20839500427246
generation,766,52.35000252723694,25.9115047454834,48.83999824523926,27.070274353027344
generation,767,51.30000114440918,26.569034576416016,48.55999946594238,28.26053810119629
generation,768,50.75000524520874,26.098281860351562,48.819997906684875,26.129419326782227
generation,769,50.85000395774841,27.09714698791504,48.09999763965607,27.630422592163086
generation,770,51.350003480911255,26.231752395629883,48.420000076293945,27.158056259155273
generation,771,52.10000276565552,26.499244689941406,48.46999943256378,27.633102416992188
generation,772,52.400004863739014,28.19568634033203,48.05999994277954,29.740449905395508
generation,773,49.250003695487976,26.944286346435547,48.19999933242798,27.794178009033203
generation,774,49.10000264644623,28.464523315429688,48.420000076293945,27.680578231811523
generation,775,49.150002002716064,28.196533203125,48.13999831676483,27.68639373779297
generation,776,50.24999976158142,27.49614906311035,48.55999946594238,27.313777923583984
generation,777,51.25000476837158,29.3532772064209,47.90999889373779,29.566850662231445
generation,778,51.5500009059906,27.235464096069336,48.319998383522034,28.222537994384766
generation,779,52.799999713897705,25.339984893798828,48.83999824523926,26.58148765563965
generation,780,51.39999985694885,28.544017791748047,48.46999943256378,28.880277633666992
generation,781,51.80000066757202,25.29399871826172,48.74999821186066,26.706758499145508
generation,782,52.15000510215759,24.792598724365234,48.39999973773956,26.439741134643555
generation,783,50.24999976158142,28.586458206176758,48.54999780654907,28.270078659057617
generation,784,51.05000138282776,26.57357406616211,48.83999824523926,26.531824111938477
generation,785,51.500004529953,27.414587020874023,48.45999777317047,26.822309494018555
generation,786,51.750004291534424,26.609180450439453,48.809999227523804,26.88296890258789
generation,787,49.35000240802765,27.913827896118164,48.67999851703644,27.485666275024414
generation,788,50.55000185966492,28.551963806152344,48.61999750137329,27.96648406982422
generation,789,51.20000243186951,27.774009704589844,48.829999566078186,27.492799758911133
generation,790,49.10000264644623,28.461030960083008,48.58999848365784,27.141372680664062
generation,791,51.100003719329834,30.225744247436523,47.79999852180481,29.120527267456055
generation,792,50.60000419616699,27.804115295410156,48.179998993873596,27.20344352722168
generation,793,50.20000338554382,28.881824493408203,48.93999993801117,29.564815521240234
generation,794,50.15000104904175,26.736373901367188,48.90999794006348,26.152381896972656
generation,795,49.90000128746033,29.6334171295166,48.43999743461609,28.26464080810547
generation,796,52.20000147819519,25.585378646850586,48.25999736785889,27.25249671936035
generation,797,51.100003719329834,25.561634063720703,49.09999966621399,25.852638244628906
generation,798,52.15000510215759,25.31988525390625,48.74999821186066,26.497058868408203
generation,799,50.050002336502075,28.277673721313477,48.7199991941452,27.742462158203125
generation,800,50.85000395774841,27.109560012817383,48.91999959945679,26.572452545166016
generation,801,49.9500036239624,26.53360939025879,48.76999855041504,26.090965270996094
generation,802,51.350003480911255,26.332109451293945,48.829999566078186,26.683883666992188
generation,803,53.75000238418579,24.398571014404297,49.03999865055084,26.2354679107666
generation,804,52.000004053115845,28.054441452026367,49.21000003814697,27.850509643554688
generation,805,52.30000019073486,27.041643142700195,48.79999756813049,28.149524688720703
generation,806,51.8500030040741,27.11406898498535,48.51999878883362,27.52431297302246
generation,807,50.49999952316284,28.136260986328125,48.51999878883362,27.52431297302246
generation,808,52.50000357627869,25.783313751220703,48.420000076293945,26.433866500854492
generation,809,49.35000240802765,27.626314163208008,48.28999936580658,25.922256469726562
generation,810,51.95000171661377,24.765417098999023,49.219998717308044,25.844388961791992
generation,811,51.600003242492676,25.93210792541504,48.78999888896942,27.07325553894043
generation,812,51.25000476837158,27.341825485229492,48.510000109672546,27.98505401611328
generation,813,52.05000042915344,25.247949600219727,49.19999837875366,25.76693344116211
generation,814,52.85000205039978,25.947792053222656,48.58999848365784,27.016925811767578
generation,815,50.60000419616699,25.738975524902344,49.19999837875366,25.948928833007812
generation,816,49.35000240802765,26.747249603271484,49.39999878406525,25.947872161865234
generation,817,50.65000057220459,28.45172691345215,48.87999892234802,27.51166343688965
generation,818,50.90000033378601,27.166048049926758,48.7199991941452,26.36943817138672
generation,819,52.15000510215759,26.675922393798828,49.149999022483826,27.856569290161133
generation,820,50.80000162124634,26.8192195892334,48.420000076293945,26.083444595336914
generation,821,51.90000534057617,27.987295150756836,49.07999932765961,26.972440719604492
generation,822,49.75000321865082,28.303430557250977,48.87000024318695,27.00190544128418
generation,823,51.5500009059906,25.796735763549805,49.25999939441681,25.493858337402344
generation,824,50.700002908706665,26.57457733154297,48.95999729633331,26.856971740722656
generation,825,50.85000395774841,27.1220645904541,48.78999888896942,26.758440017700195
generation,826,51.95000171661377,26.594257354736328,48.90999794006348,26.503690719604492
generation,827,51.600003242492676,26.464494705200195,49.09999966621399,26.622777938842773
generation,828,50.90000033378601,27.85903549194336,48.84999990463257,27.01227569580078
generation,829,51.5500009059906,25.954795837402344,48.54999780654907,26.928606033325195
generation,830,50.75000524520874,27.136287689208984,49.18999969959259,26.587974548339844
generation,831,51.80000066757202,27.586164474487305,48.22999835014343,28.248212814331055
generation,832,52.900004386901855,24.685321807861328,48.69999885559082,25.89581298828125
generation,833,50.60000419616699,28.65683937072754,47.93999791145325,27.908496856689453
generation,834,51.39999985694885,24.870718002319336,48.79999756813049,25.21950340270996
generation,835,50.49999952316284,26.075159072875977,47.94999957084656,26.196340560913086
generation,836,50.49999952316284,25.56562614440918,49.18999969959259,26.7205867767334
generation,837,51.25000476837158,26.302309036254883,48.85999858379364,26.671628952026367
generation,838,51.8500030040741,26.642242431640625,48.78000020980835,26.878265380859375
generation,839,52.549999952316284,26.786195755004883,49.229997396469116,27.04057502746582
generation,840,53.300005197525024,24.0013484954834,48.84999990463257,25.881547927856445
generation,841,53.00000309944153,24.367023468017578,48.579999804496765,26.218496322631836
generation,842,52.50000357627869,25.402992248535156,48.84999990463257,25.881547927856445
generation,843,51.64999961853027,25.746545791625977,48.42999875545502,26.772119522094727
generation,844,49.75000321865082,29.47065544128418,48.60000014305115,27.40021514892578
generation,845,51.45000219345093,24.53765869140625,49.43999946117401,25.53937530517578
generation,846,50.20000338554382,25.71392822265625,48.45999777317047,26.52533721923828
generation,847,51.15000009536743,26.096755981445312,48.79999756813049,26.581640243530273
generation,848,52.70000100135803,24.55657196044922,48.39999973773956,25.992712020874023
generation,849,53.94999980926514,23.61151123046875,48.55999946594238,25.839488983154297
generation,850,51.00000500679016,25.905223846435547,49.19999837875366,26.300718307495117
generation,851,52.20000147819519,23.048830032348633,49.32999908924103,25.035232543945312
generation,852,51.90000534057617,24.40203857421875,48.99999797344208,25.677366256713867
generation,853,51.39999985694885,26.162433624267578,48.510000109672546,26.37656021118164
generation,854,51.30000114440918,26.57073402404785,48.34999740123749,26.12946128845215
generation,855,51.95000171661377,25.382369995117188,49.539998173713684,24.947322845458984
generation,856,52.10000276565552,24.813749313354492,49.01999831199646,24.951377868652344
generation,857,52.250003814697266,25.689796447753906,49.18999969959259,26.750755310058594
generation,858,53.50000262260437,23.868389129638672,49.379998445510864,24.933855056762695
generation,859,51.8500030040741,26.089244842529297,48.979997634887695,25.59682846069336
generation,860,51.90000534057617,23.39130210876465,48.91999959945679,24.214664459228516
generation,861,52.549999952316284,24.256383895874023,48.7199991941452,25.35797882080078
generation,862,52.30000019073486,25.82025718688965,48.729997873306274,24.784793853759766
generation,863,51.500004529953,25.909635543823242,49.41999912261963,25.304363250732422
generation,864,51.600003242492676,23.891992568969727,49.66000020503998,24.71242332458496
generation,865,51.00000500679016,25.39278793334961,49.66000020503998,24.71242332458496
generation,866,53.00000309944153,24.787508010864258,49.469998478889465,25.362873077392578
generation,867,49.800002574920654,27.55731964111328,49.32999908924103,25.5668888092041
generation,868,51.80000066757202,26.265594482421875,48.60999882221222,26.222240447998047
generation,869,51.64999961853027,25.503644943237305,49.219998717308044,25.35846710205078
generation,870,52.10000276565552,26.214828491210938,49.07999932765961,26.29488754272461
generation,871,52.70000100135803,24.439687728881836,49.74999725818634,25.531269073486328
generation,872,52.000004053115845,25.731855392456055,48.899999260902405,25.63118553161621
generation,873,52.15000510215759,24.89444923400879,49.869999289512634,24.74762725830078
generation,874,52.70000100135803,24.463985443115234,49.03999865055084,25.842647552490234
generation,875,51.45000219345093,25.2844181060791,49.10999834537506,26.146434783935547
generation,876,54.15000319480896,25.1989688873291,49.059998989105225,25.873271942138672
generation,877,51.64999961853027,25.07131004333496,48.92999827861786,25.20347023010254
generation,878,50.85000395774841,26.06467056274414,49.26999807357788,25.896835327148438
generation,879,52.15000510215759,25.517202377319336,48.85999858379364,26.69013786315918
generation,880,52.75000333786011,25.682544708251953,49.48999881744385,25.405323028564453
generation,881,50.40000081062317,25.54969024658203,49.069997668266296,24.777446746826172
generation,882,52.549999952316284,23.310909271240234,49.879997968673706,24.50685691833496
generation,883,51.39999985694885,25.94873809814453,49.19999837875366,24.75072479248047
generation,884,51.25000476837158,23.049793243408203,49.309998750686646,23.47425651550293
generation,885,50.40000081062317,25.291542053222656,49.48999881744385,24.94434356689453
generation,886,53.94999980926514,22.703235626220703,49.6099978685379,24.133113861083984
generation,887,52.60000228881836,24.648056030273438,49.16999936103821,25.113859176635742
generation,888,51.05000138282776,25.366291046142578,49.93999898433685,25.207096099853516
generation,889,52.35000252723694,26.40765953063965,48.409998416900635,25.911706924438477
generation,890,53.300005197525024,24.29266357421875,49.35999810695648,25.847759246826172
generation,891,51.500004529953,25.221759796142578,49.709999561309814,25.151609420776367
generation,892,52.650004625320435,23.274311065673828,49.12000000476837,25.147958755493164
generation,893,51.600003242492676,24.18347930908203,49.57000017166138,24.24937629699707
generation,894,51.39999985694885,25.27106475830078,49.149999022483826,25.00724983215332
generation,895,53.60000133514404,23.56775665283203,49.39999878406525,25.292205810546875
generation,896,52.20000147819519,25.72389793395996,48.819997906684875,25.053373336791992
generation,897,52.85000205039978,23.89412498474121,48.92999827861786,24.913930892944336
generation,898,51.95000171661377,25.00873565673828,49.12999868392944,24.841663360595703
generation,899,52.799999713897705,26.239707946777344,49.28999841213226,25.216249465942383
generation,900,53.700000047683716,21.502182006835938,49.09999966621399,23.580610275268555
generation,901,52.35000252723694,25.49843406677246,49.96999800205231,24.950925827026367
generation,902,53.800004720687866,25.183866500854492,49.43999946117401,25.32322120666504
generation,903,50.80000162124634,26.489931106567383,49.80999827384949,25.06887435913086
generation,904,51.70000195503235,24.174776077270508,49.559998512268066,25.666608810424805
generation,905,52.70000100135803,24.797386169433594,49.50999915599823,24.939340591430664
generation,906,51.90000534057617,25.16273307800293,49.789997935295105,25.640914916992188
generation,907,52.15000510215759,24.919254302978516,49.629998207092285,25.271677017211914
generation,908,52.000004053115845,25.23575782775879,49.83999729156494,24.975990295410156
generation,909,52.45000123977661,25.155284881591797,50.01000165939331,25.756994247436523
generation,910,54.80000376701355,23.784828186035156,49.74999725818634,25.394641876220703
generation,911,52.50000357627869,24.915454864501953,49.959999322891235,25.030275344848633
generation,912,53.0500054359436,24.416776657104492,49.75999891757965,24.688152313232422
generation,913,52.35000252723694,24.608930587768555,49.64999854564667,25.19624137878418
generation,914,55.250000953674316,24.208145141601562,49.4299978017807,25.4763126373291
generation,915,51.45000219345093,25.602163314819336,49.869999289512634,25.110193252563477
generation,916,53.25000286102295,24.152524948120117,49.49999749660492,25.28271484375
generation,917,52.400004863739014,25.178531646728516,50.09999871253967,24.796377182006836
generation,918,52.70000100135803,25.51780891418457,49.41999912261963,25.477874755859375
generation,919,53.94999980926514,23.984697341918945,49.27999973297119,24.833297729492188
generation,920,52.799999713897705,24.55625343322754,49.48999881744385,24.657257080078125
generation,921,51.5500009059906,24.316036224365234,49.91999864578247,23.62083625793457
generation,922,52.75000333786011,24.221912384033203,49.709999561309814,25.240638732910156
generation,923,51.25000476837158,24.382043838500977,49.93999898433685,24.276832580566406
generation,924,52.75000333786011,23.782222747802734,49.859997630119324,25.039112091064453
generation,925,53.60000133514404,24.628652572631836,49.84999895095825,26.014307022094727
generation,926,53.850001096725464,23.67890167236328,49.949997663497925,25.051273345947266
generation,927,51.750004291534424,26.82841682434082,50.519996881484985,25.168813705444336
generation,928,52.15000510215759,25.63398551940918,49.48999881744385,26.192100524902344
generation,929,51.750004291534424,24.196975708007812,49.92999732494354,25.053049087524414
generation,930,51.95000171661377,25.26238250732422,49.88999962806702,25.72415542602539
generation,931,53.25000286102295,24.32139778137207,49.9099999666214,24.44154167175293
generation,932,53.450000286102295,24.818113327026367,49.59999918937683,25.720033645629883
generation,933,53.700000047683716,23.40641975402832,49.50999915599823,24.779008865356445
generation,934,53.4000039100647,24.573810577392578,49.89999830722809,25.015243530273438
generation,935,52.85000205039978,24.636213302612305,49.52999949455261,25.235715866088867
generation,936,52.45000123977661,26.18964958190918,49.879997968673706,25.396068572998047
generation,937,53.200000524520874,24.29916763305664,49.96999800205231,24.522123336791992
generation,938,51.5500009059906,24.491464614868164,49.21000003814697,25.635332107543945
generation,939,52.30000019073486,25.594377517700195,49.879997968673706,25.396068572998047
generation,940,51.00000500679016,24.878009796142578,49.89999830722809,24.792200088500977
generation,941,51.80000066757202,25.268705368041992,49.699997901916504,25.279041290283203
generation,942,53.1000018119812,24.39134979248047,49.82999861240387,25.339529037475586
generation,943,52.250003814697266,25.777877807617188,50.360000133514404,25.163930892944336
generation,944,52.400004863739014,24.989233016967773,49.40999746322632,25.422399520874023
generation,945,53.700000047683716,24.79766082763672,49.21000003814697,26.246721267700195
generation,946,52.650004625320435,24.16309356689453,50.40000081062317,23.961877822875977
generation,947,53.50000262260437,26.032743453979492,49.84999895095825,25.10207748413086
generation,948,53.200000524520874,25.43760108947754,49.859997630119324,25.853857040405273
generation,949,51.5500009059906,25.258045196533203,49.879997968673706,24.915786743164062
generation,950,53.150004148483276,25.867298126220703,49.789997935295105,25.032188415527344
generation,951,51.05000138282776,27.407573699951172,49.879997968673706,24.915786743164062
generation,952,51.5500009059906,24.110136032104492,49.27999973297119,24.708415985107422
generation,953,52.60000228881836,25.39484214782715,49.50999915599823,25.913551330566406
generation,954,52.70000100135803,24.452041625976562,49.879997968673706,25.25290870666504
generation,955,52.30000019073486,24.88060188293457,49.17999804019928,25.700557708740234
generation,956,52.85000205039978,24.292930603027344,50.16999840736389,25.33134651184082
generation,957,53.00000309944153,25.995777130126953,49.49999749660492,26.020463943481445
generation,958,51.600003242492676,23.99363136291504,49.92999732494354,24.771272659301758
generation,959,53.00000309944153,23.725339889526367,49.64999854564667,25.266881942749023
generation,960,54.05000448226929,24.183935165405273,50.08000135421753,24.716066360473633
generation,961,53.150004148483276,24.838674545288086,49.92999732494354,25.102174758911133
generation,962,51.600003242492676,27.27426528930664,49.43999946117401,25.959800720214844
generation,963,54.40000295639038,24.072772979736328,49.6099978685379,25.28876495361328
generation,964,52.70000100135803,25.891950607299805,49.97999966144562,26.023117065429688
generation,965,53.4000039100647,24.238115310668945,49.97999966144562,25.2357234954834
generation,966,53.200000524520874,24.825212478637695,49.34999942779541,25.122623443603516
generation,967,53.00000309944153,23.890886306762695,49.97999966144562,25.2357234954834
generation,968,52.549999952316284,24.79923439025879,49.76999759674072,25.343490600585938
generation,969,55.09999990463257,23.146316528320312,50.69999694824219,24.97620964050293
generation,970,52.549999952316284,24.157451629638672,49.91999864578247,24.157920837402344
generation,971,52.250003814697266,25.29830551147461,49.699997901916504,25.320354461669922
generation,972,54.350000619888306,23.13807487487793,49.8199999332428,24.41342544555664
generation,973,52.35000252723694,26.360393524169922,50.29999613761902,24.901390075683594
generation,974,54.85000014305115,22.725521087646484,50.360000133514404,24.36085319519043
generation,975,51.30000114440918,24.992076873779297,50.31999945640564,24.29771614074707
generation,976,54.6500027179718,22.947275161743164,50.0499963760376,24.205039978027344
generation,977,51.8500030040741,25.173992156982422,50.48999786376953,23.56674575805664
generation,978,53.1000018119812,23.304746627807617,50.24999976158142,24.873626708984375
generation,979,53.60000133514404,24.70168113708496,50.26000142097473,25.316661834716797
generation,980,52.250003814697266,25.437427520751953,49.959999322891235,25.963302612304688
generation,981,53.200000524520874,24.372724533081055,49.379998445510864,26.02732276916504
generation,982,53.50000262260437,22.457582473754883,50.269997119903564,24.29535675048828
generation,983,53.150004148483276,25.07266616821289,50.01000165939331,24.956127166748047
generation,984,52.35000252723694,25.061201095581055,50.119996070861816,24.74132537841797
generation,985,53.50000262260437,23.429765701293945,50.269997119903564,24.29535675048828
generation,986,51.64999961853027,25.203157424926758,50.279998779296875,24.3903751373291
generation,987,52.400004863739014,24.440710067749023,50.119996070861816,24.37423324584961
generation,988,53.0500054359436,24.792085647583008,49.98999834060669,25.23834800720215
generation,989,52.799999713897705,24.38865852355957,49.709999561309814,25.01413917541504
generation,990,54.450005292892456,21.80793571472168,50.15999674797058,24.960735321044922
generation,991,54.350000619888306,24.642948150634766,50.23999810218811,24.728656768798828
generation,992,52.549999952316284,25.053707122802734,49.76999759674072,24.79306983947754
generation,993,54.60000038146973,23.43376922607422,49.96999800205231,24.930063247680664
generation,994,52.000004053115845,24.8696231842041,50.26000142097473,24.272979736328125
generation,995,54.30000424385071,22.964181900024414,50.58000087738037,24.844406127929688
generation,996,51.90000534057617,25.74815559387207,49.58999752998352,25.000539779663086
generation,997,53.200000524520874,24.838571548461914,50.040000677108765,25.135839462280273
generation,998,54.60000038146973,23.898096084594727,49.699997901916504,25.403783798217773
generation,999,53.800004720687866,23.534799575805664,50.679999589920044,24.22484016418457
generation,1000,53.50000262260437,23.556547164916992,49.96999800205231,24.8192081451416
generation,1001,52.400004863739014,25.4534969329834,50.409996509552,24.137598037719727
generation,1002,52.650004625320435,27.104103088378906,50.33000111579895,25.315412521362305
generation,1003,53.200000524520874,24.02212142944336,50.66999793052673,24.612693786621094
generation,1004,53.150004148483276,24.83818244934082,49.89999830722809,24.7188720703125
generation,1005,52.20000147819519,26.398786544799805,50.620001554489136,24.54157066345215
generation,1006,53.850001096725464,23.7724609375,50.279998779296875,24.472097396850586
generation,1007,51.20000243186951,23.799537658691406,49.699997901916504,24.648765563964844
generation,1008,51.70000195503235,25.80047607421875,50.41999816894531,25.19878578186035
generation,1009,53.65000367164612,23.925033569335938,50.019997358322144,25.132152557373047
generation,1010,52.799999713897705,23.194931030273438,50.24999976158142,23.72425079345703
generation,1011,53.200000524520874,24.423091888427734,50.019997358322144,24.177486419677734
generation,1012,52.45000123977661,24.084003448486328,49.58999752998352,24.013174057006836
generation,1013,53.75000238418579,24.983610153198242,49.459999799728394,24.446962356567383
generation,1014,55.20000457763672,22.462873458862305,49.89999830722809,24.148927688598633
generation,1015,52.799999713897705,24.550992965698242,50.47000050544739,23.836627960205078
generation,1016,54.60000038146973,22.947093963623047,50.859999656677246,24.597192764282227
generation,1017,52.85000205039978,23.538637161254883,50.8899986743927,24.18468475341797
generation,1018,54.05000448226929,24.72636604309082,50.09999871253967,24.595136642456055
generation,1019,51.95000171661377,23.68975830078125,49.869999289512634,24.218740463256836
generation,1020,52.15000510215759,24.890613555908203,50.519996881484985,24.36534309387207
generation,1021,53.00000309944153,24.65053939819336,50.290000438690186,24.5616397857666
generation,1022,53.94999980926514,23.476177215576172,50.08999705314636,25.050565719604492
generation,1023,53.75000238418579,23.029212951660156,50.22000074386597,24.51681900024414
generation,1024,54.25000190734863,22.217792510986328,49.82999861240387,23.571088790893555
generation,1025,54.30000424385071,23.47116470336914,50.839996337890625,24.575878143310547
generation,1026,53.300005197525024,25.082944869995117,50.690001249313354,25.362234115600586
generation,1027,53.50000262260437,24.417192459106445,50.80000162124634,24.385032653808594
generation,1028,53.850001096725464,24.232770919799805,50.269997119903564,24.326459884643555
generation,1029,54.30000424385071,23.481679916381836,50.589996576309204,24.133045196533203
generation,1030,53.550004959106445,24.418407440185547,49.83999729156494,24.880477905273438
generation,1031,53.550004959106445,23.91478729248047,50.42999982833862,25.08831787109375
generation,1032,52.60000228881836,24.66084098815918,50.269997119903564,24.412551879882812
generation,1033,51.80000066757202,25.220523834228516,50.33000111579895,24.287208557128906
generation,1034,55.80000281333923,23.800472259521484,50.849997997283936,23.712005615234375
generation,1035,53.90000343322754,24.675874710083008,50.30999779701233,25.69414710998535
generation,1036,53.450000286102295,24.267969131469727,50.78999996185303,24.93822479248047
generation,1037,53.150004148483276,24.367921829223633,50.41999816894531,24.079551696777344
generation,1038,52.85000205039978,24.237335205078125,50.690001249313354,24.06915283203125
generation,1039,54.70000505447388,23.328275680541992,50.33000111579895,24.505300521850586
generation,1040,53.94999980926514,24.66815948486328,50.66999793052673,24.252370834350586
generation,1041,52.900004386901855,24.400346755981445,50.48999786376953,24.6018009185791
generation,1042,53.60000133514404,22.840578079223633,50.41999816894531,24.40582847595215
generation,1043,51.90000534057617,24.4519100189209,50.58000087738037,23.812984466552734
generation,1044,54.350000619888306,22.921405792236328,50.269997119903564,24.679933547973633
generation,1045,54.6500027179718,23.156448364257812,50.41999816894531,23.791728973388672
generation,1046,51.20000243186951,26.293184280395508,50.29999613761902,24.4765625
generation,1047,52.900004386901855,23.963098526000977,51.03999972343445,23.23238754272461
generation,1048,54.350000619888306,23.168821334838867,50.15000104904175,23.967052459716797
generation,1049,52.10000276565552,25.28386688232422,50.08000135421753,23.94784164428711
generation,1050,54.60000038146973,21.865161895751953,50.98999738693237,23.181957244873047
generation,1051,52.799999713897705,24.931764602661133,50.44999718666077,24.889915466308594
generation,1052,53.550004959106445,23.639963150024414,50.199997425079346,24.49992561340332
generation,1053,54.70000505447388,23.191822052001953,50.63999891281128,24.17622947692871
generation,1054,54.6500027179718,24.42331314086914,49.96999800205231,24.550662994384766
generation,1055,54.00000214576721,23.80996322631836,50.609999895095825,23.529088973999023
generation,1056,54.00000214576721,22.832176208496094,50.78999996185303,23.45305824279785
generation,1057,54.750001430511475,22.392433166503906,50.58000087738037,23.284114837646484
generation,1058,52.20000147819519,25.444740295410156,50.909996032714844,23.976778030395508
generation,1059,53.0500054359436,23.69719123840332,50.839996337890625,23.553218841552734
generation,1060,52.95000076293945,24.6586856842041,50.440001487731934,25.095989227294922
generation,1061,53.150004148483276,22.91735076904297,50.519996881484985,23.716489791870117
generation,1062,52.95000076293945,23.983911514282227,50.620001554489136,23.969640731811523
generation,1063,53.300005197525024,23.43690299987793,50.279998779296875,23.870309829711914
generation,1064,53.450000286102295,24.418439865112305,50.87999701499939,24.128049850463867
generation,1065,53.00000309944153,23.816808700561523,50.13999938964844,24.1159610748291
generation,1066,52.85000205039978,22.828310012817383,50.279998779296875,24.0218448638916
generation,1067,53.4000039100647,22.812593460083008,50.279998779296875,23.898372650146484
generation,1068,54.40000295639038,23.344112396240234,50.31999945640564,23.47678565979004
generation,1069,53.75000238418579,23.534208297729492,50.22000074386597,24.025680541992188
generation,1070,53.60000133514404,23.857017517089844,50.62999725341797,23.074214935302734
generation,1071,53.300005197525024,22.160531997680664,50.62999725341797,23.074214935302734
generation,1072,53.75000238418579,25.87293815612793,50.31999945640564,25.682308197021484
generation,1073,52.85000205039978,25.41852569580078,50.589996576309204,24.960811614990234
generation,1074,54.25000190734863,22.0408992767334,50.8899986743927,23.400876998901367
generation,1075,53.850001096725464,21.987024307250977,49.48999881744385,23.13965606689453
generation,1076,52.799999713897705,23.04905891418457,50.690001249313354,23.212059020996094
generation,1077,52.900004386901855,24.10694122314453,50.51000118255615,23.955846786499023
generation,1078,53.50000262260437,23.800275802612305,50.06999969482422,24.836185455322266
generation,1079,54.25000190734863,22.34618377685547,50.42999982833862,23.584049224853516
generation,1080,53.35000157356262,22.668371200561523,50.51000118255615,23.144445419311523
generation,1081,52.60000228881836,25.25432586669922,50.49999952316284,24.30763816833496
generation,1082,54.40000295639038,22.800947189331055,50.47000050544739,23.726179122924805
generation,1083,55.000001192092896,22.347475051879883,51.21999979019165,23.543060302734375
generation,1084,54.70000505447388,22.384803771972656,51.08000040054321,24.020849227905273
generation,1085,52.70000100135803,23.889942169189453,50.13999938964844,23.701305389404297
generation,1086,55.55000305175781,22.8913631439209,50.33999681472778,23.669225692749023
generation,1087,53.4000039100647,23.419418334960938,50.47999620437622,23.48016357421875
generation,1088,53.65000367164612,24.27218246459961,50.29999613761902,24.32337188720703
generation,1089,52.60000228881836,24.435184478759766,50.06999969482422,23.02635955810547
generation,1090,51.95000171661377,24.645122528076172,50.55999755859375,23.511503219604492
generation,1091,54.100000858306885,23.71007537841797,50.620001554489136,24.18801498413086
generation,1092,55.50000071525574,22.184236526489258,50.48999786376953,23.41170310974121
generation,1093,52.15000510215759,23.264080047607422,50.8899986743927,23.670284271240234
generation,1094,53.850001096725464,23.610355377197266,50.8899986743927,23.670284271240234
generation,1095,53.60000133514404,23.223922729492188,51.01999640464783,23.44498062133789
generation,1096,53.1000018119812,24.313241958618164,50.119996070861816,24.49460220336914
generation,1097,54.100000858306885,23.098648071289062,50.78999996185303,24.309782028198242
generation,1098,54.70000505447388,22.299072265625,50.97000002861023,22.853668212890625
generation,1099,53.50000262260437,24.45568084716797,51.099997758865356,24.50788688659668
generation,1100,53.700000047683716,25.128355026245117,50.519996881484985,24.452756881713867
generation,1101,55.45000433921814,21.87815284729004,50.58000087738037,24.124420166015625
generation,1102,55.650001764297485,22.684314727783203,50.929999351501465,24.427326202392578
generation,1103,52.400004863739014,23.70049285888672,50.23999810218811,23.4006290435791
generation,1104,55.400002002716064,22.23573112487793,50.54999589920044,23.856128692626953
generation,1105,54.6500027179718,23.305278778076172,50.15999674797058,24.178922653198242
generation,1106,52.650004625320435,24.294919967651367,50.49999952316284,23.20710563659668
generation,1107,52.250003814697266,24.859935760498047,50.22000074386597,24.415185928344727
generation,1108,53.450000286102295,23.641996383666992,50.529998540878296,24.173248291015625
generation,1109,55.05000352859497,20.670866012573242,50.01000165939331,22.53974151611328
generation,1110,53.50000262260437,22.752809524536133,50.87999701499939,23.542299270629883
generation,1111,53.850001096725464,22.934621810913086,50.98000168800354,23.77956199645996
generation,1112,54.80000376701355,23.238187789916992,50.609999895095825,24.591896057128906
generation,1113,54.200005531311035,22.359880447387695,51.12999677658081,22.921342849731445
generation,1114,54.500001668930054,22.675905227661133,50.65000057220459,23.96649932861328
generation,1115,56.00000023841858,23.367509841918945,51.169997453689575,23.603843688964844
generation,1116,54.15000319480896,22.02678680419922,50.2299964427948,24.439802169799805
generation,1117,53.25000286102295,23.688661575317383,50.72999596595764,23.46923828125
generation,1118,54.350000619888306,22.497089385986328,51.169997453689575,23.603843688964844
generation,1119,54.00000214576721,23.273771286010742,50.66999793052673,23.692157745361328
generation,1120,53.450000286102295,24.166988372802734,50.77999830245972,23.867849349975586
generation,1121,53.150004148483276,24.762941360473633,50.36999583244324,24.675140380859375
generation,1122,54.70000505447388,22.056777954101562,50.62999725341797,24.029884338378906
generation,1123,56.75000548362732,22.603824615478516,50.33999681472778,24.430208206176758
generation,1124,55.85000514984131,22.990331649780273,50.2299964427948,23.631235122680664
generation,1125,52.70000100135803,23.96327781677246,51.03999972343445,23.585262298583984
generation,1126,55.05000352859497,22.720041275024414,50.42999982833862,24.020654678344727
generation,1127,54.750001430511475,23.203075408935547,50.08000135421753,23.714859008789062
generation,1128,52.20000147819519,24.995777130126953,50.51000118255615,23.597578048706055
generation,1129,54.6500027179718,22.5303897857666,51.21999979019165,23.425872802734375
generation,1130,54.60000038146973,23.050128936767578,51.15000009536743,23.455177307128906
generation,1131,54.350000619888306,22.342233657836914,50.63999891281128,22.980731964111328
generation,1132,53.300005197525024,23.9859676361084,51.3700008392334,24.040782928466797
generation,1133,55.30000329017639,21.071327209472656,51.419997215270996,22.61043930053711
generation,1134,52.900004386901855,25.01505470275879,50.76000094413757,24.183813095092773
generation,1135,55.85000514984131,20.198654174804688,51.159995794296265,22.616594314575195
generation,1136,52.900004386901855,24.57375144958496,51.089996099472046,23.23102569580078
generation,1137,55.250000953674316,22.207626342773438,50.94999670982361,23.8399600982666
generation,1138,54.00000214576721,23.078468322753906,51.12000107765198,23.827268600463867
generation,1139,55.50000071525574,21.25394058227539,50.769996643066406,23.642189025878906
generation,1140,55.400002002716064,22.178695678710938,50.80999732017517,23.500802993774414
generation,1141,53.850001096725464,22.804908752441406,50.90000033378601,22.94784927368164
generation,1142,52.95000076293945,24.38284683227539,51.099997758865356,23.888561248779297
generation,1143,55.05000352859497,23.59050750732422,50.859999656677246,23.307811737060547
generation,1144,54.500001668930054,24.2366886138916,50.859999656677246,23.454782485961914
generation,1145,55.20000457763672,22.30150604248047,50.98999738693237,23.08109474182129
generation,1146,55.60000538825989,21.964645385742188,51.08000040054321,24.210649490356445
generation,1147,53.4000039100647,23.387863159179688,50.56999921798706,23.643178939819336
generation,1148,54.9500048160553,23.02777862548828,51.46999955177307,22.969541549682617
generation,1149,53.25000286102295,23.912202835083008,50.65999627113342,24.07430076599121
generation,1150,55.70000410079956,21.794179916381836,51.28999948501587,23.35618782043457
generation,1151,54.100000858306885,23.912939071655273,51.559996604919434,23.523832321166992
generation,1152,53.60000133514404,23.862525939941406,51.01999640464783,23.401256561279297
generation,1153,53.25000286102295,22.744600296020508,51.3700008392334,23.129961013793945
generation,1154,51.750004291534424,23.958101272583008,51.099997758865356,23.24227523803711
generation,1155,54.100000858306885,24.152929306030273,51.03999972343445,23.673480987548828
generation,1156,54.60000038146973,22.293811798095703,50.56999921798706,23.147937774658203
generation,1157,55.400002002716064,23.387319564819336,51.10999941825867,23.243520736694336
generation,1158,52.799999713897705,22.76482582092285,51.52999758720398,22.143007278442383
generation,1159,55.250000953674316,22.196269989013672,50.95999836921692,23.11565399169922
generation,1160,53.450000286102295,23.121538162231445,50.919997692108154,23.109804153442383
generation,1161,53.65000367164612,24.492782592773438,51.249998807907104,24.41269302368164
generation,1162,52.799999713897705,23.087934494018555,51.10999941825867,22.845096588134766
generation,1163,55.45000433921814,21.00775718688965,50.87000131607056,22.35774040222168
generation,1164,54.25000190734863,23.003372192382812,51.34999752044678,24.283756256103516
generation,1165,53.4000039100647,22.56387710571289,51.85999870300293,22.669952392578125
generation,1166,55.650001764297485,22.13585090637207,50.80000162124634,23.79486656188965
generation,1167,54.90000247955322,22.805408477783203,50.95999836921692,22.657058715820312
generation,1168,54.200005531311035,22.16864585876465,51.44000053405762,22.363109588623047
generation,1169,55.000001192092896,22.981916427612305,51.499998569488525,24.190961837768555
generation,1170,53.550004959106445,22.61124610900879,51.31999850273132,22.845966339111328
generation,1171,52.45000123977661,23.328338623046875,51.089996099472046,22.810392379760742
generation,1172,53.0500054359436,23.324676513671875,51.12000107765198,22.64299774169922
generation,1173,54.100000858306885,22.745370864868164,51.089996099472046,22.810392379760742
generation,1174,54.500001668930054,22.984601974487305,51.12000107765198,23.516307830810547
generation,1175,54.500001668930054,22.423192977905273,51.12000107765198,22.620546340942383
generation,1176,54.500001668930054,21.924301147460938,51.239997148513794,22.893844604492188
generation,1177,53.94999980926514,23.137279510498047,51.15000009536743,22.841552734375
generation,1178,55.30000329017639,22.651870727539062,51.60999894142151,23.03873062133789
generation,1179,54.350000619888306,21.751930236816406,51.21999979019165,22.308061599731445
generation,1180,55.50000071525574,21.78081703186035,51.41000151634216,23.286598205566406
generation,1181,56.2000036239624,20.03023910522461,50.90000033378601,22.641803741455078
generation,1182,55.30000329017639,22.97047996520996,51.579999923706055,23.484939575195312
generation,1183,53.800004720687866,22.799427032470703,51.12000107765198,22.841636657714844
generation,1184,54.05000448226929,22.89453887939453,51.5999972820282,22.956192016601562
generation,1185,54.750001430511475,22.376211166381836,51.51999592781067,22.863040924072266
generation,1186,53.850001096725464,24.451866149902344,51.190000772476196,24.143077850341797
generation,1187,55.09999990463257,23.577404022216797,51.44000053405762,24.074026107788086
generation,1188,54.6500027179718,21.930255889892578,51.34999752044678,23.55791473388672
generation,1189,54.00000214576721,23.448759078979492,51.3700008392334,23.765962600708008
generation,1190,54.450005292892456,23.05586051940918,51.60999894142151,22.932918548583984
generation,1191,56.35000467300415,23.074094772338867,51.19999647140503,24.847496032714844
generation,1192,55.85000514984131,21.396709442138672,50.8899986743927,23.595638275146484
generation,1193,56.15000128746033,22.339345932006836,51.980000734329224,23.51127815246582
generation,1194,53.65000367164612,23.6196346282959,51.31999850273132,23.399606704711914
generation,1195,56.10000491142273,22.486547470092773,51.590001583099365,23.057750701904297
generation,1196,54.500001668930054,22.649808883666992,51.91999673843384,23.836694717407227
generation,1197,54.05000448226929,23.117616653442383,51.489996910095215,23.096620559692383
generation,1198,53.150004148483276,24.293190002441406,51.489996910095215,23.096620559692383
generation,1199,54.15000319480896,23.005861282348633,51.5999972820282,23.213592529296875
generation,1200,54.05000448226929,22.30623435974121,51.159995794296265,23.02719497680664
generation,1201,55.05000352859497,22.577800750732422,51.19999647140503,23.035511016845703
generation,1202,54.00000214576721,22.831647872924805,51.51999592781067,22.802427291870117
generation,1203,52.45000123977661,22.724225997924805,52.00999975204468,22.677696228027344
generation,1204,55.250000953674316,23.032121658325195,51.089996099472046,23.114925384521484
generation,1205,54.85000014305115,21.842575073242188,51.559996604919434,22.999252319335938
generation,1206,54.750001430511475,23.881481170654297,51.70999765396118,23.832956314086914
generation,1207,53.1000018119812,22.923507690429688,51.85999870300293,22.268918991088867
generation,1208,54.30000424385071,25.347471237182617,50.87999701499939,24.020761489868164
generation,1209,54.40000295639038,22.137250900268555,51.3700008392334,23.5655517578125
generation,1210,54.6500027179718,22.52012825012207,51.27999782562256,23.178085327148438
generation,1211,53.450000286102295,22.34987449645996,51.829999685287476,21.81000328063965
generation,1212,53.65000367164612,22.332168579101562,51.23000144958496,22.741239547729492
generation,1213,54.05000448226929,22.637359619140625,51.63999795913696,22.5803279876709
generation,1214,53.150004148483276,23.284090042114258,51.63999795913696,22.5803279876709
generation,1215,54.30000424385071,22.983013153076172,51.660001277923584,23.188758850097656
generation,1216,53.35000157356262,22.71845817565918,50.65999627113342,22.74281883239746
generation,1217,54.350000619888306,24.246795654296875,50.839996337890625,23.525320053100586
generation,1218,55.34999966621399,21.229869842529297,51.590001583099365,22.218212127685547
generation,1219,54.15000319480896,22.51064682006836,51.84999704360962,22.575355529785156
generation,1220,55.250000953674316,21.938640594482422,51.62000060081482,22.759502410888672
generation,1221,54.70000505447388,22.16044807434082,51.15000009536743,23.414066314697266
generation,1222,54.55000400543213,21.784778594970703,51.35999917984009,22.23647689819336
generation,1223,55.250000953674316,20.842132568359375,51.419997215270996,22.424848556518555
generation,1224,55.34999966621399,22.14706802368164,52.069997787475586,22.509010314941406
generation,1225,53.50000262260437,23.41323471069336,51.559996604919434,22.350858688354492
generation,1226,54.60000038146973,22.52680778503418,51.9599974155426,22.643075942993164
generation,1227,56.300002336502075,21.8930606842041,51.02999806404114,23.318424224853516
generation,1228,56.2000036239624,21.020038604736328,51.71999931335449,23.036136627197266
generation,1229,54.70000505447388,22.485139846801758,51.99999809265137,22.706172943115234
generation,1230,54.55000400543213,22.145509719848633,51.45999789237976,22.326730728149414
generation,1231,55.55000305175781,21.06904411315918,51.27999782562256,21.918832778930664
generation,1232,55.80000281333923,21.067073822021484,51.829999685287476,22.468006134033203
generation,1233,55.000001192092896,22.61208724975586,51.809996366500854,22.774700164794922
generation,1234,56.00000023841858,21.023269653320312,51.34999752044678,22.638948440551758
generation,1235,55.60000538825989,22.466609954833984,50.11000037193298,22.904888153076172
generation,1236,54.9500048160553,22.874555587768555,51.51999592781067,23.234041213989258
generation,1237,55.250000953674316,22.7782039642334,51.53999924659729,23.01300048828125
generation,1238,54.25000190734863,24.25104331970215,51.3700008392334,23.001420974731445
generation,1239,55.55000305175781,22.327411651611328,50.83000063896179,23.67314910888672
generation,1240,54.55000400543213,22.349538803100586,50.95999836921692,23.324487686157227
generation,1241,55.85000514984131,21.871896743774414,51.889997720718384,22.622316360473633
generation,1242,55.34999966621399,23.101293563842773,51.67999863624573,23.3719539642334
generation,1243,54.40000295639038,22.333162307739258,51.190000772476196,22.503704071044922
generation,1244,56.700003147125244,20.872066497802734,52.219998836517334,21.893516540527344
generation,1245,56.45000338554382,21.49943733215332,52.00999975204468,23.26682472229004
generation,1246,53.65000367164612,22.029396057128906,52.219998836517334,21.893516540527344
generation,1247,55.45000433921814,21.892732620239258,51.02999806404114,22.538618087768555
generation,1248,55.250000953674316,21.27740478515625,51.35999917984009,22.513019561767578
generation,1249,55.05000352859497,22.40595245361328,51.569998264312744,23.17711639404297
generation,1250,55.400002002716064,21.00740623474121,51.33999586105347,23.08850860595703
generation,1251,54.60000038146973,22.397245407104492,51.239997148513794,22.835166931152344
generation,1252,55.05000352859497,21.696792602539062,51.44999623298645,22.391389846801758
generation,1253,54.60000038146973,22.56215476989746,51.089996099472046,23.70151710510254
generation,1254,55.05000352859497,22.660804748535156,51.77000164985657,22.700605392456055
generation,1255,55.80000281333923,22.016523361206055,51.34999752044678,23.436697006225586
generation,1256,54.80000376701355,22.062231063842773,51.169997453689575,23.67282485961914
generation,1257,55.55000305175781,21.678394317626953,50.56999921798706,22.71982765197754
generation,1258,53.550004959106445,23.559162139892578,51.330000162124634,22.150754928588867
generation,1259,55.75000047683716,21.231088638305664,51.66999697685242,22.1516170501709
generation,1260,54.25000190734863,22.406179428100586,50.999999046325684,22.525453567504883
generation,1261,56.550002098083496,22.123554229736328,51.21999979019165,23.45272445678711
generation,1262,54.60000038146973,22.00905418395996,51.71999931335449,21.97850799560547
generation,1263,56.25,20.726850509643555,51.71999931335449,21.97850799560547
generation,1264,56.25,22.626441955566406,51.20999813079834,24.255084991455078
generation,1265,53.800004720687866,23.435991287231445,51.84999704360962,22.772951126098633
generation,1266,55.20000457763672,21.775686264038086,51.26999616622925,22.31793975830078
generation,1267,55.900001525878906,20.87042236328125,51.60999894142151,22.41166114807129
generation,1268,57.95000195503235,20.828876495361328,51.21999979019165,22.976633071899414
generation,1269,54.6500027179718,22.895183563232422,52.05000042915344,22.693073272705078
generation,1270,54.40000295639038,23.41999053955078,51.260000467300415,22.86627197265625
generation,1271,56.300002336502075,22.77596664428711,51.819998025894165,23.273075103759766
generation,1272,55.150002241134644,23.828210830688477,51.179999113082886,23.70302391052246
generation,1273,54.00000214576721,25.443025588989258,51.35999917984009,24.09917449951172
generation,1274,54.6500027179718,23.65842628479004,51.5500009059906,24.245502471923828
generation,1275,54.30000424385071,22.05441665649414,51.60999894142151,22.839296340942383
generation,1276,53.94999980926514,23.293079376220703,51.85999870300293,22.552715301513672
generation,1277,55.05000352859497,22.58481216430664,51.809996366500854,22.099884033203125
generation,1278,55.05000352859497,22.28929901123047,50.97000002861023,23.211828231811523
generation,1279,56.15000128746033,22.34494400024414,51.559996604919434,22.612525939941406
generation,1280,54.05000448226929,24.038606643676758,52.09999680519104,22.74367904663086
generation,1281,56.10000491142273,21.36675262451172,51.37999653816223,22.71099853515625
generation,1282,54.80000376701355,22.484230041503906,51.559996604919434,23.191904067993164
generation,1283,54.70000505447388,21.553865432739258,51.499998569488525,22.717769622802734
generation,1284,56.35000467300415,22.445810317993164,50.98000168800354,23.641817092895508
generation,1285,54.30000424385071,21.82842254638672,51.96999907493591,22.728404998779297
generation,1286,56.35000467300415,22.145719528198242,51.089996099472046,23.0363826751709
generation,1287,57.25000500679016,20.803251266479492,51.179999113082886,22.81210708618164
generation,1288,54.100000858306885,23.390676498413086,51.51999592781067,23.241107940673828
generation,1289,55.250000953674316,22.237693786621094,51.02999806404114,22.88724708557129
generation,1290,54.9500048160553,21.754131317138672,51.330000162124634,22.62800407409668
generation,1291,55.85000514984131,21.783958435058594,51.02999806404114,22.88724708557129
generation,1292,54.55000400543213,22.69040298461914,51.12999677658081,23.387269973754883
generation,1293,55.45000433921814,22.41777801513672,51.91999673843384,23.603200912475586
generation,1294,55.000001192092896,21.771318435668945,51.41000151634216,22.441944122314453
generation,1295,53.800004720687866,23.591699600219727,51.20999813079834,22.867870330810547
generation,1296,55.45000433921814,22.937822341918945,51.28999948501587,22.61707305908203
generation,1297,53.450000286102295,22.91632652282715,51.39999985694885,22.56074333190918
generation,1298,55.20000457763672,21.312700271606445,51.9599974155426,22.41048812866211
generation,1299,54.25000190734863,22.69162368774414,51.63999795913696,22.626108169555664
generation,1300,56.90000057220459,22.622167587280273,51.63999795913696,23.648508071899414
generation,1301,56.050002574920654,22.428129196166992,50.66999793052673,24.021026611328125
generation,1302,55.95000386238098,21.918766021728516,52.31999754905701,22.01995277404785
generation,1303,52.70000100135803,22.618736267089844,52.31999754905701,22.01995277404785
generation,1304,54.450005292892456,22.198198318481445,51.26999616622925,23.22771453857422
generation,1305,56.050002574920654,20.870803833007812,51.96999907493591,22.562700271606445
generation,1306,55.55000305175781,21.708791732788086,51.96999907493591,22.562700271606445
generation,1307,55.20000457763672,22.23217010498047,51.70999765396118,22.775653839111328
generation,1308,55.000001192092896,21.07082176208496,52.16999650001526,21.994455337524414
generation,1309,54.500001668930054,22.209108352661133,51.169997453689575,22.930723190307617
generation,1310,54.450005292892456,22.27248191833496,51.31999850273132,22.511394500732422
generation,1311,55.60000538825989,22.254613876342773,51.510000228881836,23.03387451171875
generation,1312,54.55000400543213,22.14629364013672,52.23999619483948,21.990766525268555
generation,1313,55.150002241134644,21.25963020324707,51.829999685287476,22.317550659179688
generation,1314,55.150002241134644,22.533384323120117,51.44000053405762,23.756568908691406
generation,1315,55.95000386238098,21.95311164855957,51.5500009059906,22.53778839111328
generation,1316,56.75000548362732,21.74529457092285,51.52999758720398,22.679363250732422
generation,1317,55.50000071525574,22.634323120117188,51.7799973487854,22.98183822631836
generation,1318,55.80000281333923,23.62920379638672,51.75999999046326,23.222366333007812
generation,1319,56.40000104904175,22.900014877319336,51.63999795913696,23.444093704223633
generation,1320,54.80000376701355,21.324121475219727,51.64999961853027,22.482789993286133
generation,1321,54.55000400543213,23.692346572875977,51.739996671676636,23.552413940429688
generation,1322,55.000001192092896,22.4314022064209,51.70999765396118,22.38985824584961
generation,1323,56.45000338554382,21.76959228515625,51.87999606132507,22.94065284729004
generation,1324,55.250000953674316,21.404504776000977,51.05000138282776,22.581422805786133
generation,1325,55.150002241134644,21.92511749267578,51.92999839782715,22.762859344482422
generation,1326,55.55000305175781,21.967735290527344,51.87999606132507,22.863298416137695
generation,1327,56.75000548362732,21.314329147338867,51.92999839782715,22.762859344482422
generation,1328,56.15000128746033,20.901456832885742,51.510000228881836,21.957277297973633
generation,1329,54.55000400543213,23.704444885253906,51.739996671676636,23.441143035888672
generation,1330,54.85000014305115,22.30377960205078,52.20000147819519,22.463401794433594
generation,1331,54.6500027179718,22.63582992553711,52.459996938705444,22.191425323486328
generation,1332,56.85000419616699,21.603113174438477,51.30999684333801,23.16632080078125
generation,1333,56.050002574920654,23.058618545532227,52.32999920845032,22.94910430908203
generation,1334,55.80000281333923,21.651390075683594,51.60999894142151,22.939882278442383
generation,1335,56.00000023841858,22.890474319458008,51.26999616622925,23.08897590637207
generation,1336,55.50000071525574,21.496055603027344,52.309995889663696,22.73297119140625
generation,1337,55.70000410079956,21.33615493774414,51.70999765396118,22.47365379333496
generation,1338,56.300002336502075,21.32021713256836,51.419997215270996,22.84964370727539
generation,1339,56.80000185966492,20.455175399780273,51.28999948501587,22.68439292907715
generation,1340,54.70000505447388,24.562273025512695,51.39999985694885,23.961355209350586
generation,1341,55.45000433921814,22.345956802368164,51.5500009059906,22.890819549560547
generation,1342,55.80000281333923,23.05788803100586,51.20999813079834,23.2573299407959
generation,1343,55.250000953674316,21.49890899658203,51.91999673843384,22.415939331054688
generation,1344,55.20000457763672,23.717737197875977,51.66999697685242,23.599042892456055
generation,1345,55.900001525878906,21.694246292114258,51.80000066757202,23.067901611328125
generation,1346,55.650001764297485,21.598262786865234,51.63999795913696,21.872417449951172
generation,1347,54.85000014305115,21.794923782348633,52.03999876976013,21.901418685913086
generation,1348,56.300002336502075,19.984359741210938,51.889997720718384,21.938091278076172
generation,1349,54.6500027179718,21.773265838623047,51.84999704360962,22.24529266357422
generation,1350,56.050002574920654,22.278894424438477,51.39999985694885,22.866634368896484
generation,1351,54.750001430511475,21.217939376831055,52.09999680519104,22.305938720703125
generation,1352,56.050002574920654,22.478822708129883,51.499998569488525,22.62242889404297
generation,1353,56.300002336502075,21.287527084350586,52.00999975204468,22.450740814208984
generation,1354,56.49999976158142,21.38313865661621,52.23999619483948,22.425052642822266
generation,1355,56.050002574920654,21.811912536621094,52.38000154495239,23.203035354614258
generation,1356,55.150002241134644,20.59271812438965,51.60999894142151,22.035951614379883
generation,1357,56.2000036239624,21.958452224731445,51.84999704360962,22.243602752685547
generation,1358,53.90000343322754,21.479413986206055,51.80000066757202,22.530481338500977
generation,1359,55.95000386238098,21.06220245361328,52.160000801086426,22.395376205444336
generation,1360,58.75000357627869,20.04526138305664,52.32999920845032,21.915552139282227
generation,1361,54.450005292892456,22.588857650756836,51.91999673843384,22.542896270751953
generation,1362,55.30000329017639,20.059261322021484,51.559996604919434,22.51681137084961
generation,1363,54.80000376701355,23.254743576049805,51.94999575614929,22.753461837768555
generation,1364,56.2000036239624,21.027917861938477,51.559996604919434,21.810684204101562
generation,1365,56.45000338554382,22.82156753540039,51.5999972820282,23.8923397064209
generation,1366,54.60000038146973,21.53329849243164,51.64999961853027,22.12052345275879
generation,1367,55.400002002716064,20.406583786010742,51.62999629974365,21.825868606567383
generation,1368,56.550002098083496,21.796192169189453,51.31999850273132,22.826091766357422
generation,1369,55.80000281333923,21.534587860107422,52.34000086784363,22.01412582397461
generation,1370,55.45000433921814,22.970510482788086,52.52000093460083,23.02876853942871
generation,1371,55.45000433921814,23.099864959716797,51.62999629974365,23.079811096191406
generation,1372,56.35000467300415,21.702987670898438,51.51999592781067,22.6613712310791
generation,1373,54.750001430511475,23.804580688476562,51.62999629974365,23.7672119140625
generation,1374,55.900001525878906,22.466651916503906,51.899999380111694,22.610580444335938
generation,1375,55.60000538825989,22.480560302734375,52.10999846458435,22.07850456237793
generation,1376,55.75000047683716,22.687231063842773,52.05000042915344,22.779834747314453
generation,1377,54.90000247955322,22.182838439941406,52.99999713897705,22.085105895996094
generation,1378,56.35000467300415,21.21123695373535,51.38999819755554,23.126686096191406
generation,1379,55.09999990463257,22.03572654724121,51.62000060081482,22.15947723388672
generation,1380,54.500001668930054,20.735965728759766,51.71999931335449,21.92338752746582
generation,1381,56.75000548362732,19.659683227539062,52.59999632835388,21.522092819213867
generation,1382,53.700000047683716,22.517221450805664,52.45000123977661,21.816261291503906
generation,1383,54.85000014305115,21.57965087890625,51.51999592781067,22.291501998901367
generation,1384,54.6500027179718,22.574281692504883,51.69000029563904,23.000947952270508
generation,1385,56.10000491142273,20.769119262695312,51.51999592781067,21.95830535888672
generation,1386,55.70000410079956,20.296812057495117,51.51999592781067,21.95830535888672
generation,1387,56.90000057220459,21.361572265625,51.44000053405762,23.22801399230957
generation,1388,56.40000104904175,21.50913429260254,52.23999619483948,22.520648956298828
generation,1389,56.550002098083496,20.796913146972656,52.34000086784363,22.086700439453125
generation,1390,55.50000071525574,22.029104232788086,51.45999789237976,23.02405548095703
generation,1391,56.550002098083496,20.878002166748047,52.05000042915344,22.162391662597656
generation,1392,55.50000071525574,20.90521240234375,52.23999619483948,21.74094009399414
generation,1393,53.850001096725464,22.352670669555664,52.230000495910645,22.59193992614746
generation,1394,57.15000033378601,20.919677734375,52.03999876976013,22.224451065063477
generation,1395,56.550002098083496,20.294662475585938,52.4399995803833,21.519824981689453
generation,1396,55.34999966621399,22.101863861083984,52.60999798774719,22.574724197387695
generation,1397,56.00000023841858,21.637327194213867,52.24999785423279,22.42832374572754
generation,1398,56.10000491142273,23.103275299072266,51.75999999046326,22.69454002380371
generation,1399,57.05000162124634,20.783306121826172,52.539998292922974,22.48984146118164
generation,1400,56.550002098083496,22.265756607055664,52.99999713897705,22.31749153137207
generation,1401,57.750004529953,20.617130279541016,51.899999380111694,21.973325729370117
generation,1402,55.50000071525574,21.56407356262207,51.85999870300293,22.19002914428711
generation,1403,55.30000329017639,21.99585723876953,51.66999697685242,22.549457550048828
generation,1404,57.25000500679016,21.05760383605957,51.94000005722046,23.054384231567383
generation,1405,55.70000410079956,20.56523895263672,52.129995822906494,22.327999114990234
generation,1406,55.650001764297485,22.047637939453125,52.36999988555908,22.05908203125
generation,1407,54.750001430511475,23.506664276123047,52.230000495910645,22.224153518676758
generation,1408,57.25000500679016,21.967187881469727,52.12000012397766,23.322206497192383
generation,1409,56.2000036239624,21.57774543762207,52.52999663352966,22.743791580200195
generation,1410,54.80000376701355,22.271718978881836,52.56999731063843,22.08330535888672
generation,1411,54.80000376701355,23.527297973632812,52.05000042915344,22.310497283935547
generation,1412,55.20000457763672,22.175153732299805,51.98999643325806,21.826011657714844
generation,1413,56.10000491142273,21.58567237854004,51.60999894142151,22.38137435913086
generation,1414,54.500001668930054,22.24972152709961,52.66000032424927,22.186344146728516
generation,1415,55.85000514984131,20.903152465820312,52.31999754905701,21.394380569458008
generation,1416,56.90000057220459,21.854516983032227,51.35999917984009,22.580825805664062
generation,1417,53.75000238418579,23.530452728271484,52.4399995803833,22.528791427612305
generation,1418,55.34999966621399,21.754467010498047,52.219998836517334,22.32475471496582
generation,1419,54.90000247955322,21.774599075317383,52.219998836517334,21.82810401916504
generation,1420,57.10000395774841,22.056673049926758,52.24999785423279,22.792160034179688
generation,1421,56.300002336502075,21.980741500854492,52.389997243881226,21.904525756835938
generation,1422,54.85000014305115,21.645313262939453,52.30000019073486,21.890729904174805
generation,1423,54.6500027179718,22.512948989868164,52.149999141693115,22.915882110595703
generation,1424,55.05000352859497,21.44223976135254,52.49999761581421,22.01861000061035
generation,1425,55.75000047683716,21.565521240234375,52.41999626159668,22.044113159179688
generation,1426,56.60000443458557,20.317697525024414,52.41999626159668,22.062929153442383
generation,1427,55.250000953674316,22.33310890197754,52.230000495910645,22.07150650024414
generation,1428,55.50000071525574,21.284137725830078,52.309995889663696,22.26408576965332
generation,1429,56.65000081062317,20.313100814819336,52.89999842643738,21.30892562866211
generation,1430,55.80000281333923,21.659767150878906,52.52000093460083,21.935070037841797
generation,1431,57.850003242492676,19.75545310974121,52.52000093460083,22.115568161010742
generation,1432,55.55000305175781,21.63194465637207,52.36999988555908,22.432315826416016
generation,1433,56.300002336502075,21.283082962036133,52.05000042915344,21.269453048706055
generation,1434,56.550002098083496,21.131698608398438,52.17999815940857,22.2163143157959
generation,1435,56.050002574920654,20.704870223999023,52.36999988555908,21.356239318847656
generation,1436,56.050002574920654,21.06963539123535,52.219998836517334,22.65802574157715
generation,1437,56.050002574920654,20.846853256225586,52.8499960899353,21.544065475463867
generation,1438,55.45000433921814,23.095176696777344,52.99999713897705,22.210458755493164
generation,1439,53.60000133514404,23.87351417541504,52.09000110626221,22.74593734741211
generation,1440,56.75000548362732,22.04746437072754,52.09000110626221,22.74593734741211
generation,1441,55.95000386238098,21.678897857666016,53.029996156692505,22.131011962890625
generation,1442,55.900001525878906,22.342180252075195,52.77000069618225,22.881879806518555
generation,1443,57.10000395774841,21.66995620727539,52.27000117301941,22.796802520751953
generation,1444,56.550002098083496,21.955039978027344,52.389997243881226,21.946121215820312
generation,1445,57.05000162124634,22.099353790283203,52.17999815940857,22.861989974975586
generation,1446,56.700003147125244,21.580097198486328,51.569998264312744,22.202974319458008
generation,1447,57.00000524520874,20.590213775634766,52.93999910354614,22.17641830444336
generation,1448,55.400002002716064,23.117210388183594,52.399998903274536,22.37201499938965
generation,1449,56.00000023841858,21.129405975341797,52.05000042915344,21.992956161499023
generation,1450,55.34999966621399,22.425703048706055,52.02000141143799,22.583288192749023
generation,1451,55.650001764297485,20.69916343688965,52.27000117301941,22.132587432861328
generation,1452,55.400002002716064,22.227005004882812,52.85999774932861,22.0718936920166
generation,1453,57.25000500679016,20.582090377807617,52.389997243881226,22.46889305114746
generation,1454,55.75000047683716,21.084775924682617,52.09999680519104,21.65438461303711
generation,1455,54.25000190734863,21.520126342773438,52.42999792098999,21.6088924407959
generation,1456,55.20000457763672,22.322349548339844,52.10999846458435,22.632116317749023
generation,1457,57.45000243186951,20.155654907226562,52.57999897003174,21.987382888793945
generation,1458,56.700003147125244,21.278461456298828,51.889997720718384,22.69525718688965
generation,1459,56.00000023841858,21.39904022216797,52.16999650001526,22.08599281311035
generation,1460,56.050002574920654,22.079008102416992,52.41999626159668,22.47472381591797
generation,1461,53.94999980926514,23.312084197998047,52.36999988555908,21.915042877197266
generation,1462,55.000001192092896,22.043169021606445,52.00999975204468,21.992801666259766
generation,1463,57.200002670288086,20.83733558654785,52.389997243881226,22.946420669555664
generation,1464,55.80000281333923,21.63321304321289,52.36999988555908,21.95045280456543
generation,1465,55.70000410079956,22.227251052856445,52.149999141693115,22.38178825378418
generation,1466,56.85000419616699,21.208112716674805,52.17999815940857,22.952207565307617
generation,1467,55.400002002716064,21.46524429321289,52.49999761581421,21.49481773376465
generation,1468,55.09999990463257,20.958553314208984,52.91999578475952,21.473888397216797
generation,1469,55.34999966621399,20.896507263183594,52.18999981880188,21.573633193969727
generation,1470,55.20000457763672,21.344369888305664,52.56999731063843,21.93260955810547
generation,1471,56.35000467300415,21.842235565185547,52.49999761581421,22.600034713745117
generation,1472,56.60000443458557,20.888090133666992,52.36999988555908,21.962322235107422
generation,1473,56.80000185966492,20.490144729614258,52.82999873161316,21.895767211914062
generation,1474,56.950002908706665,21.424650192260742,52.82999873161316,21.895767211914062
generation,1475,54.55000400543213,23.25269889831543,52.31999754905701,23.091907501220703
generation,1476,55.50000071525574,22.564565658569336,52.16999650001526,22.02704620361328
generation,1477,57.10000395774841,21.624814987182617,52.6199996471405,21.963855743408203
generation,1478,55.250000953674316,23.040475845336914,52.20999717712402,21.231063842773438
generation,1479,55.50000071525574,21.372705459594727,52.57999897003174,22.058401107788086
generation,1480,55.650001764297485,22.404157638549805,52.91999578475952,22.599355697631836
generation,1481,55.75000047683716,21.603836059570312,52.20000147819519,22.669031143188477
generation,1482,55.85000514984131,22.728673934936523,52.81999707221985,21.93266487121582
generation,1483,56.35000467300415,20.24942398071289,52.99999713897705,22.058818817138672
generation,1484,56.15000128746033,21.762298583984375,52.34999656677246,22.118438720703125
generation,1485,56.00000023841858,21.873464584350586,52.709996700286865,21.94738006591797
generation,1486,56.300002336502075,20.90337371826172,52.31999754905701,22.44784927368164
generation,1487,55.85000514984131,22.026840209960938,52.35999822616577,22.021081924438477
generation,1488,56.300002336502075,21.675060272216797,52.68999934196472,22.256940841674805
generation,1489,55.45000433921814,20.180330276489258,51.87999606132507,21.31768226623535
generation,1490,55.250000953674316,21.61781120300293,52.77000069618225,21.268863677978516
generation,1491,57.15000033378601,20.671539306640625,52.230000495910645,22.008533477783203
generation,1492,55.900001525878906,21.447782516479492,52.469998598098755,22.033172607421875
generation,1493,55.70000410079956,21.63670539855957,52.480000257492065,21.937114715576172
generation,1494,56.10000491142273,21.354286193847656,52.36999988555908,21.31891632080078
generation,1495,58.1000030040741,20.158960342407227,52.20999717712402,21.494876861572266
generation,1496,56.40000104904175,21.27112579345703,52.88999676704407,21.193004608154297
generation,1497,56.10000491142273,21.55339813232422,52.60999798774719,22.497913360595703
generation,1498,56.85000419616699,21.022682189941406,52.17999815940857,22.20865249633789
generation,1499,55.650001764297485,22.068498611450195,52.18999981880188,22.107872009277344
generation,1500,55.50000071525574,21.35318946838379,52.36999988555908,21.978506088256836
generation,1501,56.00000023841858,19.87814712524414,52.02000141143799,21.212038040161133
generation,1502,56.85000419616699,22.564970016479492,52.4399995803833,22.967449188232422
generation,1503,56.90000057220459,20.81474494934082,52.57999897003174,21.5819149017334
generation,1504,56.35000467300415,21.624446868896484,52.91000008583069,21.428730010986328
generation,1505,56.65000081062317,20.28884506225586,53.33999991416931,21.542341232299805
generation,1506,57.70000219345093,20.397390365600586,52.57999897003174,22.099681854248047
generation,1507,57.00000524520874,21.148487091064453,53.06000113487244,21.135244369506836
generation,1508,57.850003242492676,19.462757110595703,53.029996156692505,21.217927932739258
generation,1509,54.350000619888306,22.257089614868164,52.34999656677246,21.804000854492188
generation,1510,56.2000036239624,22.889455795288086,52.469998598098755,22.19820785522461
generation,1511,55.95000386238098,22.561681747436523,52.069997787475586,22.47768211364746
generation,1512,57.05000162124634,21.092771530151367,52.8499960899353,21.698963165283203
generation,1513,56.15000128746033,20.06588363647461,52.02000141143799,21.831663131713867
generation,1514,55.650001764297485,21.79839515686035,52.20999717712402,22.42496109008789
generation,1515,56.60000443458557,20.809459686279297,52.35999822616577,21.883258819580078
generation,1516,55.70000410079956,21.84139633178711,52.74999737739563,21.88297462463379
generation,1517,55.45000433921814,21.623273849487305,51.96999907493591,22.470197677612305
generation,1518,56.45000338554382,20.749629974365234,52.64999866485596,21.877822875976562
generation,1519,55.55000305175781,21.912904739379883,52.42999792098999,22.44591522216797
generation,1520,55.45000433921814,22.75600242614746,52.75999903678894,22.040973663330078
generation,1521,56.300002336502075,21.73693084716797,52.35999822616577,22.23380470275879
generation,1522,56.35000467300415,20.269798278808594,53.02000045776367,21.53791618347168
generation,1523,56.49999976158142,20.31746482849121,53.039997816085815,21.424867630004883
generation,1524,56.45000338554382,20.79418182373047,52.32999920845032,21.280981063842773
generation,1525,56.85000419616699,19.91586685180664,52.27000117301941,21.491241455078125
generation,1526,54.200005531311035,21.205068588256836,52.6699960231781,21.618471145629883
generation,1527,57.15000033378601,20.543983459472656,53.42000126838684,21.552839279174805
generation,1528,57.45000243186951,19.863033294677734,52.30000019073486,21.62757110595703
generation,1529,56.60000443458557,20.383607864379883,52.27000117301941,21.612619400024414
generation,1530,56.80000185966492,20.895559310913086,52.88999676704407,21.896507263183594
generation,1531,56.90000057220459,21.01905632019043,51.91999673843384,22.586374282836914
generation,1532,57.850003242492676,20.398178100585938,52.799999713897705,21.746063232421875
generation,1533,56.00000023841858,21.682769775390625,52.35999822616577,21.632116317749023
generation,1534,55.75000047683716,21.70694923400879,52.34000086784363,22.55276107788086
generation,1535,55.95000386238098,21.52220916748047,52.63999700546265,21.435991287231445
generation,1536,57.850003242492676,19.95955467224121,52.709996700286865,21.77642250061035
generation,1537,57.50000476837158,20.905794143676758,52.70000100135803,22.079137802124023
generation,1538,54.80000376701355,22.478199005126953,52.56999731063843,21.625131607055664
generation,1539,56.49999976158142,19.905227661132812,52.709996700286865,22.099571228027344
generation,1540,56.950002908706665,20.788169860839844,52.57999897003174,22.296127319335938
generation,1541,57.10000395774841,20.684558868408203,52.02999711036682,21.86689567565918
generation,1542,56.550002098083496,20.250396728515625,52.95000076293945,22.049463272094727
generation,1543,56.25,20.599544525146484,52.810001373291016,21.57759666442871
generation,1544,55.85000514984131,21.260334014892578,52.74999737739563,21.319887161254883
generation,1545,56.950002908706665,21.283552169799805,52.59999632835388,21.970462799072266
generation,1546,56.75000548362732,20.225234985351562,53.27000021934509,21.34535026550293
generation,1547,57.850003242492676,20.459226608276367,52.539998292922974,22.217849731445312
generation,1548,54.90000247955322,21.24688720703125,52.59999632835388,21.66348648071289
generation,1549,56.050002574920654,21.032766342163086,53.02000045776367,21.592647552490234
generation,1550,57.45000243186951,21.914321899414062,53.049999475479126,22.375295639038086
generation,1551,55.09999990463257,21.23508644104004,52.85999774932861,20.865135192871094
generation,1552,57.95000195503235,20.934043884277344,52.68999934196472,22.472375869750977
generation,1553,56.2000036239624,21.003721237182617,52.52999663352966,21.101587295532227
generation,1554,57.40000009536743,19.366724014282227,52.91000008583069,21.197301864624023
generation,1555,56.00000023841858,20.973241806030273,52.880001068115234,21.371482849121094
generation,1556,58.45000147819519,20.428403854370117,52.31999754905701,22.113311767578125
generation,1557,56.15000128746033,19.59636116027832,52.810001373291016,20.970170974731445
generation,1558,56.45000338554382,20.734220504760742,52.89999842643738,21.772933959960938
generation,1559,55.70000410079956,20.59136390686035,52.779996395111084,21.34566307067871
generation,1560,56.15000128746033,21.260225296020508,52.799999713897705,21.0382022857666
generation,1561,57.50000476837158,21.152727127075195,52.35999822616577,21.082468032836914
generation,1562,57.50000476837158,19.991458892822266,52.73999571800232,21.361955642700195
generation,1563,56.40000104904175,21.77414894104004,52.789998054504395,22.11057472229004
generation,1564,57.45000243186951,19.967844009399414,53.17000150680542,20.89417266845703
generation,1565,57.750004529953,21.50774574279785,52.31999754905701,21.938343048095703
generation,1566,56.80000185966492,20.09404945373535,51.840001344680786,21.269756317138672
generation,1567,56.050002574920654,20.883283615112305,53.13999652862549,21.26580238342285
generation,1568,56.85000419616699,21.93909454345703,52.6199996471405,21.80681800842285
generation,1569,56.10000491142273,21.108577728271484,53.49999666213989,21.077693939208984
generation,1570,57.90000557899475,19.671415328979492,53.58999967575073,21.4954891204834
generation,1571,55.80000281333923,21.493824005126953,53.49999666213989,21.077693939208984
generation,1572,56.45000338554382,19.873558044433594,52.89999842643738,21.47353744506836
generation,1573,56.35000467300415,20.912248611450195,53.42000126838684,21.290029525756836
generation,1574,56.950002908706665,20.65008544921875,52.389997243881226,21.765335083007812
generation,1575,58.45000147819519,20.455617904663086,53.09000015258789,21.708908081054688
generation,1576,57.00000524520874,19.756317138671875,53.029996156692505,20.919010162353516
generation,1577,58.500003814697266,18.882286071777344,52.59000062942505,20.680374145507812
generation,1578,55.50000071525574,21.224430084228516,52.74999737739563,21.47960090637207
generation,1579,56.75000548362732,20.747020721435547,53.359997272491455,20.856420516967773
generation,1580,57.600003480911255,21.156755447387695,52.27999687194824,22.31015396118164
generation,1581,55.900001525878906,21.618196487426758,52.799999713897705,21.746854782104492
generation,1582,56.45000338554382,20.122217178344727,52.63999700546265,21.222301483154297
generation,1583,54.85000014305115,22.422521591186523,52.49999761581421,21.120254516601562
generation,1584,56.10000491142273,20.896106719970703,52.59000062942505,22.035072326660156
generation,1585,56.050002574920654,19.995071411132812,52.77000069618225,20.826902389526367
generation,1586,54.90000247955322,21.585224151611328,53.029996156692505,21.20319938659668
generation,1587,57.40000009536743,20.819412231445312,53.22999954223633,21.279388427734375
generation,1588,56.950002908706665,21.004470825195312,52.77000069618225,21.70612907409668
generation,1589,58.55000019073486,20.930208206176758,53.21999788284302,22.267539978027344
generation,1590,54.85000014305115,22.50569725036621,53.109997510910034,21.15549659729004
generation,1591,56.550002098083496,20.167943954467773,52.66000032424927,21.826759338378906
generation,1592,57.70000219345093,18.852272033691406,52.50999927520752,21.016603469848633
generation,1593,56.300002336502075,20.298479080200195,52.6699960231781,20.754711151123047
generation,1594,56.15000128746033,21.232423782348633,53.06000113487244,21.45039939880371
generation,1595,57.30000138282776,19.440067291259766,53.00999879837036,20.8594913482666
generation,1596,56.60000443458557,20.637117385864258,52.560001611709595,21.558574676513672
generation,1597,56.90000057220459,21.359731674194336,52.66000032424927,21.4339542388916
generation,1598,57.10000395774841,20.320024490356445,52.89999842643738,20.59568214416504
generation,1599,57.95000195503235,20.511354446411133,53.72999906539917,21.62771987915039
generation,1600,57.70000219345093,19.30181312561035,53.130000829696655,21.316991806030273
generation,1601,56.950002908706665,20.319393157958984,53.33999991416931,20.24688720703125
generation,1602,56.49999976158142,20.711063385009766,53.65999937057495,21.359907150268555
generation,1603,55.400002002716064,20.19231605529785,53.00999879837036,20.931203842163086
generation,1604,57.10000395774841,21.814966201782227,52.869999408721924,22.03126335144043
generation,1605,55.75000047683716,20.888347625732422,53.31000089645386,21.31913185119629
generation,1606,57.00000524520874,20.615339279174805,52.99999713897705,22.14361000061035
generation,1607,56.60000443458557,20.916152954101562,52.560001611709595,22.11556625366211
generation,1608,55.250000953674316,21.626789093017578,52.57999897003174,21.466026306152344
generation,1609,57.40000009536743,19.465599060058594,52.88999676704407,20.735624313354492
generation,1610,57.8000009059906,19.47015380859375,52.959996461868286,21.175121307373047
generation,1611,54.15000319480896,21.651865005493164,52.09000110626221,21.66368293762207
generation,1612,55.70000410079956,21.47914695739746,53.27000021934509,20.977434158325195
generation,1613,55.000001192092896,22.24795150756836,53.109997510910034,21.356281280517578
generation,1614,57.70000219345093,20.771377563476562,52.91999578475952,21.253244400024414
generation,1615,56.550002098083496,21.080774307250977,52.77000069618225,21.24519157409668
generation,1616,56.45000338554382,21.220510482788086,52.93999910354614,21.465131759643555
generation,1617,55.80000281333923,21.097076416015625,53.119999170303345,21.948192596435547
generation,1618,57.30000138282776,21.485044479370117,52.12000012397766,22.575260162353516
generation,1619,56.80000185966492,20.949796676635742,53.00999879837036,21.592187881469727
generation,1620,57.600003480911255,20.243276596069336,53.33999991416931,21.06431770324707
generation,1621,55.250000953674316,22.77589225769043,53.02000045776367,21.773822784423828
generation,1622,57.350003719329834,19.847023010253906,53.450000286102295,20.473403930664062
generation,1623,56.85000419616699,21.340476989746094,52.84000039100647,21.590410232543945
generation,1624,56.80000185966492,21.52440071105957,52.469998598098755,21.817134857177734
generation,1625,57.05000162124634,19.44704246520996,53.61999869346619,21.034757614135742
generation,1626,57.40000009536743,20.223608016967773,52.709996700286865,21.706159591674805
generation,1627,55.95000386238098,21.962299346923828,52.68999934196472,21.54312515258789
generation,1628,59.550005197525024,19.351844787597656,52.8499960899353,21.26763343811035
generation,1629,57.850003242492676,19.683509826660156,52.469998598098755,20.7961483001709
generation,1630,57.850003242492676,19.808366775512695,52.68999934196472,21.54312515258789
generation,1631,56.49999976158142,19.976917266845703,53.31999659538269,21.899765014648438
generation,1632,57.90000557899475,20.131105422973633,53.58999967575073,21.26002311706543
generation,1633,56.00000023841858,20.572397232055664,54.030001163482666,20.721439361572266
generation,1634,58.1000030040741,20.188495635986328,52.560001611709595,21.023775100708008
generation,1635,55.60000538825989,21.154483795166016,54.030001163482666,20.721439361572266
generation,1636,57.350003719329834,20.54034423828125,53.519999980926514,20.63078498840332
generation,1637,58.1000030040741,19.03227996826172,52.480000257492065,21.360942840576172
generation,1638,56.15000128746033,20.008535385131836,53.02000045776367,21.011940002441406
generation,1639,58.650004863739014,19.482145309448242,52.810001373291016,21.01034927368164
generation,1640,56.10000491142273,20.885299682617188,53.31999659538269,21.390533447265625
generation,1641,56.700003147125244,19.58425521850586,52.66000032424927,20.735820770263672
generation,1642,58.45000147819519,20.26791763305664,53.109997510910034,21.124032974243164
generation,1643,55.45000433921814,21.428800582885742,52.82999873161316,22.080190658569336
generation,1644,56.15000128746033,20.47405242919922,52.63999700546265,20.594881057739258
generation,1645,57.25000500679016,20.25163459777832,52.82999873161316,21.19671058654785
generation,1646,59.20000076293945,19.64458465576172,53.74000072479248,21.389999389648438
generation,1647,55.50000071525574,21.583919525146484,53.38999629020691,21.825645446777344
generation,1648,57.10000395774841,19.70965003967285,53.06000113487244,20.987668991088867
generation,1649,56.550002098083496,19.897735595703125,53.279995918273926,20.970279693603516
generation,1650,55.70000410079956,19.899568557739258,52.869999408721924,20.820905685424805
generation,1651,56.90000057220459,21.196186065673828,52.30000019073486,21.900840759277344
generation,1652,56.65000081062317,20.824968338012695,52.85999774932861,20.35816192626953
generation,1653,58.70000123977661,19.57740020751953,52.23999619483948,21.92898941040039
generation,1654,57.600003480911255,19.65001678466797,53.49999666213989,20.704364776611328
generation,1655,58.15000534057617,18.804040908813477,52.719998359680176,20.997859954833984
generation,1656,57.95000195503235,20.092924118041992,53.18999886512756,21.283327102661133
generation,1657,56.300002336502075,21.216337203979492,52.84000039100647,21.13697052001953
generation,1658,56.700003147125244,21.96708869934082,53.780001401901245,21.559955596923828
generation,1659,57.200002670288086,20.906681060791016,53.45999598503113,21.426525115966797
generation,1660,57.200002670288086,19.999683380126953,53.58999967575073,21.177297592163086
generation,1661,57.850003242492676,21.53463363647461,53.200000524520874,21.62854766845703
generation,1662,57.45000243186951,19.939416885375977,53.329998254776,20.600404739379883
generation,1663,56.700003147125244,20.203702926635742,53.06999683380127,20.310256958007812
generation,1664,55.95000386238098,21.784534454345703,53.18999886512756,21.66207504272461
generation,1665,56.10000491142273,21.674036026000977,53.24000120162964,20.978984832763672
generation,1666,56.40000104904175,21.218276977539062,52.789998054504395,21.17863655090332
generation,1667,57.64999985694885,19.603946685791016,53.279995918273926,21.28695297241211
generation,1668,57.10000395774841,21.100997924804688,52.84000039100647,21.384328842163086
generation,1669,56.49999976158142,20.76825523376465,53.279995918273926,20.46140480041504
generation,1670,56.700003147125244,22.258487701416016,53.24000120162964,21.786083221435547
generation,1671,57.90000557899475,20.506139755249023,53.119999170303345,21.781164169311523
generation,1672,55.70000410079956,22.959129333496094,53.109997510910034,21.51072120666504
generation,1673,57.45000243186951,19.754907608032227,52.95000076293945,21.588239669799805
generation,1674,57.25000500679016,20.447246551513672,52.88999676704407,21.339710235595703
generation,1675,57.70000219345093,20.390518188476562,52.880001068115234,20.920751571655273
generation,1676,56.25,22.194429397583008,52.959996461868286,21.534025192260742
generation,1677,57.850003242492676,20.178319931030273,53.58999967575073,20.493955612182617
generation,1678,57.850003242492676,20.293785095214844,53.00999879837036,21.245397567749023
generation,1679,57.45000243186951,19.659412384033203,53.71999740600586,20.049152374267578
generation,1680,57.10000395774841,19.96482276916504,53.22999954223633,20.89710807800293
generation,1681,55.70000410079956,20.873249053955078,53.40999960899353,20.706905364990234
generation,1682,56.35000467300415,20.35319709777832,53.06999683380127,21.34187889099121
generation,1683,56.15000128746033,19.974096298217773,53.70999574661255,21.057594299316406
generation,1684,58.40000510215759,19.0634765625,53.35000157356262,20.24869155883789
generation,1685,55.900001525878906,21.109363555908203,53.15999984741211,21.604106903076172
generation,1686,57.25000500679016,21.096019744873047,53.82999777793884,21.702394485473633
generation,1687,58.650004863739014,18.861433029174805,53.450000286102295,20.920061111450195
generation,1688,57.350003719329834,20.618989944458008,53.38999629020691,21.1964054107666
generation,1689,58.85000228881836,20.414791107177734,52.84000039100647,22.00636863708496
generation,1690,57.600003480911255,20.613155364990234,53.17999720573425,20.663536071777344
generation,1691,56.050002574920654,21.27463722229004,53.049999475479126,21.113637924194336
generation,1692,56.60000443458557,21.465879440307617,53.53999733924866,20.969680786132812
generation,1693,59.60000157356262,19.54489517211914,53.74000072479248,21.174610137939453
generation,1694,56.300002336502075,20.462846755981445,53.33999991416931,20.887928009033203
generation,1695,57.850003242492676,20.398588180541992,53.279995918273926,21.368722915649414
generation,1696,56.49999976158142,20.95099639892578,53.679996728897095,21.50881576538086
generation,1697,57.70000219345093,18.678163528442383,52.91000008583069,20.29937171936035
generation,1698,55.60000538825989,22.66048812866211,52.38000154495239,22.59178352355957
generation,1699,57.50000476837158,19.927045822143555,53.00999879837036,21.504419326782227
generation,1700,56.35000467300415,19.77804183959961,53.46999764442444,20.452056884765625
generation,1701,55.60000538825989,20.782506942749023,53.029996156692505,20.77194595336914
generation,1702,57.00000524520874,19.907257080078125,53.200000524520874,20.77263641357422
generation,1703,57.750004529953,19.123348236083984,53.17999720573425,20.639358520507812
generation,1704,55.55000305175781,21.121623992919922,53.119999170303345,20.955142974853516
generation,1705,56.050002574920654,20.870601654052734,52.789998054504395,21.338153839111328
generation,1706,57.90000557899475,19.61431121826172,53.61999869346619,20.513635635375977
generation,1707,57.05000162124634,20.678110122680664,53.279995918273926,20.77758026123047
generation,1708,57.64999985694885,19.906267166137695,52.77000069618225,21.525463104248047
generation,1709,56.45000338554382,19.92743682861328,53.53999733924866,20.232412338256836
generation,1710,55.650001764297485,21.238910675048828,53.42000126838684,20.597427368164062
generation,1711,58.20000171661377,18.776973724365234,53.53999733924866,20.232412338256836
generation,1712,55.75000047683716,20.943714141845703,53.279995918273926,20.981311798095703
generation,1713,58.95000100135803,18.80525016784668,52.99999713897705,20.97149658203125
generation,1714,55.80000281333923,21.227703094482422,52.91000008583069,20.637985229492188
generation,1715,58.75000357627869,19.778167724609375,53.29999923706055,21.04290771484375
generation,1716,58.05000066757202,21.068614959716797,53.15999984741211,20.912294387817383
generation,1717,56.80000185966492,20.409215927124023,52.68999934196472,20.747037887573242
generation,1718,56.050002574920654,21.207731246948242,53.17000150680542,21.14980697631836
generation,1719,58.20000171661377,19.118059158325195,53.609997034072876,20.97600555419922
generation,1720,56.60000443458557,21.04354476928711,53.49000096321106,20.311349868774414
generation,1721,57.10000395774841,20.339393615722656,53.1499981880188,20.775070190429688
generation,1722,57.350003719329834,19.233413696289062,53.450000286102295,20.7878475189209
generation,1723,58.95000100135803,18.501792907714844,53.18999886512756,20.348731994628906
generation,1724,56.40000104904175,20.11761474609375,53.35000157356262,20.50054359436035
generation,1725,56.550002098083496,19.444868087768555,53.88000011444092,20.367305755615234
generation,1726,57.25000500679016,20.150190353393555,53.46999764442444,20.89544677734375
generation,1727,57.90000557899475,19.785703659057617,53.46999764442444,20.89544677734375
generation,1728,57.600003480911255,19.74602508544922,53.54999899864197,20.224090576171875
generation,1729,58.20000171661377,18.648235321044922,53.39999794960022,20.02424430847168
generation,1730,57.25000500679016,19.8463077545166,53.049999475479126,20.806060791015625
generation,1731,57.90000557899475,19.903358459472656,53.429996967315674,21.52224349975586
generation,1732,57.8000009059906,19.482763290405273,52.63999700546265,20.800649642944336
generation,1733,57.64999985694885,19.734230041503906,53.38999629020691,20.884050369262695
generation,1734,58.1000030040741,19.523513793945312,53.8100004196167,20.383033752441406
generation,1735,57.05000162124634,20.17990493774414,53.09000015258789,20.784910202026367
generation,1736,57.00000524520874,20.241315841674805,53.07999849319458,20.750244140625
generation,1737,57.00000524520874,19.869918823242188,53.359997272491455,20.645814895629883
generation,1738,56.25,21.35521697998047,53.06999683380127,20.92291831970215
generation,1739,58.15000534057617,19.874507904052734,53.00999879837036,21.934669494628906
generation,1740,58.05000066757202,20.62696647644043,52.549999952316284,22.398855209350586
generation,1741,56.85000419616699,20.847312927246094,53.52999567985535,20.972206115722656
generation,1742,56.75000548362732,19.934263229370117,53.09000015258789,20.529823303222656
generation,1743,56.15000128746033,20.40119743347168,53.279995918273926,20.612247467041016
generation,1744,56.85000419616699,21.064823150634766,53.58999967575073,20.923202514648438
generation,1745,58.40000510215759,20.34717559814453,53.71999740600586,21.57609748840332
generation,1746,56.65000081062317,20.483325958251953,52.160000801086426,21.75695037841797
generation,1747,56.45000338554382,20.943893432617188,53.700000047683716,20.93250274658203
generation,1748,57.64999985694885,19.290679931640625,53.53999733924866,21.57640838623047
generation,1749,57.200002670288086,20.47471809387207,53.25999855995178,20.484241485595703
generation,1750,57.64999985694885,19.76552391052246,53.13999652862549,20.988962173461914
generation,1751,57.40000009536743,20.83534049987793,52.959996461868286,22.05086326599121
generation,1752,58.30000042915344,20.067501068115234,53.689998388290405,21.367719650268555
generation,1753,56.40000104904175,21.117759704589844,53.52999567985535,20.8878116607666
generation,1754,56.700003147125244,21.52707862854004,53.49999666213989,21.049333572387695
generation,1755,57.64999985694885,18.901750564575195,54.100000858306885,20.06597900390625
generation,1756,56.85000419616699,21.136627197265625,52.85999774932861,20.832809448242188
generation,1757,57.55000114440918,19.37639808654785,52.49999761581421,21.118789672851562
generation,1758,57.00000524520874,19.708831787109375,53.06999683380127,20.487871170043945
generation,1759,56.700003147125244,20.627914428710938,53.15999984741211,21.312768936157227
generation,1760,58.1000030040741,19.12449836730957,53.380000591278076,20.68627166748047
generation,1761,58.20000171661377,19.869869232177734,53.82999777793884,20.571950912475586
generation,1762,56.950002908706665,20.71981430053711,53.02000045776367,20.554014205932617
generation,1763,57.00000524520874,19.73174285888672,53.49999666213989,20.24538230895996
generation,1764,55.650001764297485,20.531429290771484,53.49999666213989,20.24538230895996
generation,1765,57.55000114440918,20.720417022705078,53.689998388290405,20.620426177978516
generation,1766,58.799999952316284,19.590965270996094,53.00999879837036,20.914085388183594
generation,1767,59.05000567436218,17.79121208190918,53.279995918273926,20.441457748413086
generation,1768,55.80000281333923,21.345882415771484,53.39999794960022,21.531076431274414
generation,1769,56.950002908706665,20.243173599243164,52.959996461868286,21.224063873291016
generation,1770,57.850003242492676,20.21576690673828,53.79999876022339,20.628400802612305
generation,1771,55.55000305175781,21.424301147460938,53.79999876022339,20.628400802612305
generation,1772,57.55000114440918,20.252004623413086,53.39999794960022,20.131641387939453
generation,1773,57.350003719329834,19.65281867980957,53.86999845504761,21.06120491027832
generation,1774,57.10000395774841,19.310989379882812,53.119999170303345,20.88026237487793
generation,1775,57.45000243186951,19.834468841552734,52.799999713897705,20.829330444335938
generation,1776,57.30000138282776,19.591476440429688,53.679996728897095,20.402713775634766
generation,1777,58.20000171661377,20.18449592590332,53.67000102996826,21.225187301635742
generation,1778,58.55000019073486,18.80036735534668,53.13999652862549,20.482481002807617
generation,1779,58.799999952316284,19.260778427124023,53.49000096321106,20.35681915283203
generation,1780,56.65000081062317,20.64812660217285,53.06000113487244,20.24858856201172
generation,1781,56.75000548362732,20.99110221862793,52.81999707221985,21.31954574584961
generation,1782,57.750004529953,19.074142456054688,52.799999713897705,20.772991180419922
generation,1783,58.85000228881836,17.48760986328125,53.700000047683716,19.9725284576416
generation,1784,57.00000524520874,19.896034240722656,53.61999869346619,20.639991760253906
generation,1785,56.80000185966492,20.57689094543457,52.88999676704407,20.94664192199707
generation,1786,56.2000036239624,21.207115173339844,53.13999652862549,20.76823616027832
generation,1787,56.65000081062317,19.95686149597168,53.759998083114624,20.804218292236328
generation,1788,56.300002336502075,19.723461151123047,52.81999707221985,21.08892250061035
generation,1789,57.25000500679016,20.02164649963379,53.689998388290405,20.285133361816406
generation,1790,56.85000419616699,19.40935516357422,53.31000089645386,20.111530303955078
generation,1791,56.300002336502075,20.94786262512207,53.67000102996826,20.945920944213867
generation,1792,56.90000057220459,20.46494483947754,53.8100004196167,20.313793182373047
generation,1793,55.650001764297485,20.047990798950195,54.14999723434448,20.236906051635742
generation,1794,56.25,20.09197235107422,54.089999198913574,20.49385643005371
generation,1795,56.700003147125244,19.920862197875977,53.67000102996826,20.302955627441406
generation,1796,56.80000185966492,19.92108726501465,53.67000102996826,20.302955627441406
generation,1797,57.25000500679016,19.138246536254883,53.65999937057495,20.007291793823242
generation,1798,59.00000333786011,19.42084312438965,53.24999690055847,20.797378540039062
generation,1799,57.10000395774841,20.651121139526367,54.28000092506409,19.800525665283203
generation,1800,58.40000510215759,20.6025447845459,54.079997539520264,20.695697784423828
generation,1801,56.40000104904175,20.330184936523438,54.06999588012695,20.405574798583984
generation,1802,56.35000467300415,20.982032775878906,53.439998626708984,20.43124771118164
generation,1803,58.40000510215759,19.769922256469727,53.519999980926514,20.814077377319336
generation,1804,58.70000123977661,18.624799728393555,53.70999574661255,20.549724578857422
generation,1805,56.950002908706665,19.443477630615234,53.929996490478516,20.121749877929688
generation,1806,55.95000386238098,19.743135452270508,53.88000011444092,20.133872985839844
generation,1807,55.80000281333923,19.950389862060547,53.89999747276306,20.400127410888672
generation,1808,57.00000524520874,19.865201950073242,53.8599967956543,20.045696258544922
generation,1809,57.15000033378601,19.691503524780273,53.8599967956543,20.121797561645508
generation,1810,56.65000081062317,19.647188186645508,53.31999659538269,20.118854522705078
generation,1811,56.60000443458557,20.404476165771484,53.359997272491455,20.661191940307617
generation,1812,57.64999985694885,20.490394592285156,53.90999913215637,20.496809005737305
generation,1813,58.95000100135803,18.15410614013672,52.459996938705444,20.4077091217041
generation,1814,57.350003719329834,19.779096603393555,53.56999635696411,20.033674240112305
generation,1815,56.700003147125244,20.13580894470215,53.15999984741211,20.752120971679688
generation,1816,57.64999985694885,19.78541374206543,53.22999954223633,20.42362403869629
generation,1817,56.90000057220459,20.192039489746094,53.450000286102295,20.226736068725586
generation,1818,56.65000081062317,20.545297622680664,53.689998388290405,20.527820587158203
generation,1819,57.05000162124634,19.328283309936523,52.91999578475952,20.21341323852539
generation,1820,58.40000510215759,19.92217254638672,53.47999930381775,20.548521041870117
generation,1821,58.799999952316284,19.347305297851562,53.780001401901245,20.64801788330078
generation,1822,57.05000162124634,20.32550048828125,54.18999791145325,20.403488159179688
generation,1823,57.64999985694885,20.345340728759766,53.850001096725464,21.17424774169922
generation,1824,57.64999985694885,19.05779266357422,53.20999622344971,20.72258949279785
generation,1825,57.10000395774841,19.62392807006836,53.67000102996826,20.576765060424805
generation,1826,57.45000243186951,19.42464256286621,52.81999707221985,20.650094985961914
generation,1827,57.95000195503235,19.669538497924805,53.49999666213989,20.761444091796875
generation,1828,57.70000219345093,19.887998580932617,53.17999720573425,20.496477127075195
generation,1829,57.50000476837158,20.932950973510742,53.49000096321106,21.104162216186523
generation,1830,56.00000023841858,19.832706451416016,53.429996967315674,20.204517364501953
generation,1831,57.05000162124634,20.47837257385254,54.10999655723572,20.617591857910156
generation,1832,56.550002098083496,19.929561614990234,53.13999652862549,20.788822174072266
generation,1833,58.45000147819519,18.338743209838867,54.14000153541565,20.115856170654297
generation,1834,57.50000476837158,19.28936004638672,53.47999930381775,20.949644088745117
generation,1835,56.90000057220459,20.071645736694336,53.17000150680542,20.708581924438477
generation,1836,57.45000243186951,20.07639503479004,54.28999662399292,20.423412322998047
generation,1837,57.850003242492676,19.13652992248535,53.25999855995178,20.47407341003418
generation,1838,58.60000252723694,19.064071655273438,53.850001096725464,20.490238189697266
generation,1839,57.45000243186951,19.093605041503906,53.780001401901245,21.01793098449707
generation,1840,57.55000114440918,19.42742919921875,53.40999960899353,20.811969757080078
generation,1841,58.900004625320435,19.060331344604492,54.249995946884155,20.211090087890625
generation,1842,57.55000114440918,20.34332847595215,53.60000133514404,21.516448974609375
generation,1843,58.45000147819519,18.651126861572266,53.65999937057495,20.626792907714844
generation,1844,57.600003480911255,19.024372100830078,53.65999937057495,20.626792907714844
generation,1845,56.45000338554382,22.01953887939453,53.45999598503113,20.591888427734375
generation,1846,59.05000567436218,18.898344039916992,53.9900004863739,20.40460968017578
generation,1847,56.45000338554382,20.196666717529297,54.100000858306885,20.155471801757812
generation,1848,57.64999985694885,20.514331817626953,53.88000011444092,20.50534439086914
generation,1849,57.8000009059906,20.377473831176758,53.65999937057495,20.59812355041504
generation,1850,56.65000081062317,20.27688980102539,54.47999835014343,20.075927734375
generation,1851,58.500003814697266,19.09389305114746,53.46999764442444,20.21148681640625
generation,1852,58.000004291534424,21.00257682800293,53.67000102996826,21.001543045043945
generation,1853,58.40000510215759,17.50041961669922,53.700000047683716,20.669755935668945
generation,1854,59.05000567436218,18.277851104736328,54.12999987602234,19.40966033935547
generation,1855,58.70000123977661,18.409282684326172,53.70999574661255,20.155364990234375
generation,1856,55.900001525878906,20.92619514465332,53.86999845504761,19.986894607543945
generation,1857,57.64999985694885,18.21358871459961,53.39999794960022,19.71541976928711
generation,1858,58.55000019073486,19.069169998168945,53.519999980926514,20.29330062866211
generation,1859,58.30000042915344,19.90630531311035,53.42000126838684,20.672008514404297
generation,1860,56.60000443458557,19.752887725830078,53.780001401901245,19.96523666381836
generation,1861,57.15000033378601,19.442171096801758,53.56999635696411,20.591793060302734
generation,1862,58.40000510215759,18.80242156982422,53.60000133514404,20.052194595336914
generation,1863,57.90000557899475,19.682296752929688,52.81999707221985,20.507904052734375
generation,1864,59.10000205039978,19.07128143310547,53.86999845504761,20.59465217590332
generation,1865,57.25000500679016,19.69441795349121,53.65999937057495,20.89360237121582
generation,1866,57.45000243186951,20.14713478088379,53.8100004196167,21.165315628051758
generation,1867,56.80000185966492,19.646209716796875,53.27000021934509,19.82110023498535
generation,1868,57.600003480911255,19.437883377075195,53.39999794960022,20.482988357543945
generation,1869,57.30000138282776,19.408540725708008,54.009997844696045,20.054370880126953
generation,1870,58.000004291534424,19.491046905517578,53.74000072479248,20.541410446166992
generation,1871,57.200002670288086,18.884281158447266,53.61999869346619,20.035598754882812
generation,1872,58.500003814697266,19.973657608032227,53.72999906539917,20.47759437561035
generation,1873,58.55000019073486,18.756084442138672,53.58999967575073,20.00745391845703
generation,1874,57.90000557899475,20.146318435668945,54.06000018119812,19.86269187927246
generation,1875,58.55000019073486,19.436843872070312,53.850001096725464,20.40813446044922
generation,1876,58.55000019073486,18.57928466796875,54.44999933242798,20.020524978637695
generation,1877,58.30000042915344,19.401493072509766,54.12999987602234,19.587282180786133
generation,1878,56.85000419616699,19.916568756103516,54.06999588012695,20.611160278320312
generation,1879,54.9500048160553,20.786190032958984,53.56999635696411,20.605342864990234
generation,1880,59.25000309944153,19.18419647216797,53.439998626708984,20.70956802368164
generation,1881,59.10000205039978,17.608797073364258,54.019999504089355,20.316944122314453
generation,1882,57.70000219345093,20.065101623535156,53.18999886512756,21.072568893432617
generation,1883,56.950002908706665,19.440244674682617,53.61999869346619,19.965831756591797
generation,1884,55.75000047683716,20.99422264099121,53.8100004196167,20.445568084716797
generation,1885,57.00000524520874,19.537349700927734,54.019999504089355,20.33305549621582
generation,1886,55.900001525878906,20.371780395507812,53.929996490478516,20.098079681396484
generation,1887,58.000004291534424,19.24188232421875,54.019999504089355,21.264236450195312
generation,1888,56.700003147125244,21.02101707458496,53.47999930381775,20.646718978881836
generation,1889,56.40000104904175,20.256450653076172,54.28999662399292,20.250280380249023
generation,1890,59.10000205039978,18.722150802612305,54.04999852180481,20.38185691833496
generation,1891,56.85000419616699,19.791446685791016,53.519999980926514,20.502147674560547
generation,1892,57.8000009059906,19.304317474365234,53.89999747276306,20.64579200744629
generation,1893,56.35000467300415,20.061298370361328,53.8599967956543,20.201974868774414
generation,1894,57.05000162124634,20.762584686279297,53.90999913215637,20.579727172851562
generation,1895,58.000004291534424,17.69210433959961,53.22999954223633,19.992279052734375
generation,1896,57.70000219345093,20.16285514831543,53.5099983215332,20.526046752929688
generation,1897,57.8000009059906,19.727935791015625,53.58999967575073,20.83993911743164
generation,1898,57.8000009059906,20.443157196044922,53.56000065803528,20.757091522216797
generation,1899,57.45000243186951,19.855873107910156,54.19999957084656,19.769943237304688
generation,1900,57.50000476837158,20.142255783081055,54.009997844696045,20.434118270874023
generation,1901,58.799999952316284,17.740644454956055,53.689998388290405,20.052766799926758
generation,1902,57.40000009536743,19.662321090698242,54.409998655319214,20.614662170410156
generation,1903,58.05000066757202,19.145774841308594,53.689998388290405,20.374130249023438
generation,1904,55.60000538825989,22.512351989746094,54.39000129699707,20.697391510009766
generation,1905,57.50000476837158,20.273696899414062,53.72999906539917,20.397905349731445
generation,1906,57.750004529953,19.44192886352539,54.11999821662903,19.81948471069336
generation,1907,59.950000047683716,18.88751792907715,54.089999198913574,20.338897705078125
generation,1908,57.90000557899475,18.68788719177246,54.19999957084656,19.56487464904785
generation,1909,57.90000557899475,21.02328872680664,54.15999889373779,20.8586368560791
generation,1910,58.30000042915344,19.651132583618164,54.329997301101685,19.40706443786621
generation,1911,56.550002098083496,19.91423797607422,54.0399968624115,20.260478973388672
generation,1912,58.35000276565552,19.876617431640625,54.259997606277466,20.090639114379883
generation,1913,59.20000076293945,19.92250633239746,54.30999994277954,20.213306427001953
generation,1914,58.35000276565552,20.224769592285156,53.89999747276306,20.446413040161133
generation,1915,58.650004863739014,18.63031578063965,54.589998722076416,19.758161544799805
generation,1916,56.300002336502075,20.295623779296875,53.54999899864197,19.91644287109375
generation,1917,58.650004863739014,19.1612606048584,53.49999666213989,20.2576847076416
generation,1918,59.00000333786011,18.69709014892578,53.759998083114624,20.29897117614746
generation,1919,58.30000042915344,19.035905838012695,53.439998626708984,20.7805118560791
generation,1920,58.45000147819519,18.745891571044922,53.679996728897095,20.313400268554688
generation,1921,59.20000076293945,19.034814834594727,53.60000133514404,20.123342514038086
generation,1922,59.60000157356262,18.539140701293945,54.12999987602234,19.848058700561523
generation,1923,58.000004291534424,19.372905731201172,53.999996185302734,19.899921417236328
generation,1924,57.90000557899475,20.970407485961914,53.6300003528595,21.413362503051758
generation,1925,57.8000009059906,19.4204158782959,54.350000619888306,19.94609260559082
generation,1926,57.95000195503235,19.998701095581055,53.72999906539917,20.437639236450195
generation,1927,58.250004053115845,19.893592834472656,53.94999980926514,20.600082397460938
generation,1928,58.30000042915344,18.18266487121582,54.62999939918518,19.831125259399414
generation,1929,57.30000138282776,19.478540420532227,54.249995946884155,20.18297576904297
generation,1930,58.35000276565552,20.19061279296875,54.339998960494995,20.671300888061523
generation,1931,58.60000252723694,18.843769073486328,53.31999659538269,20.834218978881836
generation,1932,58.20000171661377,19.729923248291016,54.249995946884155,20.576295852661133
generation,1933,57.750004529953,20.80002784729004,54.12999987602234,19.70669937133789
generation,1934,58.000004291534424,19.29543113708496,53.1499981880188,21.0293025970459
generation,1935,58.000004291534424,18.977556228637695,53.81999611854553,20.597776412963867
generation,1936,58.15000534057617,18.89057731628418,54.32000160217285,19.98160171508789
generation,1937,58.05000066757202,20.548023223876953,53.02000045776367,20.766624450683594
generation,1938,59.3500018119812,18.22823715209961,54.15999889373779,19.960468292236328
generation,1939,58.900004625320435,18.52119255065918,53.769999742507935,20.35489273071289
generation,1940,57.55000114440918,19.319618225097656,54.62999939918518,20.190961837768555
generation,1941,58.000004291534424,18.664508819580078,54.089999198913574,19.551847457885742
generation,1942,57.10000395774841,19.318140029907227,53.74999642372131,20.187082290649414
generation,1943,58.20000171661377,18.574243545532227,53.96000146865845,20.604793548583984
generation,1944,59.800004959106445,17.800046920776367,53.61999869346619,20.131149291992188
generation,1945,58.650004863739014,19.42564582824707,54.420000314712524,19.84333038330078
generation,1946,57.850003242492676,19.15919303894043,54.19999957084656,20.2320556640625
generation,1947,56.300002336502075,20.286611557006836,54.44999933242798,20.318761825561523
generation,1948,58.30000042915344,18.32324981689453,54.15999889373779,19.884103775024414
generation,1949,57.200002670288086,19.64821434020996,54.10999655723572,19.766889572143555
generation,1950,57.25000500679016,20.187103271484375,53.380000591278076,20.73930549621582
generation,1951,59.450000524520874,17.158374786376953,53.27000021934509,19.329349517822266
generation,1952,58.15000534057617,19.413286209106445,53.780001401901245,20.1893310546875
generation,1953,58.30000042915344,18.713237762451172,53.56999635696411,20.11355972290039
generation,1954,57.350003719329834,21.831777572631836,53.92000079154968,20.880643844604492
generation,1955,58.55000019073486,18.393516540527344,53.31999659538269,20.127256393432617
generation,1956,57.95000195503235,18.83001708984375,53.999996185302734,19.974470138549805
generation,1957,54.9500048160553,21.32380485534668,53.6300003528595,20.350460052490234
generation,1958,57.850003242492676,19.194747924804688,54.17999625205994,20.899431228637695
generation,1959,57.10000395774841,19.697052001953125,53.92000079154968,20.02733039855957
generation,1960,58.1000030040741,18.617700576782227,53.780001401901245,20.411819458007812
generation,1961,58.650004863739014,18.031295776367188,53.81999611854553,19.881935119628906
generation,1962,58.1000030040741,18.66632652282715,54.19999957084656,20.284452438354492
generation,1963,59.3500018119812,18.316221237182617,54.06999588012695,19.868377685546875
generation,1964,57.850003242492676,20.460567474365234,53.92000079154968,20.706430435180664
generation,1965,57.55000114440918,20.352094650268555,53.78999710083008,20.563312530517578
generation,1966,57.70000219345093,20.55023193359375,53.46999764442444,20.776615142822266
generation,1967,57.00000524520874,19.610679626464844,54.06999588012695,20.038434982299805
generation,1968,56.85000419616699,21.48914909362793,54.21000123023987,21.101097106933594
generation,1969,57.850003242492676,19.25640869140625,54.67999577522278,20.10923194885254
generation,1970,56.65000081062317,19.964160919189453,54.079997539520264,19.809362411499023
generation,1971,57.64999985694885,19.691089630126953,53.999996185302734,20.16219711303711
generation,1972,56.65000081062317,19.510009765625,53.700000047683716,19.8052978515625
generation,1973,57.600003480911255,18.711519241333008,54.10999655723572,19.962692260742188
generation,1974,59.60000157356262,17.961320877075195,54.15999889373779,19.873249053955078
generation,1975,58.20000171661377,19.278026580810547,54.269999265670776,19.92205810546875
generation,1976,58.20000171661377,19.112350463867188,54.22999858856201,19.616233825683594
generation,1977,58.1000030040741,19.116500854492188,53.96999716758728,20.47202491760254
generation,1978,58.650004863739014,18.8200626373291,53.679996728897095,19.903690338134766
generation,1979,59.150004386901855,18.788827896118164,54.72999811172485,19.868093490600586
generation,1980,59.3000054359436,18.335269927978516,54.14000153541565,19.822288513183594
generation,1981,57.90000557899475,19.17875862121582,54.72999811172485,19.868093490600586
generation,1982,57.40000009536743,19.971813201904297,53.74000072479248,20.447330474853516
generation,1983,57.200002670288086,19.076854705810547,54.350000619888306,19.61907958984375
generation,1984,58.799999952316284,19.415830612182617,53.759998083114624,19.998512268066406
generation,1985,58.650004863739014,19.280370712280273,54.2199969291687,20.34687614440918
generation,1986,56.550002098083496,21.214115142822266,53.369998931884766,20.389368057250977
generation,1987,59.20000076293945,18.060787200927734,53.519999980926514,20.081605911254883
generation,1988,58.70000123977661,18.143573760986328,53.83999943733215,19.384586334228516
generation,1989,57.45000243186951,19.8872127532959,53.6300003528595,20.133962631225586
generation,1990,56.550002098083496,19.949007034301758,54.249995946884155,19.87602424621582
generation,1991,58.500003814697266,19.92674446105957,53.780001401901245,19.896055221557617
generation,1992,58.650004863739014,18.65140151977539,54.030001163482666,19.628122329711914
generation,1993,59.05000567436218,20.154144287109375,54.030001163482666,19.628122329711914
generation,1994,59.450000524520874,17.95803451538086,54.100000858306885,20.040637969970703
generation,1995,57.95000195503235,21.110383987426758,53.78999710083008,20.66261863708496
generation,1996,57.55000114440918,19.21770668029785,53.96999716758728,19.544878005981445
generation,1997,58.45000147819519,19.7513370513916,53.109997510910034,20.227611541748047
generation,1998,58.05000066757202,18.507858276367188,54.93000149726868,20.28460121154785
generation,1999,59.150004386901855,17.922513961791992,53.92000079154968,19.870683670043945
generation,2000,57.200002670288086,19.972890853881836,53.679996728897095,20.25684928894043
generation,2001,58.35000276565552,18.321866989135742,53.78999710083008,19.219392776489258
generation,2002,58.250004053115845,19.987062454223633,53.70999574661255,19.694171905517578
generation,2003,58.30000042915344,19.47113800048828,53.97999882698059,20.602994918823242
generation,2004,57.850003242492676,18.391813278198242,54.269999265670776,19.257522583007812
generation,2005,58.05000066757202,18.590177536010742,53.96999716758728,19.82584571838379
generation,2006,58.05000066757202,18.420324325561523,54.12999987602234,20.185182571411133
generation,2007,57.850003242492676,19.696969985961914,54.06999588012695,20.1151065826416
generation,2008,57.850003242492676,18.629545211791992,54.339998960494995,19.721105575561523
generation,2009,57.600003480911255,19.744260787963867,54.28000092506409,19.90435028076172
generation,2010,56.300002336502075,19.00067138671875,53.72999906539917,20.38176155090332
generation,2011,59.400004148483276,18.29206657409668,54.10999655723572,19.795398712158203
generation,2012,58.55000019073486,19.258819580078125,54.28000092506409,19.86191749572754
generation,2013,56.75000548362732,19.87384796142578,53.850001096725464,20.101930618286133
generation,2014,59.50000286102295,18.091161727905273,53.90999913215637,19.458755493164062
generation,2015,59.700000286102295,19.547718048095703,53.850001096725464,20.41152000427246
generation,2016,59.3500018119812,18.012527465820312,53.939998149871826,20.305469512939453
generation,2017,57.00000524520874,19.421518325805664,54.259997606277466,19.286561965942383
generation,2018,57.350003719329834,19.550498962402344,54.30999994277954,19.884605407714844
generation,2019,59.90000367164612,18.393842697143555,53.769999742507935,19.814043045043945
generation,2020,58.20000171661377,18.456884384155273,54.420000314712524,19.79231071472168
generation,2021,58.500003814697266,19.657983779907227,53.6300003528595,19.956573486328125
generation,2022,57.90000557899475,19.34749984741211,53.56000065803528,19.95277214050293
generation,2023,57.15000033378601,19.850139617919922,53.47999930381775,19.22216033935547
generation,2024,58.70000123977661,18.249805450439453,54.54999804496765,19.80645179748535
generation,2025,58.70000123977661,18.54682159423828,54.5199990272522,19.30649185180664
generation,2026,59.6500039100647,17.940147399902344,53.97999882698059,20.14532470703125
generation,2027,58.45000147819519,19.061798095703125,53.769999742507935,19.90984535217285
generation,2028,57.8000009059906,20.52910041809082,53.82999777793884,20.730070114135742
generation,2029,57.95000195503235,18.42888641357422,54.17999625205994,20.04159927368164
generation,2030,60.00000238418579,17.61971664428711,54.100000858306885,19.39807891845703
generation,2031,59.3000054359436,19.019969940185547,53.71999740600586,20.380538940429688
generation,2032,59.800004959106445,17.92544174194336,53.9900004863739,19.86724281311035
generation,2033,58.799999952316284,18.596323013305664,54.54999804496765,20.105369567871094
generation,2034,58.95000100135803,17.93952751159668,53.769999742507935,19.7322940826416
generation,2035,58.799999952316284,18.03866958618164,53.45999598503113,19.954010009765625
generation,2036,58.30000042915344,18.53968048095703,53.96999716758728,20.2327938079834
generation,2037,56.75000548362732,20.16185188293457,53.67000102996826,20.12051010131836
generation,2038,57.95000195503235,20.145219802856445,53.58999967575073,19.945240020751953
generation,2039,58.60000252723694,19.358671188354492,54.6999990940094,20.151052474975586
generation,2040,57.600003480911255,20.271137237548828,54.079997539520264,20.632335662841797
generation,2041,57.45000243186951,21.5520076751709,54.17999625205994,21.001022338867188
generation,2042,58.55000019073486,17.830554962158203,54.44999933242798,19.462411880493164
generation,2043,58.95000100135803,18.347625732421875,54.19999957084656,20.20246124267578
generation,2044,58.250004053115845,19.389507293701172,54.750001430511475,19.910324096679688
generation,2045,57.90000557899475,21.389324188232422,54.019999504089355,21.32670021057129
generation,2046,60.30000448226929,17.99946403503418,53.9900004863739,19.682126998901367
generation,2047,58.30000042915344,20.904451370239258,53.60000133514404,20.177507400512695
generation,2048,55.95000386238098,20.66077423095703,53.79999876022339,20.5223388671875
generation,2049,57.70000219345093,20.303386688232422,53.56999635696411,20.82667350769043
generation,2050,58.1000030040741,20.14435386657715,54.15999889373779,20.151199340820312
generation,2051,58.15000534057617,19.04445457458496,53.46999764442444,19.7595157623291
generation,2052,60.00000238418579,18.999181747436523,54.670000076293945,19.703731536865234
generation,2053,57.600003480911255,20.65315818786621,54.919999837875366,20.48770523071289
generation,2054,59.3000054359436,18.756288528442383,53.63999605178833,20.156797409057617
generation,2055,57.350003719329834,18.02391815185547,53.939998149871826,19.046175003051758
generation,2056,60.25000214576721,16.174419403076172,54.06999588012695,18.90131378173828
generation,2057,57.8000009059906,18.79429817199707,54.32000160217285,19.328725814819336
generation,2058,59.25000309944153,20.10499382019043,54.22999858856201,20.074697494506836
generation,2059,57.45000243186951,19.19899559020996,53.78999710083008,19.47536277770996
generation,2060,58.500003814697266,18.816593170166016,53.78999710083008,19.47536277770996
generation,2061,59.3500018119812,16.788625717163086,53.74000072479248,19.134675979614258
generation,2062,59.10000205039978,19.326393127441406,54.32000160217285,19.899799346923828
generation,2063,58.650004863739014,18.70159912109375,54.11999821662903,19.85818099975586
generation,2064,58.55000019073486,19.60797119140625,53.81999611854553,19.841812133789062
generation,2065,57.64999985694885,19.578529357910156,53.86999845504761,20.564884185791016
generation,2066,57.90000557899475,18.180082321166992,53.65999937057495,20.173185348510742
generation,2067,59.50000286102295,18.23177146911621,54.83999848365784,19.754064559936523
generation,2068,58.15000534057617,18.699445724487305,53.88000011444092,19.424896240234375
generation,2069,56.90000057220459,19.285036087036133,54.55999970436096,20.047748565673828
generation,2070,59.05000567436218,18.541494369506836,53.18999886512756,20.13241958618164
generation,2071,57.90000557899475,19.153627395629883,53.96999716758728,20.034317016601562
generation,2072,57.25000500679016,21.76202392578125,54.29999828338623,20.86093521118164
generation,2073,58.95000100135803,19.50961685180664,54.35999631881714,20.4636287689209
generation,2074,59.3500018119812,18.014087677001953,53.83999943733215,19.54267120361328
generation,2075,58.30000042915344,18.06339454650879,54.350000619888306,20.150846481323242
generation,2076,59.400004148483276,18.181718826293945,54.24000024795532,20.279617309570312
generation,2077,58.75000357627869,18.949234008789062,54.12999987602234,20.416690826416016
generation,2078,59.75000262260437,18.255233764648438,53.71999740600586,19.992891311645508
generation,2079,58.15000534057617,19.96123504638672,54.47999835014343,20.154491424560547
generation,2080,61.2000048160553,17.594552993774414,54.0399968624115,19.845796585083008
generation,2081,57.15000033378601,18.534059524536133,53.769999742507935,19.597293853759766
generation,2082,58.30000042915344,18.80471420288086,53.769999742507935,19.597293853759766
generation,2083,58.250004053115845,19.963590621948242,54.269999265670776,20.52443504333496
generation,2084,58.40000510215759,19.187217712402344,53.689998388290405,19.952472686767578
generation,2085,60.200005769729614,18.816036224365234,53.769999742507935,20.443771362304688
generation,2086,60.50000190734863,18.973447799682617,53.54999899864197,20.365982055664062
generation,2087,57.55000114440918,19.44055938720703,54.28999662399292,19.822912216186523
generation,2088,57.95000195503235,19.248830795288086,54.42999601364136,19.682422637939453
generation,2089,58.650004863739014,19.10724639892578,54.39000129699707,20.30325698852539
generation,2090,58.1000030040741,19.339815139770508,53.70999574661255,19.964365005493164
generation,2091,58.40000510215759,20.015155792236328,54.06999588012695,20.144620895385742
generation,2092,59.85000133514404,18.382841110229492,54.350000619888306,19.498058319091797
generation,2093,58.30000042915344,18.243301391601562,54.14999723434448,19.37212371826172
generation,2094,59.550005197525024,18.36821937561035,53.96000146865845,19.922103881835938
generation,2095,57.50000476837158,19.937103271484375,53.65999937057495,20.962081909179688
generation,2096,57.8000009059906,19.21299171447754,54.28000092506409,19.355422973632812
generation,2097,58.15000534057617,18.589162826538086,54.46999669075012,19.58970832824707
generation,2098,59.75000262260437,17.239864349365234,54.76999878883362,19.13909149169922
generation,2099,57.90000557899475,19.162425994873047,53.96000146865845,19.88164520263672
generation,2100,58.900004625320435,19.84967041015625,53.8599967956543,20.504817962646484
generation,2101,57.350003719329834,19.210466384887695,54.32000160217285,19.902034759521484
generation,2102,57.200002670288086,19.315731048583984,54.2199969291687,19.469194412231445
generation,2103,57.850003242492676,18.50299835205078,54.47999835014343,19.498336791992188
generation,2104,58.1000030040741,19.983564376831055,53.609997034072876,20.486425399780273
generation,2105,60.050004720687866,17.87200164794922,53.780001401901245,20.386661529541016
generation,2106,59.450000524520874,18.464929580688477,54.29999828338623,19.978504180908203
generation,2107,57.45000243186951,20.687763214111328,54.15999889373779,20.078697204589844
generation,2108,60.050004720687866,18.501455307006836,54.54999804496765,19.64134979248047
generation,2109,57.200002670288086,20.299386978149414,54.499995708465576,19.76734733581543
generation,2110,58.45000147819519,18.480012893676758,53.8599967956543,19.95564842224121
generation,2111,57.40000009536743,20.523006439208984,54.39000129699707,20.1497859954834
generation,2112,57.95000195503235,19.848535537719727,53.679996728897095,20.41517448425293
generation,2113,58.900004625320435,18.830039978027344,55.03000020980835,19.86122703552246
generation,2114,59.950000047683716,19.44434356689453,54.79999780654907,19.787612915039062
generation,2115,57.25000500679016,19.551044464111328,54.43999767303467,19.494842529296875
generation,2116,57.55000114440918,19.541637420654297,53.89999747276306,19.752750396728516
generation,2117,58.70000123977661,18.713525772094727,54.19999957084656,19.27741813659668
generation,2118,59.90000367164612,19.98871612548828,53.769999742507935,20.969911575317383
generation,2119,55.000001192092896,20.17522430419922,54.39000129699707,19.053897857666016
generation,2120,58.799999952316284,18.198270797729492,53.72999906539917,19.763023376464844
generation,2121,57.750004529953,18.09954071044922,54.12999987602234,19.337390899658203
generation,2122,57.45000243186951,18.98379135131836,53.279995918273926,20.248886108398438
generation,2123,59.05000567436218,19.83139991760254,54.420000314712524,20.373476028442383
generation,2124,58.95000100135803,19.345552444458008,53.929996490478516,20.08204460144043
generation,2125,58.35000276565552,18.50002098083496,54.04999852180481,19.49336814880371
generation,2126,57.70000219345093,18.89688491821289,54.46000099182129,19.210811614990234
generation,2127,59.6500039100647,18.763736724853516,53.96000146865845,19.964744567871094
generation,2128,59.800004959106445,18.69100570678711,54.1700005531311,19.662166595458984
generation,2129,57.850003242492676,19.58600425720215,54.22999858856201,19.70194435119629
generation,2130,59.400004148483276,17.972909927368164,54.089999198913574,19.165782928466797
generation,2131,60.15000343322754,17.731740951538086,54.62999939918518,19.291223526000977
generation,2132,60.100001096725464,17.991174697875977,54.62999939918518,19.291223526000977
generation,2133,57.8000009059906,19.2418155670166,53.850001096725464,19.415363311767578
generation,2134,57.05000162124634,20.41124153137207,54.17999625205994,20.03046226501465
generation,2135,57.70000219345093,19.061702728271484,54.15999889373779,19.75819969177246
generation,2136,57.50000476837158,20.038761138916016,53.89999747276306,20.255207061767578
generation,2137,57.05000162124634,19.400747299194336,53.689998388290405,19.567167282104492
generation,2138,59.3000054359436,18.6325740814209,54.14999723434448,19.822328567504883
generation,2139,57.750004529953,19.630062103271484,54.249995946884155,19.58864974975586
generation,2140,58.650004863739014,19.083026885986328,54.46000099182129,19.634550094604492
generation,2141,60.00000238418579,17.461048126220703,54.35999631881714,19.764678955078125
generation,2142,60.30000448226929,18.31565284729004,54.659998416900635,19.403106689453125
generation,2143,59.50000286102295,18.081647872924805,53.63999605178833,19.91495132446289
generation,2144,60.40000319480896,17.63351058959961,54.079997539520264,19.26046371459961
generation,2145,59.50000286102295,18.84079360961914,54.11999821662903,20.24884796142578
generation,2146,57.40000009536743,18.995624542236328,53.90999913215637,19.890256881713867
generation,2147,59.800004959106445,17.140832901000977,54.28999662399292,19.25596046447754
generation,2148,59.20000076293945,18.618803024291992,54.93999719619751,19.70440101623535
generation,2149,59.800004959106445,16.869792938232422,54.36999797821045,19.680458068847656
generation,2150,58.500003814697266,18.735456466674805,53.6300003528595,20.116924285888672
generation,2151,58.35000276565552,18.939321517944336,54.35999631881714,19.73848533630371
generation,2152,57.8000009059906,20.550092697143555,54.93999719619751,19.70440101623535
generation,2153,59.60000157356262,18.359691619873047,54.3999969959259,19.567811965942383
generation,2154,57.64999985694885,19.241004943847656,54.259997606277466,19.696077346801758
generation,2155,58.95000100135803,18.803970336914062,54.15999889373779,19.2918758392334
generation,2156,58.60000252723694,18.676544189453125,54.659998416900635,19.799800872802734
generation,2157,58.900004625320435,17.788681030273438,54.589998722076416,18.969886779785156
generation,2158,60.85000038146973,18.406827926635742,54.50999736785889,19.838258743286133
generation,2159,59.3500018119812,17.885051727294922,54.2199969291687,18.918004989624023
generation,2160,57.8000009059906,19.65076446533203,54.089999198913574,20.079998016357422
generation,2161,59.3000054359436,18.35672378540039,54.86999750137329,19.514142990112305
generation,2162,57.00000524520874,19.489425659179688,54.10999655723572,19.71419334411621
generation,2163,57.8000009059906,20.514326095581055,54.24000024795532,19.87265968322754
generation,2164,59.550005197525024,17.92548179626465,54.67999577522278,18.903549194335938
generation,2165,57.95000195503235,17.693681716918945,54.53999638557434,19.398603439331055
generation,2166,56.550002098083496,18.973915100097656,53.850001096725464,19.507293701171875
generation,2167,57.350003719329834,18.705432891845703,54.11999821662903,19.523191452026367
generation,2168,58.500003814697266,19.488557815551758,54.54999804496765,19.770217895507812
generation,2169,58.85000228881836,18.33120346069336,54.35999631881714,19.856904983520508
generation,2170,57.00000524520874,19.69854164123535,54.249995946884155,19.434696197509766
generation,2171,60.600000619888306,17.19232177734375,54.649996757507324,19.25119400024414
generation,2172,59.3500018119812,19.07486343383789,53.929996490478516,20.050586700439453
generation,2173,59.10000205039978,18.992698669433594,54.04999852180481,19.66605567932129
generation,2174,57.95000195503235,19.375661849975586,54.339998960494995,20.067102432250977
generation,2175,60.15000343322754,17.775705337524414,54.339998960494995,19.924339294433594
generation,2176,59.700000286102295,17.75872230529785,54.39000129699707,19.61528968811035
generation,2177,57.95000195503235,18.26443099975586,54.28000092506409,19.712644577026367
generation,2178,58.45000147819519,19.52900505065918,54.75999712944031,19.83916473388672
generation,2179,60.40000319480896,17.616432189941406,54.35999631881714,19.648759841918945
generation,2180,59.85000133514404,18.89055824279785,54.420000314712524,19.964319229125977
generation,2181,58.900004625320435,19.544902801513672,53.86999845504761,20.34811019897461
generation,2182,55.80000281333923,20.555551528930664,54.420000314712524,19.705902099609375
generation,2183,60.25000214576721,18.286287307739258,53.780001401901245,20.305458068847656
generation,2184,57.350003719329834,18.91335105895996,53.929996490478516,20.1024227142334
generation,2185,59.75000262260437,17.595592498779297,54.37999963760376,19.163837432861328
generation,2186,59.20000076293945,19.2802791595459,54.06999588012695,19.890201568603516
generation,2187,57.00000524520874,19.545150756835938,54.76999878883362,19.494680404663086
generation,2188,59.450000524520874,19.287412643432617,54.1700005531311,20.140283584594727
generation,2189,57.850003242492676,19.971277236938477,53.689998388290405,19.917999267578125
generation,2190,58.1000030040741,18.581867218017578,54.06999588012695,19.821094512939453
generation,2191,59.20000076293945,18.3754825592041,54.329997301101685,19.67366600036621
generation,2192,60.200005769729614,17.89695167541504,54.47999835014343,19.744630813598633
generation,2193,60.30000448226929,18.062856674194336,54.80999946594238,20.15312385559082
generation,2194,59.10000205039978,18.881183624267578,54.18999791145325,19.507360458374023
generation,2195,59.3000054359436,18.70657730102539,54.85000014305115,19.97463607788086
generation,2196,57.600003480911255,20.273963928222656,54.49000000953674,20.24777603149414
generation,2197,59.85000133514404,18.368799209594727,54.53000068664551,19.784008026123047
generation,2198,57.50000476837158,20.12965202331543,54.06000018119812,19.614212036132812
generation,2199,59.700000286102295,18.16769790649414,54.42999601364136,19.55274772644043
generation,2200,59.50000286102295,18.161027908325195,54.100000858306885,19.904996871948242
generation,2201,59.60000157356262,19.064462661743164,54.12999987602234,20.088321685791016
generation,2202,57.64999985694885,19.554798126220703,53.63999605178833,20.017982482910156
generation,2203,57.350003719329834,18.88343048095703,54.259997606277466,19.353456497192383
generation,2204,59.75000262260437,18.154804229736328,54.350000619888306,19.63035774230957
generation,2205,60.40000319480896,17.134613037109375,54.19999957084656,19.590744018554688
generation,2206,58.20000171661377,19.746368408203125,54.29999828338623,19.982330322265625
generation,2207,59.3500018119812,19.664779663085938,55.01999855041504,19.75096321105957
generation,2208,59.400004148483276,18.49606704711914,54.53000068664551,19.539363861083984
generation,2209,58.30000042915344,19.943145751953125,54.659998416900635,19.938875198364258
generation,2210,59.550005197525024,18.345033645629883,54.44999933242798,19.781667709350586
generation,2211,59.800004959106445,19.349040985107422,54.55999970436096,19.987545013427734
generation,2212,60.200005769729614,18.733272552490234,54.249995946884155,19.826478958129883
generation,2213,60.50000190734863,16.850486755371094,54.32000160217285,20.17458724975586
generation,2214,58.15000534057617,19.294118881225586,54.80999946594238,19.10561752319336
generation,2215,58.650004863739014,19.52431297302246,54.6999990940094,20.142505645751953
generation,2216,58.30000042915344,18.2246150970459,54.1700005531311,19.798114776611328
generation,2217,59.25000309944153,19.60853385925293,54.21000123023987,20.434289932250977
generation,2218,57.50000476837158,21.15730857849121,54.29999828338623,20.3813419342041
generation,2219,59.25000309944153,17.46729850769043,54.78000044822693,19.029165267944336
generation,2220,59.700000286102295,17.590042114257812,54.32000160217285,19.059221267700195
generation,2221,58.500003814697266,18.100727081298828,54.43999767303467,19.256256103515625
generation,2222,58.500003814697266,18.40717315673828,54.5199990272522,19.645099639892578
generation,2223,57.850003242492676,19.14521026611328,54.24000024795532,19.259889602661133
generation,2224,59.05000567436218,18.488277435302734,54.899996519088745,19.965436935424805
generation,2225,58.60000252723694,18.939687728881836,54.04999852180481,19.42239761352539
generation,2226,58.95000100135803,19.240135192871094,54.18999791145325,20.23684310913086
generation,2227,59.00000333786011,19.06654930114746,54.71000075340271,19.108430862426758
generation,2228,59.450000524520874,18.168970108032227,54.5199990272522,19.33941650390625
generation,2229,59.05000567436218,17.914796829223633,54.36999797821045,19.653886795043945
generation,2230,61.2000048160553,17.688026428222656,54.80999946594238,19.39275550842285
generation,2231,61.60000562667847,16.34103012084961,54.93000149726868,19.439525604248047
generation,2232,59.950000047683716,18.291166305541992,54.46999669075012,20.029273986816406
generation,2233,57.95000195503235,19.865245819091797,54.29999828338623,19.64847755432129
generation,2234,58.799999952316284,18.948692321777344,54.96000051498413,19.697002410888672
generation,2235,58.75000357627869,19.567564010620117,54.71999645233154,20.51262092590332
generation,2236,58.95000100135803,18.708417892456055,54.46999669075012,19.9057559967041
generation,2237,59.60000157356262,18.307241439819336,54.39000129699707,19.414121627807617
generation,2238,58.250004053115845,19.28376579284668,54.329997301101685,19.394176483154297
generation,2239,58.1000030040741,19.22709846496582,54.259997606277466,19.616178512573242
generation,2240,59.25000309944153,18.831401824951172,54.35999631881714,19.29758071899414
generation,2241,58.75000357627869,18.951122283935547,54.919999837875366,19.551067352294922
generation,2242,58.40000510215759,20.99976348876953,53.9900004863739,20.657695770263672
generation,2243,59.20000076293945,18.472444534301758,53.96000146865845,19.168800354003906
generation,2244,59.25000309944153,18.26616859436035,54.78000044822693,19.7934627532959
generation,2245,58.799999952316284,18.61389923095703,54.30999994277954,19.677776336669922
generation,2246,56.85000419616699,19.45006561279297,54.39000129699707,19.48005485534668
generation,2247,58.000004291534424,19.814855575561523,54.019999504089355,20.154552459716797
generation,2248,58.55000019073486,18.40923500061035,54.60999608039856,19.273529052734375
generation,2249,59.25000309944153,18.10992431640625,54.71999645233154,19.60808563232422
generation,2250,59.150004386901855,18.28496742248535,54.71999645233154,19.60808563232422
generation,2251,57.95000195503235,18.55896759033203,54.46999669075012,19.126874923706055
generation,2252,60.450005531311035,18.099241256713867,54.589998722076416,19.64824867248535
generation,2253,58.70000123977661,19.284643173217773,54.28000092506409,20.220504760742188
generation,2254,58.70000123977661,18.32522964477539,55.11999726295471,19.487255096435547
generation,2255,60.55000424385071,17.887653350830078,54.75999712944031,19.936904907226562
generation,2256,58.650004863739014,19.009000778198242,54.37999963760376,19.794477462768555
generation,2257,59.950000047683716,18.17547607421875,54.46000099182129,19.66391372680664
generation,2258,60.350000858306885,17.76239013671875,54.350000619888306,19.558313369750977
generation,2259,59.3500018119812,18.505346298217773,54.44999933242798,19.640546798706055
generation,2260,59.00000333786011,18.68083953857422,54.339998960494995,20.064224243164062
generation,2261,58.000004291534424,20.06702423095703,54.409998655319214,19.460603713989258
generation,2262,59.6500039100647,18.860929489135742,54.57000136375427,19.961894989013672
generation,2263,59.60000157356262,19.11001968383789,54.35999631881714,19.43398666381836
generation,2264,57.90000557899475,19.48145294189453,55.239999294281006,19.404695510864258
generation,2265,58.75000357627869,18.84772491455078,54.53000068664551,19.247926712036133
generation,2266,59.10000205039978,18.595874786376953,54.82000112533569,19.732685089111328
generation,2267,58.000004291534424,19.323225021362305,54.14000153541565,20.110454559326172
generation,2268,59.20000076293945,19.252788543701172,54.11999821662903,19.813325881958008
generation,2269,60.050004720687866,17.66208839416504,53.83999943733215,19.706226348876953
generation,2270,58.05000066757202,18.493183135986328,54.750001430511475,19.167163848876953
generation,2271,59.800004959106445,19.79375457763672,53.71999740600586,20.074718475341797
generation,2272,59.450000524520874,18.095102310180664,54.78000044822693,19.921106338500977
generation,2273,58.35000276565552,18.61871337890625,54.64000105857849,19.4765625
generation,2274,57.64999985694885,19.28443145751953,54.57000136375427,19.472314834594727
generation,2275,60.85000038146973,16.39462661743164,54.29999828338623,19.591020584106445
generation,2276,59.50000286102295,19.116910934448242,54.589998722076416,19.923870086669922
generation,2277,59.25000309944153,18.020801544189453,55.2899956703186,19.126604080200195
generation,2278,59.550005197525024,17.732839584350586,55.000001192092896,19.195688247680664
generation,2279,60.9000027179718,17.002155303955078,55.000001192092896,19.195688247680664
generation,2280,57.15000033378601,18.441864013671875,54.06000018119812,19.271453857421875
generation,2281,58.45000147819519,19.074729919433594,54.670000076293945,19.556411743164062
generation,2282,58.95000100135803,18.912187576293945,54.2199969291687,20.119626998901367
generation,2283,57.64999985694885,19.883222579956055,54.030001163482666,19.725601196289062
generation,2284,59.6500039100647,18.056718826293945,54.589998722076416,19.081016540527344
generation,2285,59.3500018119812,17.735008239746094,54.579997062683105,19.85258674621582
generation,2286,58.900004625320435,17.827219009399414,54.409998655319214,19.30693817138672
generation,2287,59.6500039100647,18.243135452270508,55.08999824523926,19.28078842163086
generation,2288,60.95000505447388,16.632097244262695,54.6999990940094,19.239742279052734
generation,2289,59.3500018119812,19.977087020874023,54.589998722076416,20.857208251953125
generation,2290,59.3000054359436,19.42864227294922,54.36999797821045,20.020463943481445
generation,2291,60.050004720687866,18.7229061126709,54.39000129699707,19.850231170654297
generation,2292,58.45000147819519,17.61825942993164,54.80999946594238,19.438425064086914
generation,2293,58.1000030040741,18.617971420288086,54.50999736785889,19.4906005859375
generation,2294,60.25000214576721,19.180742263793945,54.82000112533569,20.29235076904297
generation,2295,60.55000424385071,18.444244384765625,54.53000068664551,19.452503204345703
generation,2296,57.64999985694885,19.593109130859375,54.499995708465576,19.4460506439209
generation,2297,58.15000534057617,18.4329776763916,54.14999723434448,19.657861709594727
generation,2298,61.10000014305115,17.69981575012207,54.72999811172485,19.439449310302734
generation,2299,60.25000214576721,17.125534057617188,54.19999957084656,19.16667366027832
generation,2300,58.45000147819519,18.689634323120117,54.18999791145325,19.524049758911133
generation,2301,59.3500018119812,18.06745719909668,54.19999957084656,19.252676010131836
generation,2302,58.40000510215759,17.705129623413086,54.670000076293945,19.30464744567871
generation,2303,60.65000295639038,17.747472763061523,54.85999584197998,19.230369567871094
generation,2304,59.00000333786011,17.49094581604004,54.85999584197998,18.643585205078125
generation,2305,59.3500018119812,17.68153190612793,54.89000082015991,18.808164596557617
generation,2306,59.85000133514404,18.613739013671875,54.12999987602234,19.95330810546875
generation,2307,61.75000071525574,15.709796905517578,54.37999963760376,19.11075210571289
generation,2308,59.3000054359436,18.981346130371094,54.28999662399292,19.269508361816406
generation,2309,59.75000262260437,18.02094268798828,53.92000079154968,19.51685905456543
generation,2310,59.450000524520874,18.044570922851562,54.329997301101685,19.35369873046875
generation,2311,58.500003814697266,19.560823440551758,53.81999611854553,19.543949127197266
generation,2312,59.60000157356262,18.02096939086914,54.29999828338623,18.893177032470703
generation,2313,59.450000524520874,18.289491653442383,54.919999837875366,19.708717346191406
generation,2314,59.50000286102295,17.990121841430664,54.579997062683105,18.949647903442383
generation,2315,58.55000019073486,17.431262969970703,54.5199990272522,19.000659942626953
generation,2316,59.50000286102295,18.70855140686035,53.689998388290405,20.3411808013916
generation,2317,58.60000252723694,18.733638763427734,55.000001192092896,18.710298538208008
generation,2318,60.350000858306885,17.302865982055664,54.329997301101685,18.873571395874023
generation,2319,60.600000619888306,16.853145599365234,54.72999811172485,18.80777359008789
generation,2320,59.400004148483276,18.928081512451172,54.329997301101685,19.9226131439209
generation,2321,59.75000262260437,18.028564453125,54.71000075340271,19.085979461669922
generation,2322,57.350003719329834,17.847354888916016,54.409998655319214,18.950044631958008
generation,2323,59.550005197525024,17.43670082092285,54.53000068664551,19.51923942565918
generation,2324,58.799999952316284,18.11037826538086,54.49000000953674,19.22858428955078
generation,2325,59.700000286102295,17.146650314331055,54.919999837875366,18.868642807006836
generation,2326,60.00000238418579,17.851037979125977,54.46000099182129,19.33810806274414
generation,2327,58.30000042915344,18.718278884887695,54.57000136375427,18.92347526550293
generation,2328,59.550005197525024,18.227581024169922,54.35999631881714,19.719120025634766
generation,2329,58.900004625320435,19.818588256835938,53.97999882698059,19.99258804321289
generation,2330,58.45000147819519,18.858509063720703,55.04999756813049,19.019149780273438
generation,2331,57.600003480911255,19.871078491210938,53.90999913215637,19.342500686645508
generation,2332,59.6500039100647,17.847591400146484,54.82000112533569,18.31389617919922
generation,2333,58.30000042915344,17.849802017211914,54.829996824264526,18.39818000793457
generation,2334,58.40000510215759,18.16656494140625,54.2199969291687,18.9036865234375
generation,2335,59.150004386901855,18.198205947875977,54.28000092506409,19.28718376159668
generation,2336,60.600000619888306,17.84095001220703,54.649996757507324,19.071870803833008
generation,2337,58.900004625320435,19.238815307617188,54.47999835014343,19.536924362182617
generation,2338,57.90000557899475,18.478382110595703,54.93000149726868,18.823060989379883
generation,2339,60.450005531311035,17.872100830078125,54.53000068664551,18.46109962463379
generation,2340,57.8000009059906,19.445261001586914,54.75999712944031,19.38372039794922
generation,2341,60.9000027179718,18.30309295654297,53.96000146865845,19.89855194091797
generation,2342,60.55000424385071,16.629844665527344,54.80999946594238,19.02254295349121
generation,2343,58.799999952316284,17.53114128112793,54.76999878883362,19.340055465698242
generation,2344,59.00000333786011,19.094385147094727,55.469995737075806,18.900897979736328
generation,2345,59.550005197525024,17.357030868530273,54.72999811172485,19.104583740234375
generation,2346,58.900004625320435,18.732425689697266,54.420000314712524,18.903057098388672
generation,2347,61.000001430511475,17.053417205810547,54.969996213912964,18.909046173095703
generation,2348,60.80000400543213,16.940000534057617,54.969996213912964,18.909046173095703
generation,2349,59.50000286102295,18.090383529663086,54.79999780654907,19.388092041015625
generation,2350,58.55000019073486,19.242795944213867,54.649996757507324,19.387977600097656
generation,2351,59.6500039100647,17.662616729736328,54.409998655319214,19.41820526123047
generation,2352,57.64999985694885,18.455198287963867,54.75999712944031,18.490440368652344
generation,2353,60.750001668930054,16.993812561035156,54.93999719619751,18.714794158935547
generation,2354,58.05000066757202,19.160240173339844,54.12999987602234,19.447805404663086
generation,2355,59.3500018119812,18.55885887145996,54.2199969291687,19.30555534362793
generation,2356,57.50000476837158,19.431007385253906,54.969996213912964,19.060237884521484
generation,2357,58.500003814697266,18.326236724853516,54.37999963760376,19.442180633544922
generation,2358,58.000004291534424,18.193302154541016,54.44999933242798,19.362659454345703
generation,2359,58.500003814697266,18.067480087280273,55.01999855041504,18.64373207092285
generation,2360,62.40000128746033,16.65814208984375,54.579997062683105,19.291101455688477
generation,2361,62.10000514984131,17.345718383789062,55.01999855041504,18.64373207092285
generation,2362,60.55000424385071,17.673782348632812,54.55999970436096,19.19993019104004
generation,2363,59.700000286102295,17.592275619506836,54.54999804496765,18.868703842163086
generation,2364,59.90000367164612,17.94249725341797,54.10999655723572,19.100948333740234
generation,2365,57.64999985694885,19.092052459716797,54.21000123023987,19.407499313354492
generation,2366,59.85000133514404,18.496421813964844,54.53999638557434,19.517850875854492
generation,2367,58.40000510215759,18.63336181640625,54.37999963760376,19.383203506469727
generation,2368,59.75000262260437,18.338111877441406,54.12999987602234,19.502695083618164
generation,2369,59.75000262260437,18.837039947509766,54.32000160217285,19.588768005371094
generation,2370,58.70000123977661,17.898571014404297,55.12999892234802,18.703161239624023
generation,2371,59.10000205039978,18.367677688598633,54.409998655319214,18.95172882080078
generation,2372,60.100001096725464,17.461650848388672,54.649996757507324,18.65834617614746
generation,2373,59.150004386901855,18.83953857421875,54.60000038146973,19.552444458007812
generation,2374,59.700000286102295,17.331838607788086,53.96999716758728,18.7413387298584
generation,2375,59.00000333786011,19.483646392822266,55.14000058174133,19.5666446685791
generation,2376,60.15000343322754,18.097726821899414,54.71999645233154,18.935508728027344
generation,2377,59.75000262260437,18.59322738647461,54.670000076293945,19.729888916015625
generation,2378,61.000001430511475,16.981016159057617,54.15999889373779,19.898141860961914
generation,2379,60.750001668930054,17.225528717041016,54.64000105857849,18.982431411743164
generation,2380,59.6500039100647,17.86582374572754,54.93000149726868,18.975439071655273
generation,2381,58.55000019073486,18.797658920288086,54.21000123023987,18.906667709350586
generation,2382,61.10000014305115,16.831979751586914,54.53999638557434,19.271547317504883
generation,2383,60.15000343322754,18.026222229003906,54.71999645233154,19.122652053833008
generation,2384,58.55000019073486,17.542905807495117,54.21000123023987,18.973432540893555
generation,2385,59.20000076293945,18.40226936340332,54.44999933242798,18.88160514831543
generation,2386,59.90000367164612,18.670528411865234,54.46000099182129,19.631799697875977
generation,2387,58.95000100135803,18.67868995666504,54.36999797821045,19.145648956298828
generation,2388,59.50000286102295,18.70296287536621,54.5199990272522,19.690759658813477
generation,2389,60.30000448226929,18.459430694580078,54.329997301101685,19.33768081665039
generation,2390,59.150004386901855,18.514293670654297,54.36999797821045,18.711509704589844
generation,2391,59.75000262260437,18.716861724853516,54.909998178482056,18.408899307250977
generation,2392,58.15000534057617,18.077171325683594,55.059999227523804,19.16148567199707
generation,2393,59.400004148483276,18.205427169799805,54.47999835014343,19.27373695373535
generation,2394,60.00000238418579,17.719205856323242,54.47999835014343,19.129724502563477
generation,2395,61.000001430511475,17.121227264404297,54.60000038146973,18.903165817260742
generation,2396,58.85000228881836,18.497230529785156,54.1700005531311,19.169021606445312
generation,2397,59.3000054359436,17.957721710205078,54.089999198913574,19.07001495361328
generation,2398,60.100001096725464,18.676719665527344,54.85999584197998,19.60361099243164
generation,2399,59.3500018119812,18.071638107299805,55.27999997138977,19.004480361938477
generation,2400,60.050004720687866,17.85249137878418,55.09999990463257,18.99821662902832
generation,2401,60.750001668930054,18.31170654296875,54.53999638557434,19.312042236328125
generation,2402,59.800004959106445,17.618587493896484,54.85999584197998,19.19984245300293
generation,2403,58.30000042915344,19.039140701293945,55.25999665260315,18.95256805419922
generation,2404,59.800004959106445,17.410715103149414,53.999996185302734,19.573423385620117
generation,2405,59.50000286102295,17.784805297851562,54.5199990272522,18.942880630493164
generation,2406,61.55000329017639,16.671491622924805,54.68999743461609,18.806201934814453
generation,2407,60.55000424385071,16.643346786499023,54.35999631881714,19.017072677612305
generation,2408,59.05000567436218,17.1742000579834,54.8799991607666,18.65272331237793
generation,2409,58.250004053115845,18.569387435913086,54.6999990940094,18.728506088256836
generation,2410,59.25000309944153,17.560754776000977,54.8799991607666,18.32001495361328
generation,2411,61.500000953674316,16.818866729736328,54.329997301101685,19.759971618652344
generation,2412,60.15000343322754,17.13373374938965,54.8799991607666,18.4124813079834
generation,2413,61.15000247955322,17.993751525878906,53.96000146865845,20.431610107421875
generation,2414,58.70000123977661,19.16245460510254,54.28999662399292,19.295713424682617
generation,2415,60.750001668930054,18.138620376586914,54.46000099182129,19.592199325561523
generation,2416,61.15000247955322,17.392044067382812,54.18999791145325,19.27992820739746
generation,2417,60.050004720687866,17.20906639099121,53.96999716758728,19.095169067382812
generation,2418,59.6500039100647,17.985708236694336,53.96999716758728,19.095169067382812
generation,2419,61.15000247955322,17.675203323364258,54.94999885559082,19.43535614013672
generation,2420,60.15000343322754,17.1467342376709,54.71999645233154,18.732982635498047
generation,2421,60.200005769729614,17.04847526550293,54.32000160217285,19.1577091217041
generation,2422,59.75000262260437,17.85749053955078,54.659998416900635,19.14777946472168
generation,2423,60.9000027179718,16.902915954589844,54.85999584197998,19.004127502441406
generation,2424,59.150004386901855,17.72165298461914,54.49000000953674,18.882740020751953
generation,2425,60.700005292892456,18.029565811157227,54.499995708465576,19.43806266784668
generation,2426,58.05000066757202,19.798139572143555,54.71000075340271,19.465829849243164
generation,2427,61.650002002716064,16.457536697387695,54.44999933242798,18.937183380126953
generation,2428,58.85000228881836,17.809722900390625,54.6999990940094,18.626651763916016
generation,2429,60.200005769729614,17.31913948059082,54.60000038146973,18.830833435058594
generation,2430,58.40000510215759,19.861282348632812,54.259997606277466,19.484128952026367
generation,2431,59.10000205039978,17.97355079650879,55.059999227523804,19.20092010498047
generation,2432,57.40000009536743,18.995744705200195,54.649996757507324,19.10585594177246
generation,2433,58.500003814697266,18.286104202270508,54.79999780654907,18.981313705444336
generation,2434,59.20000076293945,17.861114501953125,53.97999882698059,19.267852783203125
generation,2435,59.3000054359436,18.147933959960938,55.04999756813049,18.674327850341797
generation,2436,59.50000286102295,17.413896560668945,54.14000153541565,19.51321792602539
generation,2437,60.25000214576721,17.402944564819336,54.420000314712524,18.472007751464844
generation,2438,58.20000171661377,19.074871063232422,54.29999828338623,19.365388870239258
generation,2439,58.40000510215759,19.40735626220703,54.64000105857849,19.450448989868164
generation,2440,59.550005197525024,17.266441345214844,54.78999614715576,18.479198455810547
generation,2441,60.40000319480896,16.8878116607666,53.64999771118164,18.49614906311035
generation,2442,59.05000567436218,17.355968475341797,54.78999614715576,18.479198455810547
generation,2443,59.6500039100647,18.040206909179688,54.10999655723572,19.46869468688965
generation,2444,60.80000400543213,17.12269401550293,54.86999750137329,18.773988723754883
generation,2445,59.90000367164612,17.25007438659668,54.85000014305115,18.948095321655273
generation,2446,60.200005769729614,17.091520309448242,54.85000014305115,19.01380729675293
generation,2447,61.95000410079956,17.379146575927734,55.070000886917114,18.864782333374023
generation,2448,60.200005769729614,18.219873428344727,54.30999994277954,18.799280166625977
generation,2449,59.75000262260437,17.582056045532227,54.53000068664551,19.328086853027344
generation,2450,59.800004959106445,18.37151527404785,54.57000136375427,19.5911922454834
generation,2451,59.00000333786011,18.474565505981445,54.83999848365784,19.429203033447266
generation,2452,61.15000247955322,17.291303634643555,54.85000014305115,19.01380729675293
generation,2453,60.9000027179718,18.522043228149414,54.350000619888306,19.322336196899414
generation,2454,60.25000214576721,16.899015426635742,54.420000314712524,19.534709930419922
generation,2455,58.85000228881836,18.129953384399414,53.89999747276306,19.30467987060547
generation,2456,59.05000567436218,18.769390106201172,54.43999767303467,18.595264434814453
generation,2457,59.400004148483276,18.923072814941406,54.100000858306885,20.22077751159668
generation,2458,60.25000214576721,17.20563316345215,54.989999532699585,18.707246780395508
generation,2459,61.15000247955322,17.09850311279297,54.57000136375427,19.285615921020508
generation,2460,61.000001430511475,17.431926727294922,54.82000112533569,18.752901077270508
generation,2461,59.05000567436218,17.445642471313477,54.67999577522278,18.600324630737305
generation,2462,59.450000524520874,18.87579345703125,54.94999885559082,19.59708595275879
generation,2463,61.2000048160553,16.671358108520508,54.82000112533569,18.6001033782959
generation,2464,59.10000205039978,16.784208297729492,54.3999969959259,18.636844635009766
generation,2465,59.25000309944153,18.3117733001709,55.00999689102173,19.181495666503906
generation,2466,61.000001430511475,17.755596160888672,54.750001430511475,18.94038963317871
generation,2467,59.800004959106445,17.375560760498047,54.93000149726868,18.907533645629883
generation,2468,60.450005531311035,17.92561149597168,54.499995708465576,19.01601219177246
generation,2469,60.100001096725464,18.50234031677246,54.55999970436096,19.37396812438965
generation,2470,58.799999952316284,17.67137908935547,55.01999855041504,18.950321197509766
generation,2471,60.700005292892456,18.04905128479004,55.12999892234802,18.819446563720703
generation,2472,59.6500039100647,17.53046989440918,54.909998178482056,18.681808471679688
generation,2473,59.950000047683716,17.377628326416016,54.53000068664551,18.754961013793945
generation,2474,57.95000195503235,18.780134201049805,54.79999780654907,19.243789672851562
generation,2475,58.75000357627869,18.735570907592773,54.93000149726868,18.917476654052734
generation,2476,59.400004148483276,18.66162109375,54.72999811172485,19.54364776611328
generation,2477,59.85000133514404,17.826414108276367,54.670000076293945,18.357776641845703
generation,2478,58.799999952316284,17.66795539855957,54.85999584197998,19.195053100585938
generation,2479,59.20000076293945,17.773176193237305,54.93000149726868,18.61246109008789
generation,2480,58.60000252723694,18.26325798034668,54.420000314712524,19.02678680419922
generation,2481,59.550005197525024,18.908357620239258,53.71999740600586,19.780094146728516
generation,2482,58.900004625320435,18.261110305786133,54.96000051498413,19.09164047241211
generation,2483,60.50000190734863,18.130483627319336,55.3600013256073,18.99412727355957
generation,2484,60.15000343322754,16.622238159179688,53.72999906539917,18.554813385009766
generation,2485,59.6500039100647,17.935932159423828,54.83999848365784,18.205049514770508
generation,2486,59.3500018119812,19.699644088745117,55.04999756813049,19.623044967651367
generation,2487,59.6500039100647,16.736507415771484,54.83999848365784,18.205049514770508
generation,2488,60.050004720687866,18.399349212646484,54.6999990940094,19.042194366455078
generation,2489,59.3500018119812,19.237966537475586,55.19999861717224,19.131303787231445
generation,2490,59.800004959106445,16.308137893676758,54.83999848365784,18.205049514770508
generation,2491,60.700005292892456,15.813514709472656,55.46000003814697,18.25537109375
generation,2492,60.600000619888306,17.175779342651367,55.07999658584595,18.844036102294922
generation,2493,59.450000524520874,18.47024154663086,55.73999881744385,19.20690155029297
generation,2494,60.55000424385071,16.81839370727539,54.62999939918518,18.838354110717773
generation,2495,58.70000123977661,17.97386932373047,55.19999861717224,19.312667846679688
generation,2496,59.60000157356262,17.354890823364258,55.32999634742737,18.5605411529541
generation,2497,59.950000047683716,17.167369842529297,55.15999794006348,18.734548568725586
generation,2498,60.450005531311035,17.21363639831543,54.61999773979187,19.000885009765625
generation,2499,59.05000567436218,17.832809448242188,55.27999997138977,18.76967430114746
generation,2500,59.90000367164612,17.618736267089844,54.29999828338623,19.096139907836914
generation,2501,59.50000286102295,17.92917251586914,55.27999997138977,18.76967430114746
generation,2502,59.50000286102295,18.95871925354004,55.11999726295471,19.80070686340332
generation,2503,59.10000205039978,18.608776092529297,55.41999936103821,19.382814407348633
generation,2504,58.55000019073486,18.253746032714844,54.68999743461609,19.536863327026367
generation,2505,58.20000171661377,19.683401107788086,54.28999662399292,19.925067901611328
generation,2506,60.050004720687866,17.11026382446289,54.93000149726868,18.905364990234375
generation,2507,59.3000054359436,18.22394561767578,54.79999780654907,19.202852249145508
generation,2508,59.950000047683716,18.265438079833984,54.750001430511475,19.3992862701416
generation,2509,59.950000047683716,17.954479217529297,55.08999824523926,19.35025405883789
generation,2510,60.95000505447388,16.97832679748535,55.14000058174133,18.834230422973633
generation,2511,60.50000190734863,16.407691955566406,55.19999861717224,18.638050079345703
generation,2512,59.150004386901855,16.932538986206055,54.919999837875366,18.74090003967285
generation,2513,60.200005769729614,17.25352668762207,55.21000027656555,18.6849308013916
generation,2514,60.750001668930054,17.86647605895996,54.6999990940094,19.226682662963867
generation,2515,60.450005531311035,17.40530776977539,54.60000038146973,19.14606475830078
generation,2516,58.75000357627869,18.661672592163086,55.08999824523926,19.020551681518555
generation,2517,61.2000048160553,17.497594833374023,55.3600013256073,19.42875862121582
generation,2518,59.550005197525024,16.651168823242188,55.239999294281006,18.407333374023438
generation,2519,61.05000376701355,17.311752319335938,54.969996213912964,19.09539794921875
generation,2520,59.75000262260437,17.765094757080078,54.979997873306274,19.037242889404297
generation,2521,59.700000286102295,17.59733009338379,54.68999743461609,19.27161979675293
generation,2522,59.3000054359436,18.459264755249023,55.03000020980835,19.092714309692383
generation,2523,59.85000133514404,17.899559020996094,54.80999946594238,19.034011840820312
generation,2524,58.45000147819519,17.59982681274414,55.1800012588501,18.899799346923828
generation,2525,58.60000252723694,19.371540069580078,54.43999767303467,19.494958877563477
generation,2526,59.450000524520874,17.885927200317383,55.2899956703186,18.819944381713867
generation,2527,58.35000276565552,17.741512298583984,55.2899956703186,18.819944381713867
generation,2528,60.30000448226929,18.5467586517334,55.18999695777893,19.337358474731445
generation,2529,60.100001096725464,18.016252517700195,55.309998989105225,18.689483642578125
generation,2530,60.40000319480896,18.656375885009766,54.71999645233154,19.558712005615234
generation,2531,58.75000357627869,19.29730796813965,55.15999794006348,19.056896209716797
generation,2532,58.1000030040741,18.057329177856445,54.739999771118164,19.25033950805664
generation,2533,60.200005769729614,17.97460174560547,54.96000051498413,19.04808235168457
generation,2534,60.050004720687866,18.024873733520508,55.44999837875366,19.022571563720703
generation,2535,60.450005531311035,17.423336029052734,54.750001430511475,18.854862213134766
generation,2536,61.10000014305115,17.304563522338867,55.46000003814697,18.233373641967773
generation,2537,60.450005531311035,17.88018798828125,54.909998178482056,18.89097023010254
generation,2538,59.05000567436218,18.74171257019043,55.309998989105225,18.927207946777344
generation,2539,60.100001096725464,17.177600860595703,55.43000102043152,18.98453712463379
generation,2540,59.00000333786011,17.25669288635254,54.899996519088745,18.715373992919922
generation,2541,60.40000319480896,17.596548080444336,54.969996213912964,19.24115562438965
generation,2542,61.500000953674316,16.050765991210938,55.64999580383301,18.898290634155273
generation,2543,58.500003814697266,18.468502044677734,54.85000014305115,18.66594886779785
generation,2544,60.200005769729614,17.774995803833008,54.75999712944031,18.760047912597656
generation,2545,61.15000247955322,17.82308578491211,56.02999925613403,18.669355392456055
generation,2546,59.800004959106445,17.761463165283203,54.85000014305115,18.981460571289062
generation,2547,60.65000295639038,16.74576187133789,54.53000068664551,18.69104766845703
generation,2548,57.750004529953,19.466753005981445,54.919999837875366,18.64171028137207
generation,2549,60.050004720687866,17.771408081054688,55.299997329711914,18.843807220458984
generation,2550,60.85000038146973,16.829675674438477,55.1800012588501,19.04886817932129
generation,2551,59.60000157356262,17.684656143188477,55.320000648498535,18.632976531982422
generation,2552,59.3000054359436,17.723865509033203,55.239999294281006,18.937755584716797
generation,2553,58.60000252723694,18.622211456298828,55.03999590873718,18.76630401611328
generation,2554,60.200005769729614,18.057579040527344,55.11999726295471,18.70862579345703
generation,2555,60.750001668930054,17.273147583007812,55.16999959945679,19.013931274414062
generation,2556,60.450005531311035,17.91803550720215,55.809998512268066,19.001388549804688
generation,2557,59.05000567436218,18.602460861206055,55.559998750686646,18.733501434326172
generation,2558,61.2000048160553,16.538496017456055,54.969996213912964,18.87036895751953
generation,2559,60.55000424385071,16.48760986328125,55.04999756813049,18.615633010864258
generation,2560,58.500003814697266,18.065698623657227,55.11000156402588,18.51718521118164
generation,2561,60.50000190734863,17.166500091552734,54.76999878883362,19.344221115112305
generation,2562,61.45000457763672,16.936294555664062,55.000001192092896,18.48508071899414
generation,2563,60.200005769729614,17.504838943481445,55.03000020980835,18.811803817749023
generation,2564,60.25000214576721,16.760684967041016,55.26999831199646,18.310077667236328
generation,2565,61.2000048160553,17.008333206176758,55.26999831199646,18.56597900390625
generation,2566,59.25000309944153,17.438074111938477,55.00999689102173,19.107852935791016
generation,2567,61.05000376701355,16.708986282348633,54.969996213912964,18.96993637084961
generation,2568,60.9000027179718,18.090734481811523,55.570000410079956,19.14417839050293
generation,2569,59.25000309944153,18.911033630371094,55.32999634742737,18.99132537841797
generation,2570,59.00000333786011,18.07270050048828,55.44999837875366,18.611652374267578
generation,2571,60.600000619888306,17.331439971923828,55.21000027656555,19.10291862487793
generation,2572,61.75000071525574,18.551597595214844,55.08999824523926,19.75768280029297
generation,2573,60.100001096725464,18.432889938354492,55.50999641418457,18.77549934387207
generation,2574,58.85000228881836,18.201679229736328,54.72999811172485,18.70107650756836
generation,2575,60.450005531311035,17.874008178710938,54.72999811172485,19.04423713684082
generation,2576,58.55000019073486,18.021522521972656,55.32999634742737,18.159399032592773
generation,2577,60.95000505447388,16.777816772460938,54.72999811172485,18.852495193481445
generation,2578,58.799999952316284,17.761892318725586,55.33999800682068,18.283754348754883
generation,2579,60.15000343322754,16.883142471313477,54.46999669075012,19.30664825439453
generation,2580,60.95000505447388,16.779043197631836,55.37999868392944,18.769744873046875
generation,2581,61.55000329017639,17.409576416015625,55.09999990463257,18.657573699951172
generation,2582,61.15000247955322,17.61206817626953,54.86999750137329,19.060508728027344
generation,2583,60.600000619888306,17.707246780395508,54.79999780654907,19.320106506347656
generation,2584,59.950000047683716,18.494810104370117,54.670000076293945,19.27446937561035
generation,2585,58.30000042915344,18.76259994506836,54.659998416900635,19.32532501220703
generation,2586,58.650004863739014,18.606369018554688,54.899996519088745,18.348100662231445
generation,2587,59.3000054359436,16.25274085998535,54.75999712944031,18.425533294677734
generation,2588,59.00000333786011,18.297462463378906,55.219995975494385,18.724037170410156
generation,2589,61.15000247955322,16.853622436523438,54.829996824264526,18.81036949157715
generation,2590,59.90000367164612,17.869081497192383,55.66999912261963,19.21643829345703
generation,2591,59.150004386901855,18.66087532043457,55.01999855041504,18.94161605834961
generation,2592,60.00000238418579,18.874420166015625,54.649996757507324,19.179752349853516
generation,2593,61.70000433921814,16.426490783691406,55.07999658584595,18.65276527404785
generation,2594,59.700000286102295,17.586809158325195,55.320000648498535,19.1384334564209
generation,2595,59.3000054359436,19.289493560791016,54.80999946594238,19.322572708129883
generation,2596,59.700000286102295,18.109174728393555,54.60999608039856,19.123699188232422
generation,2597,58.900004625320435,18.189517974853516,55.239999294281006,18.779338836669922
generation,2598,60.65000295639038,17.051109313964844,55.219995975494385,18.953956604003906
generation,2599,60.65000295639038,18.54422378540039,55.03000020980835,19.373966217041016
generation,2600,58.900004625320435,17.937719345092773,54.89000082015991,19.20267105102539
generation,2601,59.75000262260437,18.145275115966797,55.149996280670166,18.888019561767578
generation,2602,60.350000858306885,17.018354415893555,55.32999634742737,18.683135986328125
generation,2603,59.400004148483276,19.161102294921875,55.12999892234802,19.018890380859375
generation,2604,58.70000123977661,18.557865142822266,55.309998989105225,19.114910125732422
generation,2605,62.05000281333923,16.83942413330078,54.93000149726868,18.982954025268555
generation,2606,60.450005531311035,17.512914657592773,54.94999885559082,19.188798904418945
generation,2607,59.950000047683716,17.130956649780273,54.919999837875366,18.8098087310791
generation,2608,61.000001430511475,17.339937210083008,54.78999614715576,19.418354034423828
generation,2609,60.100001096725464,17.11027717590332,55.18999695777893,18.521697998046875
generation,2610,59.10000205039978,18.22337532043457,55.469995737075806,18.820032119750977
generation,2611,60.50000190734863,17.07426643371582,55.16999959945679,18.894006729125977
generation,2612,60.100001096725464,17.69355583190918,54.89000082015991,19.385730743408203
generation,2613,60.050004720687866,18.220539093017578,55.21000027656555,18.68181800842285
generation,2614,59.950000047683716,18.610414505004883,55.070000886917114,20.041378021240234
generation,2615,60.200005769729614,18.112140655517578,55.469995737075806,18.873449325561523
generation,2616,59.75000262260437,18.278329849243164,55.03999590873718,19.01758575439453
generation,2617,61.55000329017639,17.028789520263672,55.65999746322632,19.051435470581055
generation,2618,61.650002002716064,16.934377670288086,55.34999966621399,18.868850708007812
generation,2619,60.55000424385071,16.57257652282715,55.570000410079956,18.526865005493164
generation,2620,58.05000066757202,18.79475975036621,55.25999665260315,19.129459381103516
generation,2621,58.70000123977661,18.437108993530273,54.28999662399292,19.519357681274414
generation,2622,59.700000286102295,17.210054397583008,55.000001192092896,19.32732582092285
generation,2623,60.95000505447388,16.755537033081055,54.919999837875366,18.40680694580078
generation,2624,60.600000619888306,17.679790496826172,54.44999933242798,19.17245101928711
generation,2625,59.90000367164612,18.118175506591797,55.03000020980835,19.065166473388672
generation,2626,60.40000319480896,16.722347259521484,54.979997873306274,18.390296936035156
generation,2627,59.20000076293945,17.85411262512207,54.61999773979187,18.835323333740234
generation,2628,61.350005865097046,16.467058181762695,55.34999966621399,18.68128204345703
generation,2629,60.050004720687866,18.304546356201172,54.94999885559082,19.385011672973633
generation,2630,62.20000386238098,15.924456596374512,54.82000112533569,18.788684844970703
generation,2631,60.85000038146973,17.141237258911133,55.390000343322754,18.238536834716797
generation,2632,59.20000076293945,17.27646827697754,55.1800012588501,18.808061599731445
generation,2633,59.90000367164612,17.542171478271484,55.059999227523804,18.620319366455078
generation,2634,60.15000343322754,17.330703735351562,54.67999577522278,18.31882095336914
generation,2635,61.2000048160553,16.820816040039062,54.969996213912964,18.785791397094727
generation,2636,60.25000214576721,17.570026397705078,54.420000314712524,19.173290252685547
generation,2637,60.9000027179718,16.5026912689209,55.75999617576599,18.357131958007812
generation,2638,59.90000367164612,17.460800170898438,54.8799991607666,19.04738998413086
generation,2639,59.25000309944153,17.83993911743164,54.62999939918518,18.53095245361328
generation,2640,61.15000247955322,16.636716842651367,55.320000648498535,18.366973876953125
generation,2641,59.05000567436218,17.416051864624023,55.33999800682068,18.36626434326172
generation,2642,59.700000286102295,18.245925903320312,55.250000953674316,18.962541580200195
generation,2643,60.30000448226929,18.688634872436523,54.919999837875366,18.873889923095703
generation,2644,60.40000319480896,19.050989151000977,55.26999831199646,18.317386627197266
generation,2645,60.30000448226929,17.435930252075195,54.78000044822693,19.329538345336914
generation,2646,61.05000376701355,18.370508193969727,54.78999614715576,19.346813201904297
generation,2647,60.9000027179718,17.379941940307617,55.00999689102173,19.17909049987793
generation,2648,59.50000286102295,17.70478630065918,55.219995975494385,18.66544532775879
generation,2649,59.950000047683716,17.569517135620117,54.67999577522278,18.873735427856445
generation,2650,60.65000295639038,17.606420516967773,55.14000058174133,19.208786010742188
generation,2651,58.75000357627869,18.763879776000977,54.979997873306274,18.84220314025879
generation,2652,60.55000424385071,17.37605857849121,54.750001430511475,18.472057342529297
generation,2653,61.10000014305115,16.13938331604004,55.52999973297119,18.11082649230957
generation,2654,60.55000424385071,17.658056259155273,54.93999719619751,19.047910690307617
generation,2655,59.700000286102295,18.847339630126953,55.77999949455261,19.02742576599121
generation,2656,60.80000400543213,16.753324508666992,54.739999771118164,19.46025848388672
generation,2657,59.950000047683716,17.413814544677734,54.829996824264526,18.556974411010742
generation,2658,59.75000262260437,17.31019401550293,55.75999617576599,18.526931762695312
generation,2659,59.10000205039978,17.482067108154297,54.909998178482056,18.629453659057617
generation,2660,59.800004959106445,18.275062561035156,55.12999892234802,19.16217803955078
generation,2661,59.6500039100647,17.86392593383789,55.32999634742737,18.379722595214844
generation,2662,60.600000619888306,17.031387329101562,55.070000886917114,18.77301597595215
generation,2663,60.100001096725464,18.56126594543457,54.89000082015991,19.063032150268555
generation,2664,59.450000524520874,17.850248336791992,55.18999695777893,18.90216636657715
generation,2665,62.150001525878906,17.307477951049805,55.68999648094177,18.593814849853516
generation,2666,59.10000205039978,17.833751678466797,55.12999892234802,19.17424774169922
generation,2667,60.9000027179718,17.371475219726562,55.299997329711914,18.52129554748535
generation,2668,60.350000858306885,18.479028701782227,55.14000058174133,18.515668869018555
generation,2669,59.400004148483276,17.672489166259766,55.41999936103821,18.50258445739746
generation,2670,59.3500018119812,17.243619918823242,55.03000020980835,19.271995544433594
generation,2671,61.250001192092896,16.37326431274414,55.57999610900879,18.714275360107422
generation,2672,60.85000038146973,18.349979400634766,55.3600013256073,19.50395965576172
generation,2673,59.75000262260437,17.543678283691406,54.93999719619751,18.50105094909668
generation,2674,60.85000038146973,16.062498092651367,55.25999665260315,18.22673225402832
generation,2675,61.650002002716064,15.831643104553223,55.51999807357788,18.149391174316406
generation,2676,60.700005292892456,15.433967590332031,55.469995737075806,18.616247177124023
generation,2677,61.500000953674316,16.561830520629883,55.77999949455261,18.557241439819336
generation,2678,60.80000400543213,17.304443359375,55.41999936103821,18.80755615234375
generation,2679,62.40000128746033,16.081911087036133,55.43999671936035,18.690752029418945
generation,2680,60.450005531311035,17.386274337768555,55.04999756813049,18.795631408691406
generation,2681,62.60000467300415,16.646127700805664,55.869996547698975,18.800979614257812
generation,2682,62.300002574920654,17.182588577270508,55.82999587059021,18.851274490356445
generation,2683,59.800004959106445,17.70355987548828,55.82999587059021,18.851274490356445
generation,2684,61.2000048160553,16.06159019470215,54.93000149726868,18.43655776977539
generation,2685,58.650004863739014,17.506980895996094,55.46000003814697,18.86675262451172
generation,2686,58.70000123977661,17.81317138671875,55.12999892234802,18.321107864379883
generation,2687,61.650002002716064,17.390443801879883,55.48999905586243,19.499267578125
generation,2688,58.30000042915344,17.740816116333008,54.80999946594238,18.5173397064209
generation,2689,61.85000538825989,17.236894607543945,54.969996213912964,18.60638999938965
generation,2690,59.6500039100647,18.528871536254883,55.219995975494385,18.8116512298584
generation,2691,61.30000352859497,16.686233520507812,55.51999807357788,18.922462463378906
generation,2692,61.70000433921814,16.617246627807617,55.08999824523926,18.39702033996582
generation,2693,60.600000619888306,16.421510696411133,55.4099977016449,19.003524780273438
generation,2694,60.15000343322754,17.154123306274414,55.709999799728394,18.221662521362305
generation,2695,61.10000014305115,17.134695053100586,54.919999837875366,18.65614128112793
generation,2696,60.200005769729614,17.108423233032227,55.69999814033508,18.48586082458496
generation,2697,60.450005531311035,17.086315155029297,54.899996519088745,18.35972785949707
generation,2698,60.750001668930054,17.680593490600586,55.39999604225159,18.608917236328125
generation,2699,59.3000054359436,18.01376724243164,55.2899956703186,18.732440948486328
generation,2700,60.200005769729614,18.122249603271484,55.48999905586243,18.869731903076172
generation,2701,59.50000286102295,17.781452178955078,55.720001459121704,18.450727462768555
generation,2702,59.3000054359436,17.760725021362305,55.50000071525574,18.809091567993164
generation,2703,61.60000562667847,16.25056266784668,54.969996213912964,18.145875930786133
generation,2704,59.3000054359436,18.215696334838867,54.969996213912964,18.145875930786133
generation,2705,59.700000286102295,17.113630294799805,54.89000082015991,18.43050765991211
generation,2706,59.950000047683716,17.867080688476562,55.250000953674316,18.057247161865234
generation,2707,60.65000295639038,16.556310653686523,55.5400013923645,18.235004425048828
generation,2708,60.00000238418579,16.965932846069336,55.21000027656555,18.92434310913086
generation,2709,58.35000276565552,18.56543731689453,55.469995737075806,18.570497512817383
generation,2710,60.9000027179718,17.197725296020508,55.72999715805054,18.44207763671875
generation,2711,59.50000286102295,18.199947357177734,55.75999617576599,18.54660415649414
generation,2712,60.40000319480896,16.823219299316406,54.86999750137329,18.89447784423828
generation,2713,60.40000319480896,18.17779541015625,55.5899977684021,18.15435218811035
generation,2714,59.950000047683716,17.127986907958984,55.26999831199646,18.269758224487305
generation,2715,62.7500057220459,16.38007926940918,55.239999294281006,18.750585556030273
generation,2716,59.950000047683716,18.598464965820312,55.549997091293335,19.105127334594727
generation,2717,60.00000238418579,17.57802963256836,55.619996786117554,18.184961318969727
generation,2718,61.45000457763672,16.728839874267578,55.469995737075806,18.651493072509766
generation,2719,58.900004625320435,17.847978591918945,55.03000020980835,18.51274299621582
generation,2720,59.150004386901855,17.714033126831055,54.93999719619751,18.731548309326172
generation,2721,58.20000171661377,19.334157943725586,55.48999905586243,19.065114974975586
generation,2722,58.15000534057617,18.146385192871094,55.68000078201294,17.568889617919922
generation,2723,59.25000309944153,17.42552947998047,55.68000078201294,17.568889617919922
generation,2724,60.100001096725464,17.827836990356445,55.73999881744385,18.545211791992188
generation,2725,59.450000524520874,17.85732650756836,55.11000156402588,18.455810546875
generation,2726,61.95000410079956,16.39999771118164,55.59999942779541,18.048826217651367
generation,2727,59.950000047683716,16.65679931640625,55.91999888420105,17.882665634155273
generation,2728,60.100001096725464,16.4323787689209,55.46000003814697,18.38750457763672
generation,2729,61.05000376701355,17.14815902709961,55.12999892234802,18.511117935180664
generation,2730,58.000004291534424,19.867069244384766,55.229997634887695,19.12018394470215
generation,2731,59.60000157356262,17.45301628112793,55.68000078201294,17.973834991455078
generation,2732,59.3000054359436,16.990947723388672,55.50000071525574,18.357006072998047
generation,2733,60.350000858306885,16.81951141357422,55.91999888420105,18.45949363708496
generation,2734,61.250001192092896,16.739397048950195,55.26999831199646,18.252485275268555
generation,2735,60.100001096725464,18.018274307250977,56.15999698638916,17.99267578125
generation,2736,60.25000214576721,17.907299041748047,55.5400013923645,18.61079216003418
generation,2737,59.700000286102295,17.097808837890625,55.77999949455261,17.924022674560547
generation,2738,59.85000133514404,17.46950912475586,54.979997873306274,18.727798461914062
generation,2739,60.25000214576721,17.56913948059082,55.73999881744385,18.992088317871094
generation,2740,61.05000376701355,17.06687355041504,55.75999617576599,18.56307601928711
generation,2741,59.450000524520874,17.609886169433594,55.21000027656555,18.755897521972656
generation,2742,60.750001668930054,17.40787124633789,55.229997634887695,18.141416549682617
generation,2743,59.50000286102295,17.137855529785156,55.04999756813049,18.69021224975586
generation,2744,60.80000400543213,16.740768432617188,55.25999665260315,18.555553436279297
generation,2745,60.40000319480896,17.108779907226562,56.00999593734741,18.262470245361328
generation,2746,60.00000238418579,16.967727661132812,55.00999689102173,18.099109649658203
generation,2747,59.550005197525024,18.83331871032715,55.390000343322754,19.200185775756836
generation,2748,60.65000295639038,17.76734161376953,55.149996280670166,18.7801456451416
generation,2749,59.950000047683716,17.9608097076416,55.309998989105225,18.925430297851562
generation,2750,61.10000014305115,16.68309783935547,55.93999624252319,18.062820434570312
generation,2751,59.00000333786011,17.578182220458984,55.52999973297119,18.102622985839844
generation,2752,59.00000333786011,18.166236877441406,55.07999658584595,18.483783721923828
generation,2753,59.05000567436218,17.425363540649414,55.21000027656555,18.138486862182617
generation,2754,61.250001192092896,15.850753784179688,55.41999936103821,17.933937072753906
generation,2755,60.15000343322754,16.595829010009766,55.04999756813049,18.351411819458008
generation,2756,60.15000343322754,18.759273529052734,55.44999837875366,19.10555076599121
generation,2757,59.75000262260437,17.144641876220703,55.299997329711914,18.554702758789062
generation,2758,60.40000319480896,15.652364730834961,55.549997091293335,17.976543426513672
generation,2759,61.000001430511475,15.95022964477539,55.61000108718872,17.883501052856445
generation,2760,60.350000858306885,17.83965301513672,55.44999837875366,18.721328735351562
generation,2761,61.2000048160553,16.511167526245117,55.5899977684021,18.03079605102539
generation,2762,60.85000038146973,17.310279846191406,55.15999794006348,18.813343048095703
generation,2763,60.25000214576721,16.998624801635742,56.00000023841858,18.122913360595703
generation,2764,59.950000047683716,17.860477447509766,55.619996786117554,18.87991714477539
generation,2765,61.15000247955322,16.991243362426758,55.12999892234802,18.979032516479492
generation,2766,60.750001668930054,16.422584533691406,55.640000104904175,18.15785789489746
generation,2767,58.40000510215759,17.424760818481445,55.91999888420105,18.095783233642578
generation,2768,59.85000133514404,18.361223220825195,55.2899956703186,18.74990463256836
generation,2769,59.75000262260437,17.574874877929688,55.640000104904175,18.62267303466797
generation,2770,61.500000953674316,15.977760314941406,56.04999661445618,17.734817504882812
generation,2771,58.05000066757202,18.026962280273438,55.5400013923645,18.272846221923828
generation,2772,59.450000524520874,18.58868980407715,55.709999799728394,18.67255210876465
generation,2773,59.950000047683716,17.623056411743164,55.39999604225159,19.230913162231445
generation,2774,60.00000238418579,17.819162368774414,55.559998750686646,18.470415115356445
generation,2775,61.45000457763672,17.347030639648438,55.39999604225159,18.604393005371094
generation,2776,60.55000424385071,18.197586059570312,55.57999610900879,19.461545944213867
generation,2777,59.700000286102295,18.728145599365234,54.979997873306274,19.505613327026367
generation,2778,58.85000228881836,17.841127395629883,55.90999722480774,18.53895378112793
generation,2779,60.80000400543213,16.87787437438965,56.02999925613403,18.06772804260254
generation,2780,60.450005531311035,17.342313766479492,55.12999892234802,19.099918365478516
generation,2781,61.80000305175781,15.512445449829102,55.50000071525574,17.45309829711914
generation,2782,58.70000123977661,18.62087631225586,55.619996786117554,18.463388442993164
generation,2783,62.00000047683716,17.37555694580078,54.83999848365784,18.7619571685791
generation,2784,60.9000027179718,17.650691986083984,55.41999936103821,18.5869140625
generation,2785,59.400004148483276,17.728418350219727,55.900001525878906,17.999025344848633
generation,2786,60.450005531311035,16.728113174438477,55.83999752998352,18.0860538482666
generation,2787,59.6500039100647,17.770416259765625,55.26999831199646,18.735736846923828
generation,2788,60.55000424385071,16.153724670410156,56.199997663497925,17.64678192138672
generation,2789,60.30000448226929,17.38987922668457,56.18000030517578,18.10520362854004
generation,2790,60.750001668930054,16.75798988342285,56.18000030517578,17.88355255126953
generation,2791,59.6500039100647,17.65175437927246,56.01999759674072,18.22507095336914
generation,2792,61.60000562667847,16.13382911682129,56.18000030517578,18.10520362854004
generation,2793,61.250001192092896,16.51013946533203,56.01999759674072,18.48528480529785
generation,2794,58.799999952316284,18.059202194213867,55.21000027656555,18.87995147705078
generation,2795,59.800004959106445,17.7906436920166,55.18999695777893,18.325586318969727
generation,2796,60.80000400543213,17.125524520874023,55.5400013923645,18.632328033447266
generation,2797,61.05000376701355,17.230154037475586,55.50000071525574,17.98432731628418
generation,2798,60.85000038146973,17.412307739257812,55.809998512268066,18.3492488861084
generation,2799,60.200005769729614,18.03404426574707,55.00999689102173,18.758140563964844
generation,2800,60.25000214576721,17.105913162231445,56.05999827384949,18.375057220458984
generation,2801,59.75000262260437,17.34196662902832,55.000001192092896,18.238208770751953
generation,2802,60.55000424385071,17.46663475036621,55.799996852874756,18.609844207763672
generation,2803,61.350005865097046,16.088397979736328,54.78000044822693,18.745737075805664
generation,2804,60.100001096725464,17.856971740722656,55.309998989105225,18.783987045288086
generation,2805,60.25000214576721,17.65549087524414,55.46000003814697,18.335824966430664
generation,2806,60.65000295639038,16.088071823120117,55.19999861717224,18.62516212463379
generation,2807,59.950000047683716,17.706401824951172,55.66999912261963,18.678232192993164
generation,2808,61.250001192092896,18.077844619750977,55.50999641418457,18.898588180541992
generation,2809,61.10000014305115,17.541723251342773,55.50000071525574,18.169750213623047
generation,2810,61.650002002716064,16.75495147705078,55.7699978351593,18.218767166137695
generation,2811,62.7500057220459,16.901294708251953,55.61000108718872,17.883956909179688
generation,2812,61.350005865097046,16.955488204956055,55.83999752998352,18.310714721679688
generation,2813,62.300002574920654,16.036518096923828,55.83999752998352,18.016090393066406
generation,2814,61.05000376701355,15.954952239990234,55.52999973297119,17.70025634765625
generation,2815,59.3000054359436,18.461746215820312,55.83999752998352,18.310714721679688
generation,2816,59.800004959106445,18.31496238708496,55.549997091293335,18.87120246887207
generation,2817,60.25000214576721,17.469268798828125,56.01999759674072,18.309955596923828
generation,2818,60.450005531311035,17.055906295776367,56.129997968673706,18.189374923706055
generation,2819,59.3500018119812,17.817014694213867,56.129997968673706,18.189374923706055
generation,2820,60.450005531311035,17.67758560180664,55.41999936103821,18.864490509033203
generation,2821,59.950000047683716,17.947021484375,55.11999726295471,18.262542724609375
generation,2822,60.65000295639038,16.76512336730957,55.309998989105225,18.33858299255371
generation,2823,57.25000500679016,18.7502384185791,55.43999671936035,17.986841201782227
generation,2824,58.20000171661377,17.7564754486084,55.19999861717224,18.199888229370117
generation,2825,60.600000619888306,17.368680953979492,55.43999671936035,18.120248794555664
generation,2826,59.10000205039978,17.802156448364258,55.390000343322754,18.3486328125
generation,2827,58.70000123977661,18.193389892578125,55.68000078201294,18.31954002380371
generation,2828,58.650004863739014,17.624956130981445,55.59999942779541,17.950353622436523
generation,2829,60.200005769729614,17.40810775756836,55.97999691963196,18.454256057739258
generation,2830,59.85000133514404,18.856000900268555,55.50999641418457,18.577608108520508
generation,2831,59.90000367164612,17.697843551635742,54.85999584197998,18.157257080078125
generation,2832,60.600000619888306,16.85896873474121,55.68999648094177,18.0184383392334
generation,2833,61.400002241134644,16.66867446899414,55.25999665260315,18.44939613342285
generation,2834,60.95000505447388,16.306869506835938,56.220000982284546,18.249942779541016
generation,2835,60.750001668930054,17.34897804260254,55.26999831199646,18.53365135192871
generation,2836,60.9000027179718,16.845760345458984,55.7699978351593,18.04257583618164
generation,2837,61.05000376701355,17.079452514648438,55.879998207092285,18.26645278930664
generation,2838,59.25000309944153,17.08763885498047,55.27999997138977,18.391447067260742
generation,2839,61.350005865097046,16.639814376831055,55.97999691963196,17.996185302734375
generation,2840,60.25000214576721,17.853694915771484,55.32999634742737,18.694725036621094
generation,2841,61.2000048160553,16.269529342651367,55.51999807357788,18.191850662231445
generation,2842,61.10000014305115,16.33426284790039,55.69999814033508,18.10321807861328
generation,2843,62.10000514984131,15.28672981262207,55.629998445510864,18.085660934448242
generation,2844,60.85000038146973,17.025793075561523,55.82999587059021,18.089757919311523
generation,2845,60.00000238418579,16.683244705200195,56.22999668121338,17.903860092163086
generation,2846,61.350005865097046,15.94711971282959,56.22999668121338,17.903860092163086
generation,2847,61.350005865097046,17.05841064453125,55.77999949455261,18.453227996826172
generation,2848,63.200002908706665,16.11852264404297,56.22999668121338,17.903860092163086
generation,2849,62.05000281333923,16.553142547607422,55.39999604225159,18.484777450561523
generation,2850,60.00000238418579,17.251073837280273,55.98999857902527,18.05750846862793
generation,2851,61.650002002716064,16.29530906677246,55.43000102043152,18.115930557250977
generation,2852,61.30000352859497,16.483510971069336,56.11000061035156,18.447471618652344
generation,2853,62.40000128746033,16.527658462524414,55.86000084877014,18.150394439697266
generation,2854,61.95000410079956,16.82033348083496,55.720001459121704,18.13352394104004
generation,2855,60.30000448226929,17.93321418762207,55.879998207092285,18.390663146972656
generation,2856,62.150001525878906,16.448516845703125,55.75000047683716,19.027647018432617
generation,2857,60.95000505447388,18.13841438293457,56.290000677108765,18.0986328125
generation,2858,59.800004959106445,18.10654640197754,55.15999794006348,18.29496192932129
generation,2859,60.600000619888306,16.366687774658203,56.2999963760376,17.70244598388672
generation,2860,60.15000343322754,17.473989486694336,55.43000102043152,18.3779239654541
generation,2861,59.6500039100647,17.308807373046875,55.77999949455261,18.66863441467285
generation,2862,61.000001430511475,16.77695655822754,56.54999613761902,17.715478897094727
generation,2863,59.85000133514404,17.29128646850586,56.25999569892883,17.848834991455078
generation,2864,58.900004625320435,18.2031192779541,55.559998750686646,18.63744354248047
generation,2865,57.850003242492676,17.970109939575195,55.52999973297119,17.96518898010254
generation,2866,60.50000190734863,17.901473999023438,55.629998445510864,18.406091690063477
generation,2867,61.45000457763672,16.235353469848633,55.39999604225159,18.69980812072754
generation,2868,58.95000100135803,17.442480087280273,55.68999648094177,17.514204025268555
generation,2869,60.25000214576721,16.582305908203125,55.25999665260315,18.274633407592773
generation,2870,59.50000286102295,17.853689193725586,55.73999881744385,18.063488006591797
generation,2871,59.550005197525024,17.12263298034668,55.5400013923645,18.140911102294922
generation,2872,61.15000247955322,17.469728469848633,56.290000677108765,18.64409637451172
generation,2873,60.55000424385071,16.92096519470215,55.65999746322632,18.909343719482422
generation,2874,60.350000858306885,16.196226119995117,55.44999837875366,17.976938247680664
generation,2875,61.60000562667847,16.709291458129883,55.68000078201294,18.40277099609375
generation,2876,63.10000419616699,15.89266300201416,56.040000915527344,17.911983489990234
generation,2877,60.700005292892456,17.339929580688477,55.869996547698975,17.96860694885254
generation,2878,60.9000027179718,16.617050170898438,55.52999973297119,18.541236877441406
generation,2879,61.75000071525574,16.245250701904297,55.44999837875366,18.50204849243164
generation,2880,61.15000247955322,16.577491760253906,56.05999827384949,18.245887756347656
generation,2881,59.3500018119812,17.425540924072266,55.52999973297119,18.657651901245117
generation,2882,60.700005292892456,16.433025360107422,55.66999912261963,17.828031539916992
generation,2883,58.75000357627869,19.12730598449707,55.250000953674316,19.062990188598633
generation,2884,60.55000424385071,15.765215873718262,55.21000027656555,17.848159790039062
generation,2885,61.05000376701355,16.48874855041504,55.84999918937683,17.944580078125
generation,2886,60.65000295639038,16.255887985229492,55.93000054359436,17.6230525970459
generation,2887,58.85000228881836,17.78766441345215,55.75000047683716,18.075027465820312
generation,2888,61.000001430511475,16.865224838256836,55.86000084877014,17.775541305541992
generation,2889,60.25000214576721,18.114845275878906,56.209999322891235,18.910667419433594
generation,2890,60.100001096725464,18.384510040283203,56.13999962806702,19.007850646972656
generation,2891,61.10000014305115,15.957340240478516,56.05999827384949,18.32234001159668
generation,2892,61.45000457763672,16.426517486572266,56.4799964427948,17.916601181030273
generation,2893,58.70000123977661,17.918100357055664,55.79000115394592,18.384695053100586
generation,2894,60.65000295639038,16.616138458251953,55.64999580383301,18.12064552307129
generation,2895,63.15000057220459,15.213260650634766,56.09999895095825,18.061464309692383
generation,2896,61.15000247955322,16.870834350585938,55.7699978351593,18.082509994506836
generation,2897,59.25000309944153,17.792753219604492,56.01999759674072,18.447294235229492
generation,2898,61.500000953674316,17.05746078491211,56.30999803543091,18.03709602355957
generation,2899,62.05000281333923,16.248538970947266,55.77999949455261,18.028240203857422
generation,2900,60.15000343322754,16.786361694335938,55.93000054359436,17.416669845581055
generation,2901,61.05000376701355,17.375377655029297,56.129997968673706,18.233644485473633
generation,2902,60.100001096725464,17.557758331298828,55.5899977684021,18.314985275268555
generation,2903,59.00000333786011,18.143938064575195,56.22999668121338,18.337203979492188
generation,2904,61.45000457763672,16.280305862426758,55.97999691963196,17.89647102355957
generation,2905,60.80000400543213,15.976125717163086,55.21000027656555,17.661911010742188
generation,2906,61.250001192092896,17.906036376953125,55.51999807357788,18.43290901184082
generation,2907,60.80000400543213,17.583608627319336,56.15000128746033,18.3620662689209
generation,2908,60.95000505447388,16.84103775024414,56.49999976158142,18.11216926574707
generation,2909,59.75000262260437,17.000343322753906,55.77999949455261,17.17717742919922
generation,2910,60.25000214576721,16.87453842163086,55.27999997138977,18.37388038635254
generation,2911,61.2000048160553,16.564361572265625,55.66999912261963,17.82709312438965
generation,2912,61.250001192092896,16.87643051147461,55.27999997138977,18.0648250579834
generation,2913,61.10000014305115,16.245742797851562,56.13999962806702,17.773391723632812
generation,2914,60.350000858306885,16.945873260498047,55.93000054359436,17.55862808227539
generation,2915,60.100001096725464,17.140588760375977,55.50000071525574,17.643814086914062
generation,2916,61.05000376701355,17.25615119934082,55.469995737075806,18.334056854248047
generation,2917,60.85000038146973,17.40267562866211,55.889999866485596,17.907596588134766
generation,2918,59.700000286102295,17.65811538696289,56.449997425079346,18.254419326782227
generation,2919,62.300002574920654,14.860222816467285,56.040000915527344,17.36094093322754
generation,2920,60.40000319480896,17.144189834594727,55.5899977684021,17.800315856933594
generation,2921,60.450005531311035,16.920888900756836,55.970001220703125,17.519235610961914
generation,2922,61.2000048160553,17.212400436401367,55.809998512268066,18.30023193359375
generation,2923,63.10000419616699,15.892324447631836,56.189996004104614,17.827497482299805
generation,2924,60.050004720687866,17.147165298461914,56.13999962806702,17.705068588256836
generation,2925,61.400002241134644,15.637313842773438,56.119996309280396,17.823495864868164
generation,2926,61.15000247955322,16.383255004882812,55.61000108718872,18.349220275878906
generation,2927,61.95000410079956,15.705093383789062,55.90999722480774,17.68726921081543
generation,2928,61.45000457763672,16.302209854125977,55.5400013923645,17.47844123840332
generation,2929,60.9000027179718,17.187915802001953,55.93999624252319,17.88878059387207
generation,2930,59.85000133514404,16.322851181030273,56.04999661445618,17.712373733520508
generation,2931,61.45000457763672,16.726940155029297,55.93000054359436,17.4119815826416
generation,2932,61.15000247955322,17.401010513305664,56.13999962806702,17.690279006958008
generation,2933,60.750001668930054,16.702911376953125,56.02999925613403,18.192716598510742
generation,2934,60.700005292892456,17.303098678588867,55.72999715805054,17.80246925354004
generation,2935,60.65000295639038,16.600404739379883,55.64999580383301,17.764434814453125
generation,2936,59.700000286102295,17.625274658203125,55.709999799728394,17.726293563842773
generation,2937,60.200005769729614,18.197834014892578,56.02999925613403,18.13485336303711
generation,2938,59.800004959106445,17.145442962646484,55.900001525878906,17.632396697998047
generation,2939,60.85000038146973,16.241220474243164,55.5899977684021,18.26805877685547
generation,2940,60.450005531311035,16.815513610839844,55.69999814033508,17.643001556396484
generation,2941,62.20000386238098,15.775666236877441,55.72999715805054,17.728309631347656
generation,2942,61.80000305175781,16.356590270996094,55.59999942779541,18.107601165771484
generation,2943,61.400002241134644,16.373685836791992,55.91999888420105,18.384593963623047
generation,2944,61.30000352859497,16.431713104248047,55.79000115394592,18.170696258544922
generation,2945,59.20000076293945,18.43920135498047,55.799996852874756,18.477855682373047
generation,2946,60.9000027179718,16.14763641357422,55.69999814033508,17.584762573242188
generation,2947,61.30000352859497,17.194520950317383,55.43999671936035,18.042537689208984
generation,2948,61.650002002716064,16.174365997314453,55.77999949455261,17.86298370361328
generation,2949,61.000001430511475,17.565303802490234,56.38999938964844,18.258268356323242
generation,2950,59.6500039100647,17.104942321777344,56.290000677108765,17.80410385131836
generation,2951,60.95000505447388,17.726181030273438,55.809998512268066,17.991886138916016
generation,2952,60.600000619888306,16.93641471862793,55.479997396469116,17.634891510009766
generation,2953,61.000001430511475,17.195430755615234,55.64999580383301,17.81056785583496
generation,2954,61.000001430511475,16.688631057739258,55.799996852874756,17.83184814453125
generation,2955,61.60000562667847,15.317987442016602,56.13999962806702,18.08332633972168
generation,2956,60.600000619888306,17.400114059448242,55.90999722480774,17.516618728637695
generation,2957,60.50000190734863,17.35451889038086,55.75999617576599,18.607654571533203
generation,2958,60.00000238418579,17.002239227294922,55.33999800682068,18.3461971282959
generation,2959,59.85000133514404,17.357940673828125,55.720001459121704,17.817358016967773
generation,2960,62.4500036239624,15.447868347167969,56.36000037193298,17.79481315612793
generation,2961,61.15000247955322,17.512147903442383,56.08999729156494,18.172956466674805
generation,2962,59.25000309944153,17.339019775390625,55.559998750686646,17.810810089111328
generation,2963,60.200005769729614,17.7760066986084,55.869996547698975,18.532489776611328
generation,2964,59.700000286102295,18.25731658935547,56.05999827384949,18.15704917907715
generation,2965,61.55000329017639,15.870279312133789,56.22999668121338,17.822376251220703
generation,2966,62.150001525878906,16.83219337463379,56.040000915527344,18.12047004699707
generation,2967,58.75000357627869,17.576812744140625,55.83999752998352,17.956531524658203
generation,2968,62.20000386238098,17.15989112854004,55.90999722480774,18.650737762451172
generation,2969,59.50000286102295,18.069988250732422,55.97999691963196,18.1168155670166
generation,2970,60.450005531311035,17.215301513671875,56.220000982284546,17.911365509033203
generation,2971,61.400002241134644,16.13726806640625,55.72999715805054,18.255855560302734
generation,2972,61.350005865097046,16.03370475769043,55.68000078201294,18.342544555664062
generation,2973,60.00000238418579,17.064146041870117,55.90999722480774,18.01449966430664
generation,2974,61.05000376701355,16.207263946533203,56.30999803543091,17.593093872070312
generation,2975,61.10000014305115,16.64697265625,56.119996309280396,17.447559356689453
generation,2976,60.200005769729614,17.164466857910156,56.00999593734741,18.173046112060547
generation,2977,60.55000424385071,15.837657928466797,56.209999322891235,17.195480346679688
generation,2978,61.10000014305115,16.145017623901367,55.69999814033508,17.66597557067871
generation,2979,60.55000424385071,16.457359313964844,55.879998207092285,17.69381332397461
generation,2980,60.25000214576721,17.249269485473633,55.73999881744385,17.83159065246582
generation,2981,61.30000352859497,16.930192947387695,55.229997634887695,17.947145462036133
generation,2982,62.05000281333923,15.733983039855957,55.86000084877014,17.689807891845703
generation,2983,62.00000047683716,15.540584564208984,56.41999840736389,18.244680404663086
generation,2984,61.400002241134644,16.276750564575195,55.390000343322754,17.591341018676758
generation,2985,61.80000305175781,16.45206642150879,55.970001220703125,17.42737579345703
generation,2986,60.9000027179718,17.41493034362793,55.5400013923645,18.28972053527832
generation,2987,60.30000448226929,17.33974838256836,56.05999827384949,17.44256019592285
generation,2988,61.70000433921814,17.492029190063477,55.82999587059021,18.92304229736328
generation,2989,59.550005197525024,17.669919967651367,55.98999857902527,17.861434936523438
generation,2990,59.85000133514404,16.393474578857422,56.209999322891235,17.38046646118164
generation,2991,60.200005769729614,17.65668296813965,55.7699978351593,18.456249237060547
generation,2992,60.450005531311035,16.553136825561523,55.79000115394592,17.623031616210938
generation,2993,59.400004148483276,17.65746307373047,56.08999729156494,17.584585189819336
generation,2994,60.450005531311035,17.732986450195312,55.84999918937683,17.977197647094727
generation,2995,61.350005865097046,16.35317039489746,55.43000102043152,17.620718002319336
generation,2996,61.650002002716064,15.807010650634766,55.93000054359436,17.223697662353516
generation,2997,60.9000027179718,15.768205642700195,55.41999936103821,17.528213500976562
generation,2998,59.90000367164612,17.124242782592773,55.1800012588501,17.793893814086914
generation,2999,62.150001525878906,15.688636779785156,56.07999563217163,17.74172592163086
generation,3000,62.550002336502075,16.50922393798828,56.13999962806702,17.90592384338379
generation,3001,59.75000262260437,17.058534622192383,55.64999580383301,17.589149475097656
generation,3002,60.600000619888306,16.865863800048828,55.97999691963196,17.934242248535156
generation,3003,59.90000367164612,17.459186553955078,56.63999915122986,17.73089027404785
generation,3004,60.85000038146973,16.598230361938477,56.199997663497925,17.677762985229492
generation,3005,61.55000329017639,16.465938568115234,55.809998512268066,18.116178512573242
generation,3006,61.30000352859497,17.12433433532715,55.68000078201294,18.357187271118164
generation,3007,59.450000524520874,17.696842193603516,55.69999814033508,18.34309959411621
generation,3008,59.950000047683716,17.77890396118164,56.86999559402466,17.516164779663086
generation,3009,59.700000286102295,17.935531616210938,55.98999857902527,17.61551856994629
generation,3010,59.50000286102295,17.189353942871094,55.77999949455261,17.417722702026367
generation,3011,62.40000128746033,15.71440601348877,55.82999587059021,17.953916549682617
generation,3012,62.00000047683716,15.604790687561035,55.799996852874756,17.952749252319336
generation,3013,60.30000448226929,17.578550338745117,55.5899977684021,18.347652435302734
generation,3014,60.95000505447388,16.405487060546875,55.65999746322632,17.758644104003906
generation,3015,61.350005865097046,16.938413619995117,56.290000677108765,17.802980422973633
generation,3016,61.30000352859497,15.758756637573242,55.90999722480774,17.51786231994629
generation,3017,60.80000400543213,16.303274154663086,55.889999866485596,18.10680389404297
generation,3018,60.25000214576721,17.33207893371582,55.93000054359436,18.16663932800293
generation,3019,60.100001096725464,17.32727813720703,55.68999648094177,17.561891555786133
generation,3020,60.25000214576721,17.122509002685547,56.15999698638916,17.529748916625977
generation,3021,61.45000457763672,17.31501579284668,55.69999814033508,17.52931785583496
generation,3022,62.10000514984131,15.686461448669434,56.519997119903564,17.67874526977539
generation,3023,59.75000262260437,16.986652374267578,55.90999722480774,17.433568954467773
generation,3024,61.10000014305115,16.182640075683594,55.59999942779541,17.330881118774414
generation,3025,60.100001096725464,17.43622398376465,55.149996280670166,18.03023338317871
generation,3026,61.30000352859497,17.14847183227539,56.15000128746033,18.15915870666504
generation,3027,62.4500036239624,15.749873161315918,55.68999648094177,18.34609603881836
generation,3028,60.700005292892456,16.608015060424805,55.879998207092285,17.252376556396484
generation,3029,62.00000047683716,16.544160842895508,55.5899977684021,18.087316513061523
generation,3030,61.75000071525574,15.915732383728027,55.57999610900879,17.9470272064209
generation,3031,60.750001668930054,17.427953720092773,55.070000886917114,18.61514663696289
generation,3032,61.45000457763672,17.323413848876953,55.629998445510864,18.37104606628418
generation,3033,60.100001096725464,17.275218963623047,56.01999759674072,18.255212783813477
generation,3034,60.80000400543213,17.194541931152344,55.64999580383301,18.130826950073242
generation,3035,60.55000424385071,17.209253311157227,55.709999799728394,17.863191604614258
generation,3036,61.350005865097046,17.63808822631836,55.25999665260315,18.698881149291992
generation,3037,61.70000433921814,16.188980102539062,56.40000104904175,17.60877227783203
generation,3038,62.300002574920654,16.48263168334961,55.75000047683716,17.689273834228516
generation,3039,61.400002241134644,16.886938095092773,55.77999949455261,17.93210220336914
generation,3040,61.350005865097046,16.26788902282715,55.4099977016449,17.556636810302734
generation,3041,60.450005531311035,16.52467918395996,55.77999949455261,17.874338150024414
generation,3042,60.600000619888306,16.073467254638672,56.08999729156494,17.68370246887207
generation,3043,60.85000038146973,15.487017631530762,56.220000982284546,17.20552635192871
generation,3044,59.150004386901855,18.315977096557617,55.970001220703125,18.040164947509766
generation,3045,60.15000343322754,16.87108039855957,55.41999936103821,17.744144439697266
generation,3046,60.85000038146973,16.61687469482422,55.72999715805054,17.73954200744629
generation,3047,60.65000295639038,16.77130126953125,55.549997091293335,17.623733520507812
generation,3048,58.95000100135803,17.58083724975586,55.90999722480774,18.292190551757812
generation,3049,60.200005769729614,17.68643569946289,55.86000084877014,17.773540496826172
generation,3050,62.25000023841858,16.888153076171875,55.879998207092285,18.40135383605957
generation,3051,61.400002241134644,16.108402252197266,56.00000023841858,17.470590591430664
generation,3052,62.05000281333923,15.87586784362793,56.4300000667572,17.343412399291992
generation,3053,62.05000281333923,17.033100128173828,56.15000128746033,18.27733039855957
generation,3054,60.80000400543213,15.781632423400879,55.799996852874756,17.827739715576172
generation,3055,60.85000038146973,16.217952728271484,55.82999587059021,17.68389129638672
generation,3056,61.45000457763672,17.346725463867188,55.889999866485596,18.013044357299805
generation,3057,60.30000448226929,16.556764602661133,56.67999982833862,17.98823356628418
generation,3058,62.300002574920654,16.502038955688477,55.52999973297119,18.079607009887695
generation,3059,62.05000281333923,15.06515884399414,56.4799964427948,17.570999145507812
generation,3060,61.05000376701355,16.50467300415039,56.18000030517578,17.3404598236084
generation,3061,60.80000400543213,16.62328338623047,56.49999976158142,17.708751678466797
generation,3062,60.750001668930054,15.780288696289062,55.709999799728394,17.631465911865234
generation,3063,62.05000281333923,15.424428939819336,56.199997663497925,17.43795394897461
generation,3064,59.85000133514404,17.52534294128418,56.05999827384949,18.016746520996094
generation,3065,60.30000448226929,16.935775756835938,55.629998445510864,17.85735511779785
generation,3066,59.75000262260437,17.429597854614258,55.559998750686646,17.908157348632812
generation,3067,59.800004959106445,16.95710563659668,55.549997091293335,17.715686798095703
generation,3068,60.00000238418579,17.633718490600586,56.0699999332428,17.825586318969727
generation,3069,59.550005197525024,16.635961532592773,56.41999840736389,17.325822830200195
generation,3070,60.750001668930054,16.6558780670166,56.07999563217163,17.658098220825195
generation,3071,61.350005865097046,16.970155715942383,55.5899977684021,18.21376609802246
generation,3072,59.85000133514404,16.441783905029297,56.07999563217163,17.658098220825195
generation,3073,61.10000014305115,16.70912742614746,55.970001220703125,17.511117935180664
generation,3074,60.55000424385071,16.878395080566406,56.22999668121338,17.49283218383789
generation,3075,60.50000190734863,16.745948791503906,55.709999799728394,17.729795455932617
generation,3076,59.60000157356262,17.351619720458984,55.44999837875366,17.990480422973633
generation,3077,61.05000376701355,16.52184295654297,56.08999729156494,17.452320098876953
generation,3078,59.450000524520874,15.767268180847168,56.07999563217163,17.546340942382812
generation,3079,59.800004959106445,18.017181396484375,56.30999803543091,18.127527236938477
generation,3080,62.00000047683716,17.024097442626953,55.36999702453613,17.99544334411621
generation,3081,60.350000858306885,17.206279754638672,56.11000061035156,17.980226516723633
generation,3082,62.10000514984131,16.050228118896484,55.809998512268066,17.615489959716797
generation,3083,60.9000027179718,16.623947143554688,55.720001459121704,17.66511344909668
generation,3084,60.85000038146973,17.0179386138916,55.43999671936035,17.98317527770996
generation,3085,61.2000048160553,16.20943832397461,55.77999949455261,17.806400299072266
generation,3086,60.65000295639038,16.91964340209961,56.01999759674072,17.422407150268555
generation,3087,59.700000286102295,17.265573501586914,56.16999864578247,17.668458938598633
generation,3088,61.45000457763672,15.71156120300293,56.22999668121338,17.4885196685791
generation,3089,59.85000133514404,17.991453170776367,55.97999691963196,18.161109924316406
generation,3090,60.600000619888306,16.88668441772461,55.69999814033508,18.06746482849121
generation,3091,62.5,16.23582649230957,55.97999691963196,18.161109924316406
generation,3092,61.80000305175781,16.978221893310547,56.4799964427948,17.414438247680664
generation,3093,62.10000514984131,16.158552169799805,55.619996786117554,17.65121078491211
generation,3094,61.45000457763672,17.265104293823242,55.7699978351593,18.204641342163086
generation,3095,61.75000071525574,16.649892807006836,56.00000023841858,17.924943923950195
generation,3096,61.30000352859497,15.720135688781738,56.02999925613403,17.794221878051758
generation,3097,60.600000619888306,17.374767303466797,56.209999322891235,17.616296768188477
generation,3098,62.300002574920654,16.384876251220703,55.479997396469116,18.42728042602539
generation,3099,61.15000247955322,16.806547164916992,55.48999905586243,18.003507614135742
generation,3100,61.900001764297485,16.240190505981445,56.07999563217163,17.72173500061035
generation,3101,61.250001192092896,15.935914993286133,55.570000410079956,17.91046905517578
generation,3102,61.95000410079956,15.465166091918945,56.129997968673706,17.38309669494629
generation,3103,61.60000562667847,16.994043350219727,56.00999593734741,18.10531997680664
generation,3104,61.15000247955322,16.61418342590332,55.98999857902527,17.51166343688965
generation,3105,61.60000562667847,16.826217651367188,55.46000003814697,18.039155960083008
generation,3106,61.000001430511475,16.909605026245117,55.07999658584595,18.062925338745117
generation,3107,59.60000157356262,17.731760025024414,56.72999620437622,17.70865249633789
generation,3108,60.30000448226929,18.354721069335938,55.809998512268066,17.65955352783203
generation,3109,61.10000014305115,16.9148006439209,55.7699978351593,17.715312957763672
generation,3110,61.05000376701355,16.89875602722168,55.77999949455261,17.78677749633789
generation,3111,62.150001525878906,16.16734504699707,55.82999587059021,17.84852409362793
generation,3112,60.55000424385071,16.617448806762695,55.82999587059021,17.84852409362793
generation,3113,62.10000514984131,16.41765022277832,55.640000104904175,17.718454360961914
generation,3114,59.85000133514404,17.533287048339844,55.229997634887695,18.586902618408203
generation,3115,62.90000081062317,15.1945219039917,55.51999807357788,17.479280471801758
generation,3116,59.75000262260437,16.380661010742188,55.949997901916504,17.230920791625977
generation,3117,60.700005292892456,16.662748336791992,56.040000915527344,17.710432052612305
generation,3118,60.200005769729614,16.78297996520996,55.970001220703125,18.520849227905273
generation,3119,60.200005769729614,17.0720157623291,55.809998512268066,18.000707626342773
generation,3120,59.75000262260437,18.11874008178711,55.879998207092285,18.05466651916504
generation,3121,60.95000505447388,17.086421966552734,56.369996070861816,17.8747501373291
generation,3122,61.15000247955322,16.4155216217041,56.61999583244324,17.28993034362793
generation,3123,62.35000491142273,15.726099014282227,56.0699999332428,17.5357608795166
generation,3124,59.950000047683716,17.114179611206055,55.959999561309814,17.997074127197266
generation,3125,61.250001192092896,16.80076789855957,55.320000648498535,17.96149444580078
generation,3126,61.500000953674316,16.288881301879883,56.04999661445618,17.784198760986328
generation,3127,58.95000100135803,17.613445281982422,55.900001525878906,17.523588180541992
generation,3128,60.95000505447388,16.157527923583984,56.189996004104614,17.68073081970215
generation,3129,60.30000448226929,16.642105102539062,55.18999695777893,17.257610321044922
generation,3130,61.95000410079956,15.501623153686523,56.56999945640564,16.993427276611328
generation,3131,60.50000190734863,17.48360824584961,56.30999803543091,17.990367889404297
generation,3132,61.30000352859497,15.612445831298828,56.2999963760376,17.54744529724121
generation,3133,60.100001096725464,17.060672760009766,55.75999617576599,17.269702911376953
generation,3134,61.2000048160553,16.31464385986328,56.439995765686035,17.374570846557617
generation,3135,62.60000467300415,16.476655960083008,55.75000047683716,18.21257209777832
generation,3136,59.60000157356262,17.292879104614258,55.799996852874756,17.344993591308594
generation,3137,63.00000548362732,15.765813827514648,56.34999871253967,17.513582229614258
generation,3138,60.600000619888306,17.440732955932617,56.33999705314636,17.574905395507812
generation,3139,61.80000305175781,15.804905891418457,56.58999681472778,17.309600830078125
generation,3140,62.150001525878906,15.660273551940918,56.18000030517578,17.408958435058594
generation,3141,59.950000047683716,16.82276725769043,56.00999593734741,17.104860305786133
generation,3142,60.40000319480896,16.612966537475586,56.189996004104614,18.015605926513672
generation,3143,61.30000352859497,15.872947692871094,55.50999641418457,17.688722610473633
generation,3144,60.30000448226929,16.633525848388672,56.25999569892883,17.563812255859375
generation,3145,60.65000295639038,17.14313507080078,55.93000054359436,17.743648529052734
generation,3146,60.55000424385071,16.7273006439209,56.30999803543091,17.659719467163086
generation,3147,61.55000329017639,16.2345027923584,55.43000102043152,18.30101776123047
generation,3148,61.650002002716064,17.015819549560547,55.889999866485596,17.829368591308594
generation,3149,62.150001525878906,16.269134521484375,56.189996004104614,18.036123275756836
generation,3150,60.00000238418579,16.806608200073242,56.279999017715454,17.372800827026367
generation,3151,62.550002336502075,15.613726615905762,56.369996070861816,17.7073974609375
generation,3152,60.200005769729614,16.308700561523438,56.369996070861816,17.7073974609375
generation,3153,61.350005865097046,16.210979461669922,56.0699999332428,17.769611358642578
generation,3154,60.95000505447388,15.560422897338867,56.40000104904175,17.1000919342041
generation,3155,62.150001525878906,16.147695541381836,56.369996070861816,17.7073974609375
generation,3156,61.85000538825989,17.421470642089844,55.82000017166138,18.514055252075195
generation,3157,59.90000367164612,16.491777420043945,56.73999786376953,17.163860321044922
generation,3158,61.60000562667847,16.658449172973633,55.69999814033508,18.12101936340332
generation,3159,59.85000133514404,17.901342391967773,56.15999698638916,17.749631881713867
generation,3160,60.200005769729614,16.861276626586914,56.37999773025513,17.32229232788086
generation,3161,62.20000386238098,15.672257423400879,56.439995765686035,17.398075103759766
generation,3162,61.15000247955322,16.795379638671875,55.949997901916504,17.65135383605957
generation,3163,61.650002002716064,16.559595108032227,56.199997663497925,17.404579162597656
generation,3164,59.90000367164612,17.102161407470703,55.809998512268066,17.215280532836914
generation,3165,60.600000619888306,16.090129852294922,56.31999969482422,17.017902374267578
generation,3166,62.05000281333923,16.412113189697266,56.369996070861816,17.418493270874023
generation,3167,61.10000014305115,16.233251571655273,56.25999569892883,16.940391540527344
generation,3168,60.00000238418579,16.88319969177246,56.690001487731934,17.52720069885254
generation,3169,62.150001525878906,16.304290771484375,56.690001487731934,17.52720069885254
generation,3170,61.45000457763672,16.210914611816406,56.36000037193298,17.242231369018555
generation,3171,61.250001192092896,17.19327163696289,56.33000135421753,17.797199249267578
generation,3172,61.70000433921814,15.375070571899414,56.37999773025513,17.19916343688965
generation,3173,60.40000319480896,16.53600311279297,55.97999691963196,17.767927169799805
generation,3174,60.050004720687866,17.27033805847168,56.11000061035156,17.817737579345703
generation,3175,61.10000014305115,17.19915199279785,56.2999963760376,17.924436569213867
generation,3176,61.05000376701355,16.90894317626953,56.2999963760376,17.924436569213867
generation,3177,61.10000014305115,16.437891006469727,55.50999641418457,17.51304817199707
generation,3178,61.75000071525574,16.108137130737305,56.05999827384949,18.038808822631836
generation,3179,61.10000014305115,15.571572303771973,56.540000438690186,16.915027618408203
generation,3180,61.70000433921814,16.789714813232422,55.3600013256073,18.203962326049805
generation,3181,60.40000319480896,16.523366928100586,55.93000054359436,17.477277755737305
generation,3182,62.05000281333923,16.358659744262695,56.31999969482422,17.674846649169922
generation,3183,62.35000491142273,15.1649751663208,55.93000054359436,17.477277755737305
generation,3184,63.75000476837158,15.164944648742676,56.199997663497925,17.556480407714844
generation,3185,61.95000410079956,16.356796264648438,55.4099977016449,17.867509841918945
generation,3186,61.400002241134644,17.15565299987793,55.90999722480774,18.23493194580078
generation,3187,62.7500057220459,15.628138542175293,56.209999322891235,17.556564331054688
generation,3188,62.4500036239624,15.056954383850098,55.91999888420105,17.310091018676758
generation,3189,63.200002908706665,15.202484130859375,56.58000111579895,17.680082321166992
generation,3190,58.70000123977661,17.522218704223633,56.38999938964844,17.18231964111328
generation,3191,62.5,15.143899917602539,56.459999084472656,17.377527236938477
generation,3192,63.75000476837158,14.309857368469238,56.88999891281128,17.235902786254883
generation,3193,61.400002241134644,15.812472343444824,56.9599986076355,16.894548416137695
generation,3194,61.000001430511475,16.286788940429688,56.290000677108765,17.755348205566406
generation,3195,61.60000562667847,16.130966186523438,56.9599986076355,16.894548416137695
generation,3196,61.85000538825989,16.631956100463867,56.11000061035156,17.658571243286133
generation,3197,61.250001192092896,16.012603759765625,55.7699978351593,16.93050765991211
generation,3198,61.05000376701355,16.18738555908203,56.9599986076355,16.894548416137695
generation,3199,61.45000457763672,15.768515586853027,56.97999596595764,17.180938720703125
generation,3200,61.30000352859497,17.168941497802734,56.25999569892883,17.586942672729492
generation,3201,61.05000376701355,16.332366943359375,56.74999952316284,17.34905242919922
generation,3202,61.900001764297485,15.880385398864746,55.98999857902527,18.353891372680664
generation,3203,61.55000329017639,16.126623153686523,56.69999718666077,17.254985809326172
generation,3204,60.750001668930054,16.63858985900879,56.369996070861816,17.78936195373535
generation,3205,61.000001430511475,16.63448715209961,56.00000023841858,17.030651092529297
generation,3206,60.9000027179718,15.479104995727539,56.23999834060669,17.53017807006836
generation,3207,60.450005531311035,16.905838012695312,56.599998474121094,17.21131134033203
generation,3208,60.50000190734863,15.938528060913086,55.809998512268066,17.759841918945312
generation,3209,60.25000214576721,16.616662979125977,56.69999718666077,17.145078659057617
generation,3210,62.85000443458557,15.448114395141602,56.80999755859375,17.136220932006836
generation,3211,62.90000081062317,15.685771942138672,56.209999322891235,17.143226623535156
generation,3212,61.2000048160553,16.581871032714844,56.13999962806702,17.6675968170166
generation,3213,59.550005197525024,17.742399215698242,56.25999569892883,17.51032257080078
generation,3214,61.250001192092896,16.140737533569336,55.86000084877014,17.770362854003906
generation,3215,61.55000329017639,15.862589836120605,55.82999587059021,17.738176345825195
generation,3216,60.80000400543213,16.960479736328125,56.529998779296875,17.647968292236328
generation,3217,60.700005292892456,16.788270950317383,56.529998779296875,17.647968292236328
generation,3218,62.05000281333923,15.742810249328613,57.15000033378601,17.591419219970703
generation,3219,60.600000619888306,16.473281860351562,56.519997119903564,17.3184814453125
generation,3220,61.70000433921814,15.857601165771484,56.72999620437622,16.922863006591797
generation,3221,61.05000376701355,16.36334991455078,56.23999834060669,17.428991317749023
generation,3222,62.300002574920654,15.971231460571289,56.40999674797058,17.291217803955078
generation,3223,60.600000619888306,17.162559509277344,56.22999668121338,17.46731185913086
generation,3224,61.95000410079956,16.034610748291016,56.38999938964844,17.728952407836914
generation,3225,60.85000038146973,16.329681396484375,56.599998474121094,17.446086883544922
generation,3226,62.20000386238098,16.200695037841797,56.599998474121094,17.446086883544922
generation,3227,61.500000953674316,15.671914100646973,56.72000050544739,17.376375198364258
generation,3228,61.250001192092896,17.930700302124023,56.4799964427948,17.89957618713379
generation,3229,61.30000352859497,16.616497039794922,56.269997358322144,17.55362892150879
generation,3230,60.350000858306885,16.09576988220215,56.91999793052673,17.337038040161133
generation,3231,61.15000247955322,16.69085693359375,56.30999803543091,17.63465690612793
generation,3232,61.60000562667847,15.663630485534668,55.57999610900879,17.44680404663086
generation,3233,61.400002241134644,15.188194274902344,56.09999895095825,17.01127052307129
generation,3234,61.70000433921814,15.379439353942871,55.640000104904175,16.962244033813477
generation,3235,61.000001430511475,14.916024208068848,55.79000115394592,17.564043045043945
generation,3236,61.85000538825989,15.39692211151123,56.80999755859375,17.074235916137695
generation,3237,61.60000562667847,15.484115600585938,56.80999755859375,17.074235916137695
generation,3238,61.70000433921814,15.823163032531738,57.03999996185303,17.738140106201172
generation,3239,60.65000295639038,17.112743377685547,56.38999938964844,17.9489803314209
generation,3240,61.250001192092896,16.802074432373047,56.38999938964844,17.435937881469727
generation,3241,60.450005531311035,18.24384117126465,56.40999674797058,18.224794387817383
generation,3242,62.60000467300415,15.34358024597168,56.849998235702515,17.51249122619629
generation,3243,59.950000047683716,16.730167388916016,56.929999589920044,17.5054874420166
generation,3244,61.70000433921814,16.434043884277344,56.47000074386597,17.45563507080078
generation,3245,62.00000047683716,16.093847274780273,56.599998474121094,17.85773277282715
generation,3246,60.25000214576721,15.967522621154785,56.4300000667572,17.115678787231445
generation,3247,60.750001668930054,17.226343154907227,56.209999322891235,17.897357940673828
generation,3248,60.65000295639038,16.05190658569336,56.4799964427948,16.876291275024414
generation,3249,59.6500039100647,16.87132453918457,56.80999755859375,17.399850845336914
generation,3250,60.85000038146973,15.571599006652832,56.599998474121094,16.986087799072266
generation,3251,63.50000500679016,15.550162315368652,56.54999613761902,17.670501708984375
generation,3252,60.350000858306885,18.228763580322266,56.220000982284546,18.46871566772461
generation,3253,62.00000047683716,15.704630851745605,56.81999921798706,17.624113082885742
generation,3254,60.750001668930054,15.953904151916504,56.49999976158142,17.597291946411133
generation,3255,61.85000538825989,15.93858528137207,56.369996070861816,17.30121612548828
generation,3256,61.400002241134644,15.665860176086426,56.22999668121338,17.175914764404297
generation,3257,62.20000386238098,15.597635269165039,57.15000033378601,17.897098541259766
generation,3258,60.750001668930054,16.490331649780273,56.449997425079346,18.051305770874023
generation,3259,61.350005865097046,16.688549041748047,56.09999895095825,17.70623207092285
generation,3260,59.90000367164612,17.09664535522461,56.25,17.577672958374023
generation,3261,62.150001525878906,17.170862197875977,56.86999559402466,17.731189727783203
generation,3262,60.350000858306885,16.97016716003418,56.290000677108765,17.864164352416992
generation,3263,60.30000448226929,17.15838623046875,56.67999982833862,17.82656478881836
generation,3264,60.80000400543213,16.305326461791992,56.54999613761902,17.194122314453125
generation,3265,61.30000352859497,15.375794410705566,56.74999952316284,17.162233352661133
generation,3266,61.500000953674316,15.784327507019043,56.9599986076355,17.05068588256836
generation,3267,61.000001430511475,16.401315689086914,56.779998540878296,17.991931915283203
generation,3268,60.65000295639038,17.307586669921875,57.30999708175659,17.609872817993164
generation,3269,59.60000157356262,17.52775001525879,57.12999701499939,17.599950790405273
generation,3270,60.55000424385071,15.718015670776367,56.23999834060669,17.098098754882812
generation,3271,61.75000071525574,15.663236618041992,56.58999681472778,16.96066665649414
generation,3272,61.000001430511475,17.22627067565918,56.119996309280396,17.73857879638672
generation,3273,62.800002098083496,15.453107833862305,57.02999830245972,17.253870010375977
generation,3274,61.15000247955322,15.8237943649292,56.37999773025513,17.323728561401367
generation,3275,59.60000157356262,16.856842041015625,57.22999572753906,17.2142391204834
generation,3276,62.90000081062317,15.7339448928833,56.769996881484985,17.33709144592285
generation,3277,62.20000386238098,16.04279327392578,56.40999674797058,17.28927993774414
generation,3278,60.700005292892456,16.104188919067383,56.599998474121094,17.075761795043945
generation,3279,60.55000424385071,17.40582847595215,56.55999779701233,17.33010482788086
generation,3280,64.55000042915344,14.65371322631836,56.76000118255615,17.798046112060547
generation,3281,61.75000071525574,17.060218811035156,56.659996509552,17.843629837036133
generation,3282,61.30000352859497,16.102100372314453,56.81999921798706,17.271081924438477
generation,3283,62.00000047683716,15.733025550842285,56.369996070861816,17.435001373291016
generation,3284,61.05000376701355,15.697129249572754,56.74999952316284,17.112903594970703
generation,3285,62.7500057220459,15.491374015808105,56.51000142097473,17.285377502441406
generation,3286,62.150001525878906,16.227718353271484,57.15000033378601,16.909425735473633
generation,3287,62.85000443458557,14.995405197143555,56.519997119903564,17.461929321289062
generation,3288,61.75000071525574,15.949821472167969,56.23999834060669,18.001792907714844
generation,3289,61.500000953674316,16.343172073364258,56.58999681472778,17.389617919921875
generation,3290,63.25000524520874,15.528444290161133,56.599998474121094,17.29808235168457
generation,3291,62.65000104904175,15.496525764465332,56.67999982833862,16.759626388549805
generation,3292,60.95000505447388,16.846879959106445,56.51000142097473,18.009063720703125
generation,3293,61.250001192092896,16.979473114013672,56.599998474121094,17.294214248657227
generation,3294,60.50000190734863,16.41984748840332,56.23999834060669,17.51972770690918
generation,3295,59.950000047683716,15.596522331237793,56.119996309280396,16.737201690673828
generation,3296,62.10000514984131,15.357280731201172,56.839996576309204,16.750886917114258
generation,3297,60.050004720687866,17.24421501159668,56.540000438690186,17.532207489013672
generation,3298,60.80000400543213,16.31951332092285,55.50999641418457,17.486589431762695
generation,3299,60.40000319480896,16.30307388305664,56.65000081062317,17.14025115966797
generation,3300,61.95000410079956,16.433393478393555,57.179999351501465,17.433940887451172
generation,3301,58.95000100135803,16.941823959350586,55.82999587059021,17.544313430786133
generation,3302,63.200002908706665,14.814130783081055,56.38999938964844,17.08484649658203
generation,3303,61.30000352859497,16.459922790527344,56.97999596595764,17.481666564941406
generation,3304,60.100001096725464,18.119184494018555,56.69999718666077,17.671546936035156
generation,3305,62.5,15.652928352355957,56.40000104904175,17.801597595214844
generation,3306,61.650002002716064,15.56837272644043,56.15999698638916,17.099281311035156
generation,3307,60.15000343322754,17.5817928314209,56.779998540878296,17.228748321533203
generation,3308,61.75000071525574,16.041481018066406,56.49999976158142,17.556602478027344
generation,3309,62.300002574920654,16.164560317993164,56.33999705314636,17.863056182861328
generation,3310,60.450005531311035,16.90785789489746,56.659996509552,16.959814071655273
generation,3311,61.500000953674316,16.23220443725586,56.05999827384949,17.55132484436035
generation,3312,61.45000457763672,15.28862190246582,56.41999840736389,17.452068328857422
generation,3313,62.25000023841858,16.637304306030273,56.97999596595764,17.054367065429688
generation,3314,60.600000619888306,16.675823211669922,56.90999627113342,17.362651824951172
generation,3315,60.15000343322754,16.272747039794922,56.55999779701233,16.97377586364746
generation,3316,62.90000081062317,15.313149452209473,56.839996576309204,17.101518630981445
generation,3317,59.950000047683716,16.415868759155273,56.76000118255615,17.408485412597656
generation,3318,62.35000491142273,15.047201156616211,56.58000111579895,17.398571014404297
generation,3319,62.150001525878906,15.661680221557617,55.66999912261963,17.422239303588867
generation,3320,59.800004959106445,16.566125869750977,56.54999613761902,17.04262924194336
generation,3321,61.30000352859497,15.75963020324707,57.20999836921692,17.209577560424805
generation,3322,60.55000424385071,16.68366241455078,56.15999698638916,17.69179916381836
generation,3323,60.55000424385071,16.218523025512695,56.449997425079346,17.27290916442871
generation,3324,61.55000329017639,16.851364135742188,56.849998235702515,17.08584976196289
generation,3325,62.150001525878906,15.258598327636719,56.769996881484985,17.0877685546875
generation,3326,61.500000953674316,16.57522964477539,56.87999725341797,17.458599090576172
generation,3327,61.250001192092896,15.721020698547363,56.519997119903564,17.081214904785156
generation,3328,61.80000305175781,15.267267227172852,56.66999816894531,17.02361488342285
generation,3329,60.25000214576721,15.849677085876465,56.00000023841858,17.046138763427734
generation,3330,61.350005865097046,17.0764217376709,56.62999749183655,17.65147590637207
generation,3331,61.15000247955322,16.945829391479492,56.66999816894531,17.160423278808594
generation,3332,61.250001192092896,15.278081893920898,56.369996070861816,16.931570053100586
generation,3333,60.25000214576721,16.664501190185547,56.66999816894531,17.160423278808594
generation,3334,63.50000500679016,15.352619171142578,56.839996576309204,17.069210052490234
generation,3335,60.40000319480896,17.180187225341797,56.49999976158142,17.070011138916016
generation,3336,60.85000038146973,15.657466888427734,56.83000087738037,17.470632553100586
generation,3337,59.450000524520874,17.329204559326172,56.07999563217163,17.51114845275879
generation,3338,61.30000352859497,15.490256309509277,56.11000061035156,17.93030548095703
generation,3339,60.65000295639038,16.573373794555664,55.66999912261963,17.22846794128418
generation,3340,62.7500057220459,15.770524024963379,57.089996337890625,17.409656524658203
generation,3341,61.95000410079956,15.227360725402832,56.49999976158142,17.192481994628906
generation,3342,60.750001668930054,17.143871307373047,56.439995765686035,17.529205322265625
generation,3343,61.15000247955322,15.435996055603027,56.55999779701233,17.362834930419922
generation,3344,61.15000247955322,15.313248634338379,57.08000063896179,17.074716567993164
generation,3345,62.35000491142273,15.206117630004883,56.599998474121094,16.993122100830078
generation,3346,61.2000048160553,15.669137954711914,56.58000111579895,16.780649185180664
generation,3347,61.70000433921814,15.678546905517578,56.16999864578247,17.397916793823242
generation,3348,59.85000133514404,16.61688804626465,56.72999620437622,17.598434448242188
generation,3349,60.95000505447388,16.510269165039062,56.610000133514404,17.77145767211914
generation,3350,62.25000023841858,16.181289672851562,56.540000438690186,17.345666885375977
generation,3351,60.55000424385071,18.156402587890625,56.36000037193298,18.16668128967285
generation,3352,59.50000286102295,17.29631996154785,56.279999017715454,17.108928680419922
generation,3353,61.45000457763672,16.91222381591797,57.12000131607056,17.436708450317383
generation,3354,62.7500057220459,15.532514572143555,56.62999749183655,17.263538360595703
generation,3355,62.05000281333923,15.524805068969727,56.61999583244324,17.222633361816406
generation,3356,61.15000247955322,15.936866760253906,56.690001487731934,17.53129005432129
generation,3357,63.05000185966492,15.317063331604004,56.79999589920044,17.698930740356445
generation,3358,61.30000352859497,16.91510009765625,56.599998474121094,17.500442504882812
generation,3359,61.45000457763672,15.278111457824707,56.69999718666077,16.926206588745117
generation,3360,61.30000352859497,15.522210121154785,56.449997425079346,17.207443237304688
generation,3361,61.350005865097046,16.554269790649414,56.859999895095825,17.73692512512207
generation,3362,60.50000190734863,17.34903335571289,56.05999827384949,17.70465850830078
generation,3363,62.00000047683716,15.609542846679688,57.05999732017517,17.36680793762207
generation,3364,63.200002908706665,15.5990629196167,56.31999969482422,17.005508422851562
generation,3365,62.4500036239624,15.53305435180664,56.449997425079346,17.550769805908203
generation,3366,60.85000038146973,16.36503028869629,56.220000982284546,17.360187530517578
generation,3367,60.95000505447388,16.411273956298828,56.199997663497925,17.632774353027344
generation,3368,61.900001764297485,16.27130889892578,56.859999895095825,17.64113426208496
generation,3369,60.750001668930054,16.50145149230957,56.290000677108765,17.85041046142578
generation,3370,62.00000047683716,15.906582832336426,56.25,17.489404678344727
generation,3371,60.40000319480896,15.965561866760254,56.33000135421753,17.65399932861328
generation,3372,60.00000238418579,16.841028213500977,57.03999996185303,17.625436782836914
generation,3373,61.95000410079956,16.09782600402832,56.07999563217163,18.021696090698242
generation,3374,62.00000047683716,15.894108772277832,57.03999996185303,17.625436782836914
generation,3375,62.00000047683716,16.515634536743164,56.91999793052673,17.05369758605957
generation,3376,62.5,15.926163673400879,56.58000111579895,17.511770248413086
generation,3377,60.100001096725464,16.710298538208008,56.49999976158142,17.856348037719727
generation,3378,61.350005865097046,16.201194763183594,57.12000131607056,17.23383140563965
generation,3379,61.85000538825989,15.341412544250488,56.769996881484985,17.00700569152832
generation,3380,61.350005865097046,16.378787994384766,56.55999779701233,17.355703353881836
generation,3381,62.40000128746033,14.896767616271973,56.790000200271606,16.808921813964844
generation,3382,60.050004720687866,15.8065824508667,56.290000677108765,17.2603816986084
generation,3383,60.95000505447388,16.881994247436523,56.07999563217163,18.07343101501465
generation,3384,62.25000023841858,16.317808151245117,56.449997425079346,17.93341064453125
generation,3385,60.95000505447388,15.940750122070312,56.97000026702881,17.157886505126953
generation,3386,58.650004863739014,17.943262100219727,56.790000200271606,17.22507095336914
generation,3387,60.100001096725464,17.468219757080078,56.56999945640564,17.8703556060791
generation,3388,61.650002002716064,16.231430053710938,56.66999816894531,17.205751419067383
generation,3389,62.40000128746033,16.18244743347168,57.12999701499939,17.258657455444336
generation,3390,61.80000305175781,15.806110382080078,56.839996576309204,17.06304359436035
generation,3391,60.85000038146973,17.000499725341797,57.12999701499939,17.258657455444336
generation,3392,62.550002336502075,15.239311218261719,56.540000438690186,17.331871032714844
generation,3393,61.350005865097046,16.40987777709961,56.72000050544739,17.32602310180664
generation,3394,61.400002241134644,16.974531173706055,56.2999963760376,18.010990142822266
generation,3395,62.70000338554382,15.022560119628906,56.97000026702881,16.954530715942383
generation,3396,60.55000424385071,17.4222469329834,56.929999589920044,17.41999626159668
generation,3397,62.4500036239624,15.588761329650879,56.279999017715454,17.424880981445312
generation,3398,61.250001192092896,16.578283309936523,56.54999613761902,17.32441520690918
generation,3399,62.25000023841858,16.002824783325195,56.4799964427948,17.063446044921875
generation,3400,61.350005865097046,15.960216522216797,56.40999674797058,17.01063346862793
generation,3401,61.55000329017639,16.289411544799805,56.13999962806702,17.520193099975586
generation,3402,61.60000562667847,16.477243423461914,56.91999793052673,17.592605590820312
generation,3403,61.650002002716064,16.147714614868164,56.449997425079346,17.463613510131836
generation,3404,61.15000247955322,16.30055046081543,56.459999084472656,17.574859619140625
generation,3405,61.80000305175781,16.560720443725586,56.83000087738037,17.416906356811523
generation,3406,61.500000953674316,16.81450080871582,57.04999566078186,17.351511001586914
generation,3407,61.55000329017639,16.06301498413086,56.66999816894531,17.397863388061523
generation,3408,62.800002098083496,16.093111038208008,56.15000128746033,17.858680725097656
generation,3409,59.700000286102295,18.017505645751953,56.65000081062317,17.819293975830078
generation,3410,61.10000014305115,16.787137985229492,56.2999963760376,17.580615997314453
generation,3411,61.000001430511475,16.700647354125977,56.55999779701233,17.083984375
generation,3412,61.60000562667847,15.562088966369629,56.49999976158142,17.22502899169922
generation,3413,61.85000538825989,16.689363479614258,56.83000087738037,17.57301902770996
generation,3414,61.70000433921814,16.030298233032227,56.25,17.128597259521484
generation,3415,59.700000286102295,17.371219635009766,56.31999969482422,17.697526931762695
generation,3416,60.95000505447388,17.032529830932617,56.4799964427948,17.92174530029297
generation,3417,62.35000491142273,16.415281295776367,56.72000050544739,17.321550369262695
generation,3418,62.950003147125244,15.426806449890137,56.67999982833862,17.260038375854492
generation,3419,62.20000386238098,16.10150718688965,56.56999945640564,17.702421188354492
generation,3420,59.3000054359436,17.575864791870117,56.23999834060669,17.94083023071289
generation,3421,61.10000014305115,15.476471900939941,56.66999816894531,16.617046356201172
generation,3422,60.600000619888306,17.817440032958984,56.929999589920044,18.01792335510254
generation,3423,61.30000352859497,16.60975456237793,57.28999972343445,17.836444854736328
generation,3424,60.80000400543213,16.64113426208496,56.01999759674072,17.45479393005371
generation,3425,62.10000514984131,15.225723266601562,56.36000037193298,17.370588302612305
generation,3426,62.00000047683716,15.680249214172363,56.55999779701233,16.892005920410156
generation,3427,60.700005292892456,16.945859909057617,56.66999816894531,17.454980850219727
generation,3428,61.80000305175781,16.45147705078125,56.849998235702515,17.199918746948242
generation,3429,61.400002241134644,17.143203735351562,56.07999563217163,17.901565551757812
generation,3430,62.70000338554382,15.299053192138672,56.599998474121094,17.745624542236328
generation,3431,61.400002241134644,16.523096084594727,56.47000074386597,18.03997039794922
generation,3432,61.900001764297485,15.82259464263916,56.97000026702881,17.023056030273438
generation,3433,61.15000247955322,16.567720413208008,57.099997997283936,17.330270767211914
generation,3434,60.15000343322754,18.191280364990234,56.94999694824219,17.646907806396484
generation,3435,61.30000352859497,16.155118942260742,56.58000111579895,17.67782974243164
generation,3436,62.4500036239624,15.397241592407227,56.4799964427948,16.575695037841797
generation,3437,62.300002574920654,15.721209526062012,56.16999864578247,17.23771095275879
generation,3438,60.25000214576721,16.741973876953125,56.00000023841858,17.141082763671875
generation,3439,59.550005197525024,17.296443939208984,56.49999976158142,17.218482971191406
generation,3440,62.90000081062317,15.393589973449707,56.56999945640564,17.523090362548828
generation,3441,60.80000400543213,16.96043586730957,56.15999698638916,17.881425857543945
generation,3442,61.60000562667847,16.640718460083008,56.15999698638916,17.377704620361328
generation,3443,62.150001525878906,15.893462181091309,55.83999752998352,17.228330612182617
generation,3444,61.250001192092896,16.689189910888672,56.87999725341797,17.06935691833496
generation,3445,59.700000286102295,17.683320999145508,56.33999705314636,17.999446868896484
generation,3446,60.9000027179718,16.86003875732422,56.51000142097473,17.15152359008789
generation,3447,61.10000014305115,16.76473045349121,56.519997119903564,17.433330535888672
generation,3448,61.15000247955322,16.03766632080078,56.40999674797058,17.276639938354492
generation,3449,61.70000433921814,16.560611724853516,56.31999969482422,17.531740188598633
generation,3450,61.05000376701355,16.02556037902832,56.04999661445618,17.703754425048828
generation,3451,61.500000953674316,16.36909294128418,56.65000081062317,17.27096176147461
generation,3452,59.90000367164612,17.087018966674805,56.13999962806702,17.745481491088867
generation,3453,62.85000443458557,15.271781921386719,56.48999810218811,17.49431800842285
generation,3454,60.55000424385071,17.437667846679688,56.439995765686035,17.24901008605957
generation,3455,60.40000319480896,16.577543258666992,56.13999962806702,17.276451110839844
generation,3456,62.800002098083496,14.829658508300781,56.439995765686035,17.24901008605957
generation,3457,61.10000014305115,16.58303451538086,56.31999969482422,17.773834228515625
generation,3458,60.350000858306885,17.841609954833984,56.66999816894531,17.753963470458984
generation,3459,63.35000395774841,15.063852310180664,57.26999640464783,17.314748764038086
generation,3460,61.30000352859497,16.827871322631836,56.369996070861816,17.26056480407715
generation,3461,61.70000433921814,16.161941528320312,57.04999566078186,16.973674774169922
generation,3462,61.250001192092896,16.76205062866211,57.26999640464783,17.250713348388672
generation,3463,59.60000157356262,17.49653434753418,56.05999827384949,17.619585037231445
generation,3464,62.35000491142273,16.278352737426758,56.62999749183655,17.62564468383789
generation,3465,62.40000128746033,16.01677894592285,56.769996881484985,17.370838165283203
generation,3466,61.95000410079956,16.23885154724121,56.839996576309204,17.570674896240234
generation,3467,61.250001192092896,16.85639190673828,56.25,17.412641525268555
generation,3468,60.65000295639038,16.16860580444336,56.67999982833862,17.33719253540039
generation,3469,60.750001668930054,16.657752990722656,56.16999864578247,17.73668670654297
generation,3470,62.70000338554382,15.250442504882812,56.519997119903564,17.120586395263672
generation,3471,61.95000410079956,15.663426399230957,56.15000128746033,17.787494659423828
generation,3472,61.60000562667847,15.945900917053223,56.83000087738037,17.627084732055664
generation,3473,61.80000305175781,15.780755996704102,57.15000033378601,17.370756149291992
generation,3474,62.35000491142273,16.000621795654297,56.25999569892883,17.23563575744629
generation,3475,61.85000538825989,16.720996856689453,56.58999681472778,17.92107582092285
generation,3476,60.450005531311035,15.882190704345703,56.00999593734741,17.631919860839844
generation,3477,61.45000457763672,16.486330032348633,56.72000050544739,17.345481872558594
generation,3478,61.05000376701355,17.171632766723633,56.01999759674072,17.515193939208984
generation,3479,61.400002241134644,15.950957298278809,56.849998235702515,17.472923278808594
generation,3480,61.900001764297485,15.734586715698242,56.690001487731934,17.068044662475586
generation,3481,61.500000953674316,16.305606842041016,56.76000118255615,17.78076934814453
generation,3482,61.900001764297485,15.89171028137207,56.610000133514404,17.485536575317383
generation,3483,59.05000567436218,17.346786499023438,56.439995765686035,17.128036499023438
generation,3484,59.550005197525024,16.43767547607422,56.659996509552,16.81386375427246
generation,3485,61.70000433921814,15.923602104187012,56.30999803543091,17.611980438232422
generation,3486,63.05000185966492,14.646121978759766,56.58999681472778,17.508975982666016
generation,3487,60.25000214576721,16.440160751342773,56.83000087738037,17.280479431152344
generation,3488,61.80000305175781,15.68779182434082,56.37999773025513,17.089942932128906
generation,3489,61.500000953674316,16.8828182220459,56.22999668121338,17.461545944213867
generation,3490,61.000001430511475,17.138160705566406,55.799996852874756,17.852373123168945
generation,3491,60.25000214576721,16.381183624267578,56.599998474121094,16.766420364379883
generation,3492,61.10000014305115,17.618328094482422,56.690001487731934,18.010107040405273
generation,3493,61.500000953674316,16.4541015625,56.63999915122986,17.422115325927734
generation,3494,61.000001430511475,16.756736755371094,56.25,17.948238372802734
generation,3495,62.20000386238098,15.550400733947754,56.220000982284546,17.20745849609375
generation,3496,60.350000858306885,15.880799293518066,57.169997692108154,17.469928741455078
generation,3497,62.300002574920654,15.929095268249512,56.540000438690186,17.593732833862305
generation,3498,62.150001525878906,16.4547061920166,56.79999589920044,17.336912155151367
generation,3499,61.10000014305115,17.101224899291992,56.529998779296875,17.55487060546875
generation,3500,61.75000071525574,16.05415916442871,56.99999928474426,17.043304443359375
generation,3501,60.95000505447388,16.985666275024414,56.08999729156494,17.699310302734375
generation,3502,61.45000457763672,16.32953643798828,56.459999084472656,17.27031707763672
generation,3503,61.95000410079956,16.215557098388672,56.72000050544739,16.904111862182617
generation,3504,62.7500057220459,14.892410278320312,56.459999084472656,17.27031707763672
generation,3505,61.650002002716064,15.779152870178223,57.109999656677246,17.264123916625977
generation,3506,61.55000329017639,15.073434829711914,55.93000054359436,17.03946876525879
generation,3507,63.600003719329834,14.827924728393555,56.449997425079346,17.415979385375977
generation,3508,60.50000190734863,16.301433563232422,55.75000047683716,17.220300674438477
generation,3509,61.650002002716064,15.856431007385254,56.48999810218811,17.619169235229492
generation,3510,61.70000433921814,17.67044448852539,56.519997119903564,17.66262435913086
generation,3511,62.20000386238098,16.461393356323242,56.33999705314636,17.865875244140625
generation,3512,63.600003719329834,15.993885040283203,56.54999613761902,17.81065559387207
generation,3513,62.800002098083496,15.382827758789062,57.1399986743927,17.336427688598633
generation,3514,59.85000133514404,16.944059371948242,56.69999718666077,17.333316802978516
generation,3515,62.4500036239624,16.96108627319336,56.540000438690186,18.01880645751953
generation,3516,60.40000319480896,16.171236038208008,56.459999084472656,17.364839553833008
generation,3517,62.25000023841858,16.15770149230957,56.449997425079346,17.40146255493164
generation,3518,59.75000262260437,17.10589599609375,56.33999705314636,16.92073631286621
generation,3519,60.80000400543213,17.463361740112305,57.089996337890625,17.466901779174805
generation,3520,62.10000514984131,16.212724685668945,56.36000037193298,17.849769592285156
generation,3521,60.600000619888306,15.943957328796387,56.449997425079346,17.06888771057129
generation,3522,62.60000467300415,15.805853843688965,56.23999834060669,17.7044734954834
generation,3523,60.750001668930054,16.476116180419922,56.439995765686035,17.454687118530273
generation,3524,62.00000047683716,15.753479957580566,56.220000982284546,17.294052124023438
generation,3525,62.10000514984131,16.344085693359375,56.38999938964844,17.6879940032959
generation,3526,62.40000128746033,16.13614845275879,55.970001220703125,17.896514892578125
generation,3527,61.500000953674316,16.109214782714844,56.189996004104614,17.67432403564453
generation,3528,59.6500039100647,16.79630470275879,56.23999834060669,17.51513671875
generation,3529,62.05000281333923,16.257652282714844,56.839996576309204,17.26201629638672
generation,3530,63.10000419616699,15.105228424072266,56.790000200271606,17.2233943939209
generation,3531,61.70000433921814,16.04278564453125,57.12000131607056,17.166902542114258
generation,3532,61.900001764297485,16.435312271118164,56.48999810218811,17.566226959228516
generation,3533,62.150001525878906,16.411863327026367,56.98999762535095,17.4315185546875
generation,3534,62.25000023841858,15.305741310119629,56.80999755859375,17.17379379272461
generation,3535,62.65000104904175,15.728002548217773,56.519997119903564,17.431880950927734
generation,3536,61.75000071525574,16.243480682373047,56.51000142097473,17.031089782714844
generation,3537,60.450005531311035,16.405014038085938,57.30000138282776,17.694711685180664
generation,3538,60.750001668930054,17.091938018798828,56.25,17.73438835144043
generation,3539,62.65000104904175,16.451290130615234,56.91999793052673,17.266551971435547
generation,3540,62.65000104904175,16.24103546142578,56.34999871253967,17.60222053527832
generation,3541,61.70000433921814,15.479839324951172,57.59999752044678,17.02681541442871
generation,3542,61.000001430511475,16.87096405029297,56.119996309280396,17.701196670532227
generation,3543,60.700005292892456,16.396963119506836,57.099997997283936,17.44500160217285
generation,3544,61.55000329017639,15.887777328491211,57.099997997283936,17.100799560546875
generation,3545,61.85000538825989,16.536523818969727,56.74999952316284,17.151941299438477
generation,3546,62.550002336502075,15.475525856018066,56.47000074386597,17.486858367919922
generation,3547,61.75000071525574,15.71263599395752,57.6200008392334,16.874786376953125
generation,3548,60.65000295639038,16.515867233276367,56.74999952316284,18.00733757019043
generation,3549,60.80000400543213,16.616474151611328,56.76000118255615,17.772653579711914
generation,3550,62.35000491142273,15.521598815917969,56.67999982833862,17.284379959106445
generation,3551,60.40000319480896,16.2586727142334,57.22999572753906,17.147136688232422
generation,3552,61.10000014305115,17.53016471862793,56.599998474121094,18.141925811767578
generation,3553,62.40000128746033,15.867958068847656,56.769996881484985,17.899381637573242
generation,3554,62.10000514984131,15.326750755310059,56.73999786376953,17.351757049560547
generation,3555,60.750001668930054,16.117216110229492,56.62999749183655,17.317785263061523
generation,3556,62.10000514984131,16.418624877929688,56.51000142097473,16.973495483398438
generation,3557,61.70000433921814,16.670597076416016,56.97000026702881,16.921842575073242
generation,3558,60.600000619888306,15.658234596252441,56.41999840736389,16.6663875579834
generation,3559,62.150001525878906,15.697443008422852,57.40000009536743,16.6452579498291
generation,3560,63.65000009536743,15.180724143981934,56.76000118255615,17.556015014648438
generation,3561,61.250001192092896,15.710925102233887,56.55999779701233,17.245220184326172
generation,3562,61.15000247955322,15.289568901062012,56.63999915122986,17.065683364868164
generation,3563,61.05000376701355,16.367834091186523,56.0699999332428,17.609329223632812
generation,3564,62.35000491142273,15.679465293884277,56.97000026702881,17.07224464416504
generation,3565,62.65000104904175,16.312597274780273,56.98999762535095,17.775407791137695
generation,3566,61.05000376701355,16.922210693359375,57.099997997283936,16.92864418029785
generation,3567,60.50000190734863,15.70817756652832,57.01000094413757,17.10110855102539
generation,3568,62.40000128746033,16.23550033569336,57.06999897956848,17.341421127319336
generation,3569,63.30000162124634,15.06517505645752,56.83000087738037,17.433502197265625
generation,3570,62.25000023841858,16.192995071411133,56.07999563217163,17.92438316345215
generation,3571,59.150004386901855,17.048471450805664,56.22999668121338,17.1995906829834
generation,3572,61.650002002716064,15.616788864135742,57.23999738693237,17.135046005249023
generation,3573,60.350000858306885,16.42162322998047,56.94999694824219,16.980039596557617
generation,3574,61.2000048160553,16.93134117126465,56.94999694824219,16.980039596557617
generation,3575,62.25000023841858,16.241273880004883,56.76000118255615,17.702186584472656
generation,3576,60.85000038146973,16.335777282714844,56.47000074386597,17.270858764648438
generation,3577,62.10000514984131,15.692399024963379,56.519997119903564,17.406002044677734
generation,3578,61.05000376701355,17.596120834350586,56.87999725341797,17.486343383789062
generation,3579,60.80000400543213,17.704755783081055,56.34999871253967,17.88349723815918
generation,3580,61.30000352859497,15.40673542022705,57.489997148513794,17.19291114807129
generation,3581,63.15000057220459,15.62299919128418,56.9599986076355,17.10708236694336
generation,3582,61.250001192092896,16.234275817871094,57.05999732017517,17.6309757232666
generation,3583,61.55000329017639,16.647632598876953,56.790000200271606,17.251001358032227
generation,3584,63.850003480911255,15.078093528747559,56.90999627113342,17.570369720458984
generation,3585,61.30000352859497,15.686357498168945,57.019996643066406,17.42546272277832
generation,3586,60.450005531311035,16.461742401123047,56.659996509552,17.460847854614258
generation,3587,61.350005865097046,17.19855308532715,57.3199987411499,17.175399780273438
generation,3588,63.00000548362732,14.833723068237305,56.279999017715454,17.618532180786133
generation,3589,61.000001430511475,17.807147979736328,56.599998474121094,17.93836784362793
generation,3590,62.05000281333923,15.973274230957031,56.90000057220459,17.071664810180664
generation,3591,60.95000505447388,16.407310485839844,56.79999589920044,17.180191040039062
generation,3592,62.70000338554382,15.862055778503418,56.99999928474426,17.63933753967285
generation,3593,62.40000128746033,16.095041275024414,57.3199987411499,16.97394561767578
generation,3594,61.650002002716064,16.462753295898438,56.83000087738037,17.247983932495117
generation,3595,62.60000467300415,15.423398971557617,56.72999620437622,17.07459831237793
generation,3596,61.75000071525574,15.889874458312988,56.83000087738037,17.181135177612305
generation,3597,62.05000281333923,15.181921005249023,56.659996509552,17.273330688476562
generation,3598,61.75000071525574,15.532060623168945,56.65000081062317,17.07426643371582
generation,3599,61.500000953674316,16.418222427368164,57.109999656677246,17.2878475189209
generation,3600,61.85000538825989,16.853031158447266,56.61999583244324,17.573930740356445
generation,3601,59.950000047683716,17.076641082763672,56.90000057220459,17.49327850341797
generation,3602,61.2000048160553,15.838122367858887,57.52999782562256,17.279542922973633
generation,3603,61.650002002716064,15.905961036682129,55.91999888420105,17.029239654541016
generation,3604,62.10000514984131,16.22383689880371,56.4300000667572,17.502260208129883
generation,3605,60.55000424385071,15.300590515136719,57.12999701499939,16.485246658325195
generation,3606,62.7500057220459,14.884377479553223,56.00999593734741,17.198389053344727
generation,3607,62.00000047683716,15.391838073730469,56.769996881484985,17.224517822265625
generation,3608,61.45000457763672,16.95486068725586,56.189996004104614,17.95355987548828
generation,3609,62.05000281333923,15.047537803649902,57.40000009536743,16.933456420898438
generation,3610,59.90000367164612,17.051158905029297,57.27999806404114,17.213834762573242
generation,3611,61.80000305175781,16.40454864501953,56.529998779296875,17.916366577148438
generation,3612,62.20000386238098,15.562427520751953,57.05999732017517,17.708038330078125
generation,3613,62.05000281333923,16.176259994506836,57.06999897956848,17.231403350830078
generation,3614,60.30000448226929,16.93340492248535,56.9599986076355,17.02469253540039
generation,3615,61.900001764297485,15.346725463867188,56.97000026702881,16.67694664001465
generation,3616,62.300002574920654,16.495662689208984,56.189996004104614,17.584741592407227
generation,3617,60.95000505447388,16.030099868774414,56.72999620437622,17.43864631652832
generation,3618,61.05000376701355,16.286518096923828,56.34999871253967,17.623952865600586
generation,3619,60.30000448226929,16.426502227783203,56.940001249313354,16.859119415283203
generation,3620,62.4500036239624,15.748635292053223,56.51000142097473,17.062068939208984
generation,3621,62.85000443458557,15.493483543395996,56.90000057220459,16.556917190551758
generation,3622,60.85000038146973,16.796260833740234,57.08000063896179,17.331298828125
generation,3623,60.95000505447388,15.864280700683594,56.790000200271606,17.44051742553711
generation,3624,61.900001764297485,15.539682388305664,55.809998512268066,17.897232055664062
generation,3625,61.2000048160553,16.26891326904297,56.940001249313354,17.276336669921875
generation,3626,62.60000467300415,15.270684242248535,56.63999915122986,16.97535514831543
generation,3627,62.7500057220459,15.686359405517578,56.66999816894531,17.476205825805664
generation,3628,59.800004959106445,16.450054168701172,56.62999749183655,17.148752212524414
generation,3629,61.55000329017639,16.275962829589844,56.61999583244324,17.436546325683594
generation,3630,62.10000514984131,15.12368106842041,56.58000111579895,16.902149200439453
generation,3631,61.75000071525574,16.800390243530273,57.03999996185303,17.356277465820312
generation,3632,62.65000104904175,15.829887390136719,56.519997119903564,17.1104736328125
generation,3633,61.55000329017639,15.719260215759277,57.099997997283936,17.257299423217773
generation,3634,62.70000338554382,15.243634223937988,56.940001249313354,17.126855850219727
generation,3635,61.55000329017639,15.991893768310547,56.439995765686035,17.682214736938477
generation,3636,61.350005865097046,15.469141960144043,57.190001010894775,17.144601821899414
generation,3637,60.600000619888306,16.176706314086914,57.23999738693237,17.45122718811035
generation,3638,61.45000457763672,16.07318878173828,56.81999921798706,17.473106384277344
generation,3639,59.700000286102295,16.77566146850586,57.44999647140503,16.898439407348633
generation,3640,61.250001192092896,17.916292190551758,57.249999046325684,17.556509017944336
generation,3641,60.00000238418579,16.976720809936523,56.74999952316284,17.35971450805664
generation,3642,60.700005292892456,16.204383850097656,56.65000081062317,17.005603790283203
generation,3643,61.70000433921814,15.94666576385498,56.540000438690186,17.44346809387207
generation,3644,63.25000524520874,15.381546974182129,56.4300000667572,17.262277603149414
generation,3645,62.40000128746033,16.037559509277344,57.01000094413757,17.90758514404297
generation,3646,60.600000619888306,16.23064613342285,57.339996099472046,16.750234603881836
generation,3647,60.55000424385071,16.26591682434082,57.03999996185303,17.175119400024414
generation,3648,62.550002336502075,15.57685661315918,57.27999806404114,16.962385177612305
generation,3649,62.90000081062317,15.378069877624512,57.53999948501587,16.969261169433594
generation,3650,61.55000329017639,15.304372787475586,57.53999948501587,16.969261169433594
generation,3651,61.75000071525574,16.71461296081543,56.769996881484985,16.8797550201416
generation,3652,60.00000238418579,15.836041450500488,56.40000104904175,16.972925186157227
generation,3653,60.85000038146973,16.929664611816406,56.790000200271606,17.2443790435791
generation,3654,60.450005531311035,16.738927841186523,57.19999670982361,16.779682159423828
generation,3655,62.5,15.101231575012207,57.01000094413757,17.02959442138672
generation,3656,59.800004959106445,16.520410537719727,57.190001010894775,16.561805725097656
generation,3657,60.700005292892456,16.37133026123047,57.06999897956848,16.958934783935547
generation,3658,62.150001525878906,16.390522003173828,56.97000026702881,17.345294952392578
generation,3659,61.10000014305115,16.503786087036133,56.37999773025513,17.676761627197266
generation,3660,62.90000081062317,15.887526512145996,57.03999996185303,17.19708824157715
generation,3661,61.45000457763672,15.652595520019531,56.73999786376953,16.757699966430664
generation,3662,59.60000157356262,17.35629653930664,56.659996509552,17.38886070251465
generation,3663,60.80000400543213,16.37759780883789,57.19999670982361,16.926496505737305
generation,3664,61.55000329017639,15.575745582580566,57.03999996185303,16.97758674621582
generation,3665,61.45000457763672,17.014684677124023,56.779998540878296,17.523523330688477
generation,3666,61.60000562667847,16.245981216430664,56.859999895095825,17.554061889648438
generation,3667,62.25000023841858,16.392601013183594,56.40999674797058,17.68692398071289
generation,3668,63.10000419616699,14.844748497009277,56.439995765686035,16.842798233032227
generation,3669,63.00000548362732,14.907425880432129,56.83000087738037,17.269052505493164
generation,3670,61.500000953674316,16.20631980895996,57.08000063896179,17.572195053100586
generation,3671,63.15000057220459,14.6986722946167,55.69999814033508,17.05953025817871
generation,3672,61.70000433921814,16.861753463745117,56.97000026702881,17.30711555480957
generation,3673,61.400002241134644,17.40079689025879,56.65000081062317,17.385509490966797
generation,3674,61.000001430511475,15.58630084991455,57.44999647140503,16.655506134033203
generation,3675,61.30000352859497,16.62272834777832,57.580000162124634,17.353984832763672
generation,3676,61.85000538825989,15.511330604553223,56.80999755859375,17.192628860473633
generation,3677,62.25000023841858,15.973876953125,56.67999982833862,17.603178024291992
generation,3678,62.05000281333923,16.567541122436523,56.459999084472656,17.26739501953125
generation,3679,61.45000457763672,15.869697570800781,57.109999656677246,17.34096336364746
generation,3680,60.85000038146973,16.452762603759766,56.63999915122986,17.812097549438477
generation,3681,62.35000491142273,15.392186164855957,56.47000074386597,16.90276527404785
generation,3682,62.4500036239624,15.695463180541992,57.190001010894775,17.47075080871582
generation,3683,62.5,15.657363891601562,56.15999698638916,16.923885345458984
generation,3684,62.800002098083496,15.593099594116211,56.63999915122986,17.34345054626465
generation,3685,63.35000395774841,15.111199378967285,56.599998474121094,17.337093353271484
generation,3686,60.9000027179718,17.293561935424805,56.73999786376953,17.014497756958008
generation,3687,61.900001764297485,15.38877010345459,57.27999806404114,16.882265090942383
generation,3688,63.200002908706665,16.313716888427734,57.12000131607056,17.904998779296875
generation,3689,60.25000214576721,16.521207809448242,56.859999895095825,17.05955696105957
generation,3690,62.65000104904175,15.497857093811035,56.540000438690186,16.94110870361328
generation,3691,61.85000538825989,17.156267166137695,57.1399986743927,17.166513442993164
generation,3692,59.550005197525024,17.332796096801758,57.05999732017517,17.67491340637207
generation,3693,62.550002336502075,16.53717803955078,56.81999921798706,17.203750610351562
generation,3694,62.40000128746033,16.15578842163086,57.59999752044678,17.00603485107422
generation,3695,62.40000128746033,15.427273750305176,57.48000144958496,16.57045555114746
generation,3696,61.350005865097046,16.199003219604492,57.23999738693237,16.726613998413086
generation,3697,61.30000352859497,15.27272891998291,56.98999762535095,16.808286666870117
generation,3698,61.45000457763672,16.015810012817383,56.80999755859375,17.024728775024414
generation,3699,60.85000038146973,16.363725662231445,57.01000094413757,16.864131927490234
generation,3700,60.40000319480896,17.009117126464844,57.01000094413757,16.864131927490234
generation,3701,61.95000410079956,16.082605361938477,56.98999762535095,17.075145721435547
generation,3702,62.20000386238098,14.726616859436035,57.109999656677246,16.864713668823242
generation,3703,62.70000338554382,14.35323429107666,57.169997692108154,16.80661392211914
generation,3704,62.25000023841858,15.989459037780762,56.31999969482422,17.370878219604492
generation,3705,62.05000281333923,15.768644332885742,57.159996032714844,16.880483627319336
generation,3706,61.95000410079956,14.940101623535156,56.690001487731934,16.90468978881836
generation,3707,62.65000104904175,15.543542861938477,57.760000228881836,16.565719604492188
generation,3708,61.2000048160553,16.55743408203125,57.12999701499939,17.01755714416504
generation,3709,61.05000376701355,15.517826080322266,57.409995794296265,16.844860076904297
generation,3710,61.350005865097046,16.22774887084961,57.26999640464783,17.218507766723633
generation,3711,59.90000367164612,17.290973663330078,57.349997758865356,16.850305557250977
generation,3712,64.50000405311584,15.396608352661133,57.159996032714844,16.828876495361328
generation,3713,62.90000081062317,15.087769508361816,57.260000705718994,16.71912956237793
generation,3714,63.90000581741333,15.259958267211914,57.339996099472046,17.3216552734375
generation,3715,61.80000305175781,15.849495887756348,57.489997148513794,16.561174392700195
generation,3716,62.25000023841858,15.469841957092285,57.15000033378601,16.752580642700195
generation,3717,62.10000514984131,15.420753479003906,57.71999955177307,16.85955810546875
generation,3718,61.650002002716064,16.536399841308594,56.599998474121094,17.908737182617188
generation,3719,61.900001764297485,15.559268951416016,57.05999732017517,16.756072998046875
generation,3720,63.25000524520874,15.3502836227417,56.90000057220459,16.97115707397461
generation,3721,63.00000548362732,15.58012580871582,56.790000200271606,17.03951072692871
generation,3722,61.10000014305115,16.860267639160156,56.449997425079346,17.1982421875
generation,3723,61.55000329017639,16.6739559173584,57.59999752044678,16.97979736328125
generation,3724,62.5,15.149177551269531,57.35999941825867,16.698280334472656
generation,3725,61.75000071525574,14.844212532043457,57.019996643066406,17.080514907836914
generation,3726,61.000001430511475,15.776083946228027,58.16999673843384,16.608356475830078
generation,3727,61.85000538825989,16.22826385498047,58.16999673843384,16.608356475830078
generation,3728,62.35000491142273,15.11613941192627,57.109999656677246,17.11079216003418
generation,3729,62.10000514984131,15.847484588623047,56.209999322891235,17.406702041625977
generation,3730,62.5,15.095986366271973,57.37999677658081,16.8524169921875
generation,3731,63.00000548362732,14.951983451843262,56.119996309280396,16.77692222595215
generation,3732,60.750001668930054,17.019725799560547,57.51999616622925,17.179615020751953
generation,3733,60.80000400543213,16.168350219726562,57.190001010894775,17.215776443481445
generation,3734,60.700005292892456,16.81940269470215,57.3199987411499,16.83159065246582
generation,3735,62.25000023841858,15.939635276794434,57.249999046325684,17.180545806884766
generation,3736,62.60000467300415,15.880133628845215,56.94999694824219,16.960290908813477
generation,3737,62.20000386238098,16.099864959716797,56.90999627113342,17.2672061920166
generation,3738,59.6500039100647,16.862224578857422,57.52999782562256,17.019290924072266
generation,3739,60.450005531311035,15.781839370727539,57.089996337890625,16.657655715942383
generation,3740,62.60000467300415,14.796780586242676,56.88999891281128,16.9274959564209
generation,3741,60.050004720687866,16.928020477294922,57.22000002861023,16.961427688598633
generation,3742,61.650002002716064,15.8023042678833,57.37999677658081,16.98882293701172
generation,3743,63.200002908706665,15.081279754638672,57.67999887466431,17.19957160949707
generation,3744,60.9000027179718,16.08329963684082,57.12000131607056,17.139516830444336
generation,3745,62.00000047683716,15.559481620788574,57.429999113082886,16.782957077026367
generation,3746,62.25000023841858,15.179795265197754,57.51999616622925,16.885902404785156
generation,3747,61.75000071525574,16.026077270507812,57.06999897956848,17.098264694213867
generation,3748,62.300002574920654,15.196481704711914,57.30999708175659,16.86844825744629
generation,3749,61.2000048160553,15.968565940856934,57.22000002861023,17.112497329711914
generation,3750,63.10000419616699,16.093244552612305,57.22000002861023,17.228191375732422
generation,3751,62.35000491142273,15.952792167663574,57.089996337890625,17.374494552612305
generation,3752,61.350005865097046,15.814605712890625,57.15000033378601,16.530181884765625
generation,3753,62.150001525878906,15.483597755432129,56.98999762535095,16.77298927307129
generation,3754,61.60000562667847,15.651982307434082,57.099997997283936,17.010021209716797
generation,3755,61.30000352859497,15.69449520111084,57.109999656677246,17.230295181274414
generation,3756,61.30000352859497,16.269479751586914,56.690001487731934,17.4190731048584
generation,3757,61.2000048160553,16.313308715820312,57.45999813079834,16.773868560791016
generation,3758,62.00000047683716,16.34215545654297,57.109999656677246,17.290950775146484
generation,3759,62.90000081062317,16.003747940063477,57.3199987411499,16.899755477905273
generation,3760,62.4500036239624,14.886953353881836,56.97999596595764,16.373897552490234
generation,3761,62.5,15.123116493225098,57.51999616622925,16.27418327331543
generation,3762,61.000001430511475,16.863170623779297,56.940001249313354,17.140350341796875
generation,3763,62.70000338554382,15.262691497802734,56.9599986076355,17.022066116333008
generation,3764,61.30000352859497,14.915205955505371,56.97999596595764,16.65142059326172
generation,3765,61.30000352859497,16.186351776123047,57.3199987411499,17.050395965576172
generation,3766,60.65000295639038,15.919760704040527,57.1399986743927,17.105384826660156
generation,3767,63.30000162124634,14.910948753356934,56.94999694824219,16.862524032592773
generation,3768,59.85000133514404,16.952110290527344,57.23999738693237,16.77530860900879
generation,3769,62.40000128746033,14.649613380432129,57.66000151634216,16.31412124633789
generation,3770,64.0500009059906,14.892732620239258,57.169997692108154,16.85983657836914
generation,3771,59.60000157356262,17.51108741760254,57.22999572753906,16.61819076538086
generation,3772,60.85000038146973,17.164159774780273,56.51000142097473,17.239151000976562
generation,3773,61.45000457763672,15.702134132385254,57.52999782562256,16.641904830932617
generation,3774,62.25000023841858,14.857330322265625,57.37999677658081,16.87808609008789
generation,3775,62.65000104904175,15.697418212890625,57.03999996185303,17.312658309936523
generation,3776,61.85000538825989,16.535293579101562,57.27999806404114,16.91655731201172
generation,3777,61.70000433921814,16.23831558227539,57.099997997283936,17.088712692260742
generation,3778,61.75000071525574,16.22713851928711,56.88999891281128,17.380268096923828
generation,3779,62.800002098083496,15.622727394104004,56.66999816894531,17.052467346191406
generation,3780,62.300002574920654,15.193744659423828,56.9599986076355,16.411033630371094
generation,3781,62.85000443458557,16.186481475830078,57.429999113082886,17.291919708251953
generation,3782,61.80000305175781,16.702526092529297,56.9599986076355,17.388296127319336
generation,3783,62.550002336502075,15.274968147277832,56.40000104904175,16.88257598876953
generation,3784,62.300002574920654,15.500476837158203,57.22000002861023,17.493593215942383
generation,3785,61.70000433921814,16.333311080932617,56.30999803543091,17.522886276245117
generation,3786,61.2000048160553,16.203086853027344,56.4799964427948,17.281816482543945
generation,3787,63.75000476837158,15.034649848937988,57.64999985694885,16.82813835144043
generation,3788,63.00000548362732,13.98250961303711,57.27999806404114,16.3912296295166
generation,3789,61.85000538825989,15.667825698852539,57.45999813079834,16.69007682800293
generation,3790,61.2000048160553,16.10173797607422,56.91999793052673,16.50989532470703
generation,3791,60.85000038146973,16.7421875,57.33000040054321,17.247013092041016
generation,3792,62.90000081062317,15.271093368530273,57.099997997283936,17.18035316467285
generation,3793,63.35000395774841,14.98227596282959,57.05999732017517,16.87708282470703
generation,3794,62.35000491142273,15.974139213562012,57.3199987411499,16.691099166870117
generation,3795,61.80000305175781,15.471689224243164,57.089996337890625,17.056974411010742
generation,3796,62.10000514984131,15.334153175354004,56.55999779701233,17.094018936157227
generation,3797,62.20000386238098,15.41282844543457,58.16999673843384,16.320966720581055
generation,3798,61.10000014305115,15.98882007598877,57.159996032714844,17.131908416748047
generation,3799,62.00000047683716,15.99327278137207,57.58999586105347,17.111608505249023
generation,3800,61.10000014305115,16.2825870513916,56.79999589920044,16.997879028320312
generation,3801,61.45000457763672,16.062231063842773,56.49999976158142,17.19070053100586
generation,3802,61.55000329017639,16.452831268310547,56.9599986076355,17.333843231201172
generation,3803,61.55000329017639,15.665803909301758,57.349997758865356,16.999187469482422
generation,3804,61.500000953674316,15.910168647766113,57.70999789237976,16.827762603759766
generation,3805,62.10000514984131,16.32278060913086,57.440000772476196,16.71425437927246
generation,3806,62.25000023841858,15.446645736694336,57.63999819755554,16.18468475341797
generation,3807,61.10000014305115,17.07766342163086,57.099997997283936,17.300596237182617
generation,3808,63.55000138282776,14.735806465148926,57.190001010894775,16.957290649414062
generation,3809,63.05000185966492,15.326909065246582,57.06999897956848,16.780366897583008
generation,3810,61.75000071525574,15.411150932312012,56.97999596595764,16.894468307495117
generation,3811,60.350000858306885,17.336135864257812,56.769996881484985,17.056873321533203
generation,3812,62.4500036239624,15.398714065551758,57.159996032714844,16.77972412109375
generation,3813,61.250001192092896,16.31875991821289,56.859999895095825,16.79461669921875
generation,3814,61.350005865097046,16.28606414794922,57.62999653816223,16.777944564819336
generation,3815,63.15000057220459,14.409414291381836,57.02999830245972,16.70657730102539
generation,3816,61.60000562667847,16.386423110961914,57.159996032714844,16.802444458007812
generation,3817,62.550002336502075,15.90330696105957,57.9800009727478,16.451160430908203
generation,3818,63.70000243186951,14.100954055786133,56.690001487731934,17.114686965942383
generation,3819,61.400002241134644,15.359450340270996,57.45999813079834,16.586883544921875
generation,3820,61.55000329017639,16.555429458618164,57.37999677658081,16.800048828125
generation,3821,62.950003147125244,14.952320098876953,57.45999813079834,16.77130699157715
generation,3822,62.300002574920654,14.42128849029541,57.05999732017517,16.594507217407227
generation,3823,62.60000467300415,14.891979217529297,57.55000114440918,16.698020935058594
generation,3824,61.350005865097046,16.608055114746094,56.790000200271606,17.374446868896484
generation,3825,62.4500036239624,13.923263549804688,56.849998235702515,16.667022705078125
generation,3826,63.00000548362732,14.985663414001465,57.44999647140503,16.746675491333008
generation,3827,61.30000352859497,16.19584846496582,57.349997758865356,16.939695358276367
generation,3828,61.85000538825989,15.499091148376465,57.30999708175659,16.94774055480957
generation,3829,63.50000500679016,15.167542457580566,57.20999836921692,16.861928939819336
generation,3830,61.75000071525574,16.5791015625,57.429999113082886,16.95865821838379
generation,3831,61.70000433921814,15.742530822753906,57.30000138282776,16.43903350830078
generation,3832,62.05000281333923,16.097686767578125,57.8000009059906,16.639387130737305
generation,3833,62.40000128746033,16.01169204711914,57.829999923706055,16.49415397644043
generation,3834,61.75000071525574,16.56439781188965,57.35999941825867,16.658021926879883
generation,3835,61.30000352859497,15.371021270751953,57.429999113082886,16.501447677612305
generation,3836,61.45000457763672,15.395021438598633,57.02999830245972,16.45792579650879
generation,3837,61.60000562667847,15.94875431060791,57.77999758720398,16.693199157714844
generation,3838,61.000001430511475,16.06135368347168,57.56999850273132,16.408214569091797
generation,3839,62.150001525878906,16.256677627563477,57.56999850273132,16.408214569091797
generation,3840,61.250001192092896,15.79822826385498,57.70999789237976,16.90492820739746
generation,3841,61.55000329017639,16.600177764892578,56.94999694824219,16.82720184326172
generation,3842,62.60000467300415,14.874322891235352,56.97000026702881,16.80671501159668
generation,3843,61.55000329017639,16.101499557495117,57.67999887466431,16.75897979736328
generation,3844,61.350005865097046,15.671653747558594,57.179999351501465,16.636960983276367
generation,3845,61.900001764297485,16.484548568725586,57.35999941825867,17.042617797851562
generation,3846,62.25000023841858,16.596378326416016,57.02999830245972,17.591766357421875
generation,3847,63.80000114440918,14.584524154663086,57.28999972343445,16.914751052856445
generation,3848,61.05000376701355,16.38434600830078,56.86999559402466,17.356674194335938
generation,3849,61.500000953674316,16.313867568969727,57.53999948501587,16.323251724243164
generation,3850,61.15000247955322,16.782493591308594,56.72999620437622,16.999971389770508
generation,3851,61.000001430511475,16.282936096191406,57.23999738693237,17.720500946044922
generation,3852,62.25000023841858,16.141355514526367,57.429999113082886,16.69895362854004
generation,3853,62.90000081062317,15.54086685180664,57.169997692108154,17.09741973876953
generation,3854,61.350005865097046,15.909811019897461,57.40000009536743,16.71086883544922
generation,3855,61.500000953674316,16.10426902770996,56.459999084472656,17.677745819091797
generation,3856,61.350005865097046,15.87588882446289,57.03999996185303,16.833892822265625
generation,3857,61.55000329017639,16.946212768554688,56.67999982833862,17.77695655822754
generation,3858,61.60000562667847,16.086669921875,57.260000705718994,16.71341323852539
generation,3859,62.300002574920654,15.057231903076172,57.35999941825867,17.089736938476562
generation,3860,60.65000295639038,17.066133499145508,57.66000151634216,17.0981388092041
generation,3861,63.200002908706665,14.893681526184082,57.669997215270996,16.934064865112305
generation,3862,62.05000281333923,16.138896942138672,57.06999897956848,17.46319580078125
generation,3863,61.85000538825989,15.253355979919434,56.63999915122986,16.76536750793457
generation,3864,61.900001764297485,15.557165145874023,57.489997148513794,17.101531982421875
generation,3865,62.35000491142273,16.249422073364258,57.55000114440918,17.36068344116211
generation,3866,61.95000410079956,16.155729293823242,57.429999113082886,17.107925415039062
generation,3867,61.10000014305115,16.586977005004883,58.059996366500854,16.608842849731445
generation,3868,61.85000538825989,14.757567405700684,57.419997453689575,16.63492202758789
generation,3869,61.55000329017639,16.714923858642578,57.64999985694885,16.896379470825195
generation,3870,63.15000057220459,14.41652774810791,57.76999592781067,16.56484031677246
generation,3871,62.05000281333923,15.77009391784668,57.819998264312744,16.713911056518555
generation,3872,61.15000247955322,16.34030532836914,57.339996099472046,16.874364852905273
generation,3873,62.800002098083496,15.237746238708496,57.52999782562256,17.122982025146484
generation,3874,61.45000457763672,15.938019752502441,57.28999972343445,16.89583396911621
generation,3875,62.90000081062317,15.627935409545898,57.45999813079834,16.597505569458008
generation,3876,61.80000305175781,15.264286041259766,57.91999697685242,16.444894790649414
generation,3877,61.350005865097046,15.65194034576416,57.48000144958496,16.66053009033203
generation,3878,61.70000433921814,15.511137008666992,57.59999752044678,16.497272491455078
generation,3879,62.550002336502075,15.825575828552246,57.12999701499939,16.866918563842773
generation,3880,62.60000467300415,14.644760131835938,57.04999566078186,16.720718383789062
generation,3881,60.65000295639038,16.738550186157227,56.9599986076355,17.07546043395996
generation,3882,61.75000071525574,15.752106666564941,57.260000705718994,16.931379318237305
generation,3883,60.750001668930054,16.56566619873047,56.55999779701233,17.305028915405273
generation,3884,61.350005865097046,15.727344512939453,57.30000138282776,16.676477432250977
generation,3885,62.65000104904175,16.4387149810791,57.22999572753906,17.065494537353516
generation,3886,62.950003147125244,15.532465934753418,57.22999572753906,17.065494537353516
generation,3887,61.500000953674316,16.419214248657227,57.28999972343445,16.968053817749023
generation,3888,63.50000500679016,13.633681297302246,57.8000009059906,16.508127212524414
generation,3889,61.45000457763672,16.163585662841797,57.169997692108154,16.678726196289062
generation,3890,61.2000048160553,16.046913146972656,57.27999806404114,16.877666473388672
generation,3891,61.70000433921814,15.65646743774414,56.779998540878296,16.433443069458008
generation,3892,60.9000027179718,15.783868789672852,57.809996604919434,16.116491317749023
generation,3893,61.55000329017639,15.530946731567383,57.499998807907104,16.725955963134766
generation,3894,59.90000367164612,16.743030548095703,57.179999351501465,16.880512237548828
generation,3895,63.15000057220459,14.966163635253906,57.38999843597412,16.846298217773438
generation,3896,61.400002241134644,16.356781005859375,56.94999694824219,17.09603500366211
generation,3897,62.7500057220459,15.132105827331543,57.46999979019165,17.090831756591797
generation,3898,63.75000476837158,15.098366737365723,57.440000772476196,16.472305297851562
generation,3899,61.85000538825989,15.289058685302734,57.38999843597412,16.731754302978516
generation,3900,63.00000548362732,14.610047340393066,57.6200008392334,16.705690383911133
generation,3901,61.45000457763672,15.853260040283203,57.169997692108154,16.392690658569336
generation,3902,60.50000190734863,16.031570434570312,57.190001010894775,16.393489837646484
generation,3903,62.550002336502075,14.49942398071289,57.419997453689575,16.34685707092285
generation,3904,61.75000071525574,17.401174545288086,57.56999850273132,17.067384719848633
generation,3905,62.40000128746033,15.763330459594727,57.749998569488525,16.525634765625
generation,3906,62.150001525878906,16.23639488220215,57.53999948501587,16.89701271057129
generation,3907,62.10000514984131,16.07728385925293,57.30000138282776,16.821866989135742
generation,3908,62.150001525878906,16.02527618408203,57.1399986743927,17.47581672668457
generation,3909,62.00000047683716,15.690220832824707,57.96999931335449,16.412334442138672
generation,3910,62.70000338554382,15.801453590393066,57.63999819755554,16.842329025268555
generation,3911,61.60000562667847,16.764999389648438,57.33000040054321,17.127233505249023
generation,3912,61.400002241134644,16.727602005004883,57.05999732017517,17.142833709716797
generation,3913,60.85000038146973,15.333610534667969,57.12000131607056,16.684011459350586
generation,3914,60.050004720687866,16.164018630981445,57.760000228881836,17.274526596069336
generation,3915,62.70000338554382,15.572630882263184,57.409995794296265,16.906339645385742
generation,3916,61.95000410079956,15.356287002563477,56.86999559402466,16.518348693847656
generation,3917,63.50000500679016,15.116896629333496,57.739996910095215,16.923521041870117
generation,3918,62.05000281333923,14.924406051635742,57.30999708175659,16.770828247070312
generation,3919,62.00000047683716,15.660826683044434,56.859999895095825,17.320005416870117
generation,3920,60.9000027179718,16.049793243408203,57.190001010894775,16.340360641479492
generation,3921,63.30000162124634,14.792192459106445,57.409995794296265,16.889184951782227
generation,3922,61.45000457763672,17.455081939697266,57.23999738693237,17.640758514404297
generation,3923,62.40000128746033,14.737740516662598,57.35999941825867,16.82364273071289
generation,3924,63.200002908706665,14.79061508178711,57.22000002861023,17.14565658569336
generation,3925,61.75000071525574,15.756599426269531,57.749998569488525,16.686481475830078
generation,3926,64.45000171661377,14.109370231628418,56.940001249313354,16.54240608215332
generation,3927,62.40000128746033,15.74487018585205,57.580000162124634,16.937353134155273
generation,3928,61.85000538825989,15.68506908416748,57.37999677658081,17.179277420043945
generation,3929,61.45000457763672,15.935127258300781,58.069998025894165,16.395910263061523
generation,3930,61.650002002716064,16.137136459350586,57.60999917984009,17.235754013061523
generation,3931,62.7500057220459,14.365402221679688,57.249999046325684,16.5108642578125
generation,3932,62.00000047683716,16.070159912109375,57.6200008392334,16.526491165161133
generation,3933,61.05000376701355,16.336429595947266,57.1399986743927,17.075450897216797
generation,3934,63.50000500679016,15.792157173156738,57.819998264312744,17.01997947692871
generation,3935,61.85000538825989,16.063722610473633,58.34000110626221,16.2484188079834
generation,3936,61.85000538825989,15.689776420593262,57.440000772476196,17.077232360839844
generation,3937,62.05000281333923,15.701342582702637,58.00999999046326,16.802160263061523
generation,3938,62.85000443458557,14.608294486999512,58.24999809265137,16.706066131591797
generation,3939,62.00000047683716,15.396029472351074,57.489997148513794,17.106124877929688
generation,3940,61.80000305175781,16.316795349121094,57.92999863624573,16.626407623291016
generation,3941,62.40000128746033,15.991486549377441,57.87000060081482,16.60394287109375
generation,3942,63.05000185966492,15.147265434265137,57.88999795913696,16.774568557739258
generation,3943,62.60000467300415,16.086393356323242,57.019996643066406,17.1275634765625
generation,3944,61.75000071525574,15.7138032913208,57.9800009727478,16.746530532836914
generation,3945,62.05000281333923,15.747964859008789,57.44999647140503,17.033430099487305
generation,3946,60.600000619888306,16.945295333862305,57.08000063896179,16.976057052612305
generation,3947,61.85000538825989,15.498724937438965,57.260000705718994,16.814693450927734
generation,3948,61.80000305175781,16.598848342895508,57.62999653816223,17.17584228515625
generation,3949,61.350005865097046,15.764832496643066,58.639997243881226,16.786548614501953
generation,3950,62.00000047683716,15.844921112060547,57.77999758720398,16.48773193359375
generation,3951,63.10000419616699,14.814605712890625,57.409995794296265,16.878232955932617
generation,3952,61.45000457763672,16.188196182250977,58.2099974155426,16.82748031616211
generation,3953,61.95000410079956,15.59814453125,56.98999762535095,16.998249053955078
generation,3954,63.35000395774841,15.932503700256348,56.779998540878296,17.053619384765625
generation,3955,61.70000433921814,15.814513206481934,57.60999917984009,16.90981674194336
generation,3956,63.05000185966492,15.095664978027344,57.8000009059906,16.52147674560547
generation,3957,60.700005292892456,16.3013858795166,57.44999647140503,16.256608963012695
generation,3958,61.10000014305115,16.356660842895508,56.98999762535095,17.01128578186035
generation,3959,60.40000319480896,16.20564079284668,57.45999813079834,16.954055786132812
generation,3960,62.85000443458557,15.11765193939209,56.790000200271606,16.88793182373047
generation,3961,62.25000023841858,15.628625869750977,57.38999843597412,16.61370086669922
generation,3962,61.95000410079956,15.073460578918457,57.95999765396118,16.298158645629883
generation,3963,62.70000338554382,14.875332832336426,57.69000053405762,16.454166412353516
generation,3964,62.70000338554382,15.470654487609863,56.90999627113342,16.829692840576172
generation,3965,62.10000514984131,15.354150772094727,58.21999907493591,16.49893569946289
generation,3966,60.40000319480896,16.774131774902344,57.8000009059906,16.883623123168945
generation,3967,62.10000514984131,15.86458969116211,57.96999931335449,16.639074325561523
generation,3968,63.35000395774841,15.152938842773438,57.66000151634216,16.624059677124023
generation,3969,62.950003147125244,14.613236427307129,57.58999586105347,16.791460037231445
generation,3970,62.70000338554382,14.969731330871582,57.30000138282776,16.734811782836914
generation,3971,63.25000524520874,14.766204833984375,57.429999113082886,16.741182327270508
generation,3972,60.750001668930054,15.300013542175293,58.23999643325806,16.41556739807129
generation,3973,62.150001525878906,15.323124885559082,57.46999979019165,16.714889526367188
generation,3974,63.65000009536743,14.963099479675293,58.16999673843384,16.863943099975586
generation,3975,62.65000104904175,15.044759750366211,57.829999923706055,16.508005142211914
generation,3976,63.600003719329834,15.175477027893066,57.44999647140503,16.96180534362793
generation,3977,63.200002908706665,15.0819730758667,57.019996643066406,16.662004470825195
generation,3978,62.90000081062317,15.851007461547852,57.95999765396118,17.167415618896484
generation,3979,62.5,15.980422019958496,57.3199987411499,16.88166046142578
generation,3980,61.60000562667847,17.265108108520508,57.669997215270996,16.834970474243164
generation,3981,61.60000562667847,15.75037956237793,57.499998807907104,16.393030166625977
generation,3982,62.35000491142273,16.725921630859375,57.40000009536743,16.995952606201172
generation,3983,62.7500057220459,14.721368789672852,57.760000228881836,16.59929084777832
generation,3984,61.400002241134644,16.3918399810791,57.749998569488525,16.74254608154297
generation,3985,63.35000395774841,14.84880256652832,57.69999623298645,16.24872589111328
generation,3986,64.50000405311584,14.487005233764648,57.9800009727478,16.457860946655273
generation,3987,60.85000038146973,15.388604164123535,57.96999931335449,16.98607063293457
generation,3988,62.150001525878906,15.2772855758667,57.409995794296265,16.67621421813965
generation,3989,61.60000562667847,16.611541748046875,58.55000019073486,16.76392364501953
generation,3990,60.350000858306885,17.089670181274414,57.55000114440918,16.70980453491211
generation,3991,60.65000295639038,16.190242767333984,57.08000063896179,16.83126449584961
generation,3992,61.45000457763672,16.676591873168945,58.41999650001526,16.84830093383789
generation,3993,61.75000071525574,14.532855033874512,57.8499972820282,16.182275772094727
generation,3994,61.80000305175781,16.31377410888672,57.85999894142151,16.993358612060547
generation,3995,61.500000953674316,16.11158561706543,58.41999650001526,16.716753005981445
generation,3996,62.85000443458557,14.758349418640137,57.669997215270996,16.612775802612305
generation,3997,61.900001764297485,15.914749145507812,57.489997148513794,16.704111099243164
generation,3998,61.45000457763672,17.298072814941406,57.37000107765198,17.6398868560791
generation,3999,61.30000352859497,16.324495315551758,57.87000060081482,16.525876998901367
generation,4000,60.55000424385071,16.995798110961914,57.69000053405762,17.3209171295166
generation,4001,60.750001668930054,15.680846214294434,58.09999704360962,16.534448623657227
generation,4002,62.4500036239624,15.201589584350586,57.22000002861023,16.973541259765625
generation,4003,62.00000047683716,16.03126335144043,57.819998264312744,16.707483291625977
generation,4004,62.70000338554382,15.279424667358398,57.27999806404114,16.88951301574707
generation,4005,63.25000524520874,15.685307502746582,57.809996604919434,16.84345054626465
generation,4006,60.85000038146973,16.404125213623047,57.809996604919434,17.043819427490234
generation,4007,62.150001525878906,15.048561096191406,57.88999795913696,17.03028678894043
generation,4008,60.00000238418579,17.1369571685791,58.17999839782715,16.916791915893555
generation,4009,61.70000433921814,16.323997497558594,58.05000066757202,16.80196189880371
generation,4010,61.85000538825989,15.876910209655762,57.19999670982361,16.918914794921875
generation,4011,63.00000548362732,15.514330863952637,57.809996604919434,16.66885757446289
generation,4012,60.95000505447388,16.90745735168457,58.090001344680786,16.68597412109375
generation,4013,61.500000953674316,16.34291648864746,57.19999670982361,16.86667251586914
generation,4014,61.2000048160553,17.242355346679688,58.379995822906494,16.77534294128418
generation,4015,62.4500036239624,15.469107627868652,57.56999850273132,16.707050323486328
generation,4016,62.550002336502075,15.616715431213379,57.30000138282776,16.904022216796875
generation,4017,61.45000457763672,16.233121871948242,57.23999738693237,16.941389083862305
generation,4018,63.00000548362732,15.370525360107422,58.069998025894165,16.612829208374023
generation,4019,62.4500036239624,15.519514083862305,58.0299973487854,16.818010330200195
generation,4020,63.75000476837158,14.013635635375977,57.989996671676636,16.594459533691406
generation,4021,61.85000538825989,16.13632583618164,57.910001277923584,17.22361946105957
generation,4022,61.85000538825989,15.792877197265625,57.739996910095215,16.54591941833496
generation,4023,61.10000014305115,15.8037109375,57.64999985694885,16.551313400268555
generation,4024,62.00000047683716,15.414826393127441,57.739996910095215,16.614118576049805
generation,4025,62.60000467300415,14.848539352416992,57.78999924659729,16.355091094970703
generation,4026,62.70000338554382,16.371917724609375,57.69000053405762,16.781972885131836
generation,4027,60.65000295639038,16.04997444152832,57.760000228881836,17.07103729248047
generation,4028,61.80000305175781,16.30221176147461,57.56999850273132,16.9738712310791
generation,4029,61.80000305175781,16.586095809936523,57.489997148513794,16.735328674316406
generation,4030,62.10000514984131,15.909246444702148,57.70999789237976,17.05596160888672
generation,4031,61.45000457763672,15.453215599060059,57.510000467300415,16.535930633544922
generation,4032,59.800004959106445,17.05190658569336,57.91999697685242,17.3529109954834
generation,4033,62.800002098083496,15.13105297088623,57.26999640464783,16.94675064086914
generation,4034,61.60000562667847,15.994086265563965,58.03999900817871,16.67970085144043
generation,4035,60.9000027179718,16.986148834228516,58.079999685287476,16.17283058166504
generation,4036,60.9000027179718,16.388450622558594,57.30000138282776,16.739416122436523
generation,4037,63.00000548362732,14.83888053894043,57.69999623298645,16.41564178466797
generation,4038,62.10000514984131,16.768835067749023,57.73000121116638,16.7595157623291
generation,4039,62.800002098083496,14.467771530151367,57.69000053405762,16.356508255004883
generation,4040,61.900001764297485,16.478599548339844,56.859999895095825,17.562904357910156
generation,4041,63.70000243186951,15.83687973022461,57.22000002861023,17.323884963989258
generation,4042,62.550002336502075,15.242399215698242,57.92999863624573,16.652801513671875
generation,4043,60.350000858306885,17.97138214111328,57.40000009536743,17.224143981933594
generation,4044,62.05000281333923,15.16460132598877,57.19999670982361,16.569082260131836
generation,4045,62.950003147125244,15.451173782348633,57.73000121116638,16.61236000061035
generation,4046,61.80000305175781,15.42659854888916,57.510000467300415,16.982864379882812
generation,4047,62.90000081062317,15.81493091583252,57.73000121116638,16.549320220947266
generation,4048,63.90000581741333,15.124849319458008,57.819998264312744,16.60260009765625
generation,4049,62.4500036239624,15.135197639465332,57.159996032714844,17.118635177612305
generation,4050,62.20000386238098,15.884015083312988,57.73000121116638,16.549320220947266
generation,4051,61.95000410079956,16.64733123779297,57.30000138282776,17.04720687866211
generation,4052,61.30000352859497,15.558425903320312,57.409995794296265,16.613405227661133
generation,4053,63.15000057220459,15.767078399658203,57.73000121116638,16.908763885498047
generation,4054,61.400002241134644,16.83987045288086,57.37999677658081,17.159942626953125
generation,4055,61.350005865097046,16.716312408447266,57.78999924659729,16.440279006958008
generation,4056,60.700005292892456,16.809782028198242,57.409995794296265,17.51671028137207
generation,4057,61.350005865097046,16.55284309387207,57.71999955177307,16.814531326293945
generation,4058,60.85000038146973,16.368505477905273,58.19999575614929,16.81315803527832
generation,4059,62.7500057220459,14.486265182495117,57.69999623298645,16.40204429626465
generation,4060,63.70000243186951,15.20319938659668,57.71999955177307,16.814531326293945
generation,4061,61.650002002716064,16.660987854003906,57.52999782562256,17.39390754699707
generation,4062,61.55000329017639,16.651010513305664,57.92999863624573,17.268508911132812
generation,4063,62.20000386238098,15.253924369812012,57.60999917984009,17.12747573852539
generation,4064,62.550002336502075,16.352474212646484,57.58999586105347,17.049463272094727
generation,4065,61.900001764297485,15.966086387634277,57.35999941825867,16.99113655090332
generation,4066,61.900001764297485,15.566459655761719,57.44999647140503,16.705413818359375
generation,4067,61.95000410079956,14.888113021850586,57.40000009536743,16.459980010986328
generation,4068,61.75000071525574,15.723496437072754,57.9800009727478,16.554250717163086
generation,4069,62.5,15.873104095458984,57.88999795913696,16.359649658203125
generation,4070,61.2000048160553,16.243379592895508,57.59999752044678,16.42038917541504
generation,4071,62.550002336502075,15.350775718688965,57.53999948501587,17.01649284362793
generation,4072,62.85000443458557,15.402729034423828,57.56999850273132,16.929655075073242
generation,4073,61.60000562667847,16.88835906982422,57.749998569488525,17.572662353515625
generation,4074,62.550002336502075,16.215158462524414,57.46999979019165,16.935382843017578
generation,4075,61.650002002716064,15.978255271911621,57.06999897956848,16.632678985595703
generation,4076,61.900001764297485,15.448773384094238,57.03999996185303,16.727785110473633
generation,4077,62.40000128746033,14.85891342163086,57.71999955177307,16.411775588989258
generation,4078,61.05000376701355,17.144033432006836,57.56999850273132,17.068710327148438
generation,4079,61.95000410079956,16.185009002685547,57.71999955177307,16.411775588989258
generation,4080,63.65000009536743,15.317276000976562,57.59999752044678,16.99296760559082
generation,4081,63.200002908706665,14.735372543334961,57.28999972343445,16.8016357421875
generation,4082,61.650002002716064,15.939000129699707,57.22000002861023,17.00578498840332
generation,4083,60.450005531311035,17.203994750976562,57.38999843597412,16.923463821411133
generation,4084,63.70000243186951,15.413678169250488,57.30000138282776,16.679983139038086
generation,4085,60.600000619888306,15.821800231933594,57.760000228881836,16.295608520507812
generation,4086,61.45000457763672,16.784147262573242,56.16999864578247,17.5096378326416
generation,4087,60.450005531311035,16.524839401245117,57.19999670982361,17.26694107055664
generation,4088,62.25000023841858,16.05694007873535,58.069998025894165,16.82122802734375
generation,4089,61.80000305175781,15.957473754882812,57.06999897956848,17.486099243164062
generation,4090,60.80000400543213,15.398276329040527,57.669997215270996,16.458539962768555
generation,4091,61.250001192092896,16.034311294555664,57.71999955177307,16.9444580078125
generation,4092,62.90000081062317,16.871505737304688,57.77999758720398,17.354841232299805
generation,4093,61.30000352859497,15.764901161193848,57.37999677658081,16.772430419921875
generation,4094,61.400002241134644,16.660415649414062,56.4799964427948,17.67659568786621
generation,4095,62.90000081062317,15.339282989501953,57.260000705718994,16.91555404663086
generation,4096,61.85000538825989,15.148015022277832,57.69999623298645,16.448505401611328
generation,4097,62.7500057220459,15.075715065002441,57.38999843597412,16.754138946533203
generation,4098,63.05000185966492,15.20779037475586,57.109999656677246,16.917055130004883
generation,4099,62.60000467300415,15.602749824523926,57.02999830245972,16.853649139404297
generation,4100,62.25000023841858,14.942085266113281,57.339996099472046,17.275039672851562
generation,4101,61.900001764297485,16.20595359802246,57.489997148513794,16.820558547973633
generation,4102,63.10000419616699,14.522260665893555,57.999998331069946,16.238338470458984
generation,4103,63.00000548362732,15.514615058898926,57.179999351501465,16.98178482055664
generation,4104,63.30000162124634,14.819543838500977,56.86999559402466,16.821456909179688
generation,4105,61.70000433921814,16.49496078491211,57.02999830245972,17.18121910095215
generation,4106,61.2000048160553,17.232498168945312,57.38999843597412,16.979679107666016
generation,4107,62.150001525878906,15.346044540405273,57.70999789237976,16.526206970214844
generation,4108,62.35000491142273,16.59353256225586,57.55000114440918,17.127790451049805
generation,4109,62.950003147125244,15.63687515258789,57.06999897956848,16.997272491455078
generation,4110,63.30000162124634,14.532629013061523,57.55999684333801,16.240455627441406
generation,4111,61.75000071525574,16.41282844543457,57.109999656677246,17.011098861694336
generation,4112,61.15000247955322,15.804054260253906,57.499998807907104,16.486106872558594
generation,4113,61.2000048160553,15.379255294799805,57.58999586105347,17.021589279174805
generation,4114,62.35000491142273,16.02129364013672,57.819998264312744,16.73384666442871
generation,4115,59.85000133514404,16.9521541595459,57.6200008392334,16.638996124267578
generation,4116,61.85000538825989,15.49089527130127,57.45999813079834,16.97453498840332
generation,4117,62.85000443458557,15.121604919433594,57.510000467300415,16.955406188964844
generation,4118,62.5,15.771191596984863,56.599998474121094,16.823463439941406
generation,4119,64.15000557899475,15.530320167541504,57.45999813079834,16.904447555541992
generation,4120,62.25000023841858,14.706450462341309,57.6200008392334,16.299131393432617
generation,4121,63.10000419616699,15.05408000946045,56.849998235702515,17.51671028137207
generation,4122,62.00000047683716,15.387453079223633,57.40000009536743,16.88468360900879
generation,4123,61.80000305175781,15.31875991821289,57.85999894142151,16.820972442626953
generation,4124,63.80000114440918,15.292668342590332,57.179999351501465,16.926788330078125
generation,4125,62.5,15.089035034179688,58.00999999046326,16.530725479125977
generation,4126,61.2000048160553,15.952324867248535,57.190001010894775,16.880977630615234
generation,4127,60.50000190734863,17.349111557006836,57.409995794296265,16.929996490478516
generation,4128,64.15000557899475,14.429722785949707,57.51999616622925,16.389053344726562
generation,4129,62.60000467300415,14.843932151794434,57.56999850273132,16.485734939575195
generation,4130,62.35000491142273,14.652557373046875,57.429999113082886,16.422327041625977
generation,4131,62.300002574920654,15.77071762084961,57.63999819755554,17.136810302734375
generation,4132,62.40000128746033,15.656989097595215,57.819998264312744,16.685392379760742
generation,4133,62.5,15.668619155883789,57.3199987411499,16.868436813354492
generation,4134,62.60000467300415,14.64090633392334,57.52999782562256,16.358848571777344
generation,4135,61.70000433921814,14.85666561126709,57.46999979019165,16.415403366088867
generation,4136,61.70000433921814,15.864477157592773,57.30000138282776,16.821744918823242
generation,4137,64.15000557899475,14.109118461608887,57.089996337890625,17.00789451599121
generation,4138,62.800002098083496,15.651039123535156,57.62999653816223,16.74226951599121
generation,4139,62.25000023841858,15.43073558807373,57.1399986743927,16.751319885253906
generation,4140,61.650002002716064,15.178755760192871,57.760000228881836,16.26594352722168
generation,4141,62.5,15.715275764465332,57.08000063896179,17.437238693237305
generation,4142,62.800002098083496,15.47848129272461,57.04999566078186,16.78921127319336
generation,4143,64.20000195503235,14.728324890136719,57.440000772476196,16.859237670898438
generation,4144,62.25000023841858,15.100927352905273,58.05000066757202,16.439895629882812
generation,4145,60.350000858306885,16.333454132080078,57.58999586105347,16.491365432739258
generation,4146,61.60000562667847,16.156421661376953,57.22999572753906,17.071414947509766
generation,4147,63.30000162124634,13.90330982208252,57.58999586105347,16.491365432739258
generation,4148,60.25000214576721,16.819833755493164,57.15000033378601,17.306135177612305
generation,4149,61.85000538825989,15.633988380432129,57.04999566078186,16.528488159179688
generation,4150,63.30000162124634,15.405056953430176,57.819998264312744,16.730669021606445
generation,4151,63.50000500679016,14.396635055541992,57.33000040054321,16.411115646362305
generation,4152,62.4500036239624,15.707067489624023,57.60999917984009,16.99362564086914
generation,4153,62.35000491142273,16.042268753051758,57.06999897956848,16.648927688598633
generation,4154,61.85000538825989,15.657925605773926,57.089996337890625,16.750699996948242
generation,4155,60.80000400543213,16.49028205871582,57.190001010894775,16.7060604095459
generation,4156,63.10000419616699,15.199389457702637,57.37999677658081,16.74827766418457
generation,4157,63.00000548362732,14.848941802978516,57.62999653816223,16.56754493713379
generation,4158,64.25000429153442,14.305100440979004,58.19000005722046,16.629228591918945
generation,4159,61.2000048160553,16.519336700439453,57.12000131607056,16.988323211669922
generation,4160,61.650002002716064,15.522501945495605,57.30000138282776,16.80116844177246
generation,4161,62.35000491142273,15.296369552612305,57.83999562263489,16.56012725830078
generation,4162,62.950003147125244,14.707825660705566,57.08000063896179,17.081560134887695
generation,4163,62.5,16.15855598449707,56.97000026702881,17.036853790283203
generation,4164,60.85000038146973,16.182214736938477,56.769996881484985,16.829336166381836
generation,4165,61.650002002716064,16.092979431152344,57.01000094413757,16.58916473388672
generation,4166,61.900001764297485,16.04463005065918,57.159996032714844,17.013545989990234
generation,4167,60.600000619888306,16.149761199951172,57.33000040054321,16.712661743164062
generation,4168,63.55000138282776,14.590937614440918,57.989996671676636,16.783794403076172
generation,4169,62.300002574920654,16.133663177490234,57.179999351501465,16.70786476135254
generation,4170,63.15000057220459,15.332836151123047,57.37999677658081,16.936809539794922
generation,4171,62.20000386238098,16.22599983215332,57.8499972820282,17.202041625976562
generation,4172,61.650002002716064,16.253437042236328,57.69000053405762,16.812549591064453
generation,4173,61.80000305175781,16.034807205200195,57.440000772476196,16.977563858032227
generation,4174,62.550002336502075,14.798235893249512,57.12999701499939,16.797836303710938
generation,4175,60.30000448226929,15.923341751098633,57.66000151634216,16.645296096801758
generation,4176,62.5,15.117485046386719,56.86999559402466,16.726823806762695
generation,4177,61.75000071525574,16.26644515991211,57.78999924659729,16.456411361694336
generation,4178,62.550002336502075,15.079573631286621,57.04999566078186,16.698596954345703
generation,4179,62.05000281333923,15.419133186340332,57.510000467300415,16.52727699279785
generation,4180,62.25000023841858,15.548951148986816,56.87999725341797,16.639314651489258
generation,4181,63.15000057220459,15.347057342529297,57.64999985694885,16.457345962524414
generation,4182,61.05000376701355,14.971562385559082,57.94999599456787,16.270736694335938
generation,4183,62.10000514984131,15.70999526977539,57.56999850273132,16.884578704833984
generation,4184,60.95000505447388,16.678009033203125,57.48000144958496,16.460107803344727
generation,4185,61.70000433921814,16.163829803466797,57.55000114440918,16.514331817626953
generation,4186,63.05000185966492,14.1776123046875,57.910001277923584,16.608362197875977
generation,4187,62.70000338554382,14.733625411987305,57.19999670982361,16.308917999267578
generation,4188,62.05000281333923,15.913622856140137,57.22000002861023,16.823911666870117
generation,4189,62.5,14.558740615844727,57.45999813079834,15.829446792602539
generation,4190,63.200002908706665,14.846667289733887,57.38999843597412,16.50678062438965
generation,4191,62.10000514984131,16.186750411987305,57.510000467300415,16.86468505859375
generation,4192,62.90000081062317,14.810251235961914,57.260000705718994,16.59300994873047
generation,4193,62.300002574920654,15.264753341674805,57.53999948501587,16.791061401367188
generation,4194,61.2000048160553,15.894251823425293,57.37999677658081,17.025663375854492
generation,4195,61.80000305175781,16.619396209716797,57.04999566078186,16.823585510253906
generation,4196,64.000004529953,15.095321655273438,57.94999599456787,16.783967971801758
generation,4197,62.70000338554382,15.94211196899414,57.94999599456787,16.783967971801758
generation,4198,61.15000247955322,16.574642181396484,57.89999961853027,16.91992950439453
generation,4199,62.25000023841858,16.212480545043945,57.669997215270996,16.582956314086914
generation,4200,62.40000128746033,15.250004768371582,57.8000009059906,16.605262756347656
generation,4201,62.60000467300415,15.655956268310547,57.35999941825867,16.58211326599121
generation,4202,61.400002241134644,15.455187797546387,58.01999568939209,16.408533096313477
generation,4203,64.0500009059906,15.701254844665527,57.809996604919434,16.649892807006836
generation,4204,61.80000305175781,15.261917114257812,58.37000012397766,16.43425941467285
generation,4205,62.25000023841858,16.02362060546875,57.22999572753906,16.766803741455078
generation,4206,62.25000023841858,14.951386451721191,57.63999819755554,16.462472915649414
generation,4207,61.95000410079956,16.016172409057617,57.71999955177307,16.91214942932129
generation,4208,62.7500057220459,15.582653999328613,58.059996366500854,16.168743133544922
generation,4209,62.10000514984131,15.625921249389648,57.33000040054321,16.868797302246094
generation,4210,61.05000376701355,16.060354232788086,57.06999897956848,16.630294799804688
generation,4211,61.95000410079956,16.309255599975586,57.339996099472046,16.95598602294922
generation,4212,62.150001525878906,16.17499351501465,57.63999819755554,16.814971923828125
generation,4213,62.60000467300415,15.300451278686523,57.33000040054321,17.286623001098633
generation,4214,61.15000247955322,16.748756408691406,57.08000063896179,17.116207122802734
generation,4215,62.950003147125244,14.686559677124023,57.099997997283936,16.71085548400879
generation,4216,62.950003147125244,16.22283172607422,57.099997997283936,17.379762649536133
generation,4217,62.300002574920654,15.799593925476074,57.22000002861023,17.021411895751953
generation,4218,61.2000048160553,16.098228454589844,57.03999996185303,16.611936569213867
generation,4219,62.85000443458557,15.73110580444336,57.06999897956848,17.322956085205078
generation,4220,62.7500057220459,14.84701156616211,56.94999694824219,16.507848739624023
generation,4221,61.55000329017639,16.157733917236328,57.73000121116638,16.454240798950195
generation,4222,62.35000491142273,16.190519332885742,56.33999705314636,17.358552932739258
generation,4223,63.200002908706665,15.485803604125977,57.809996604919434,16.668071746826172
generation,4224,60.9000027179718,16.326663970947266,57.73000121116638,16.08589744567871
generation,4225,62.800002098083496,14.939420700073242,57.440000772476196,16.250690460205078
generation,4226,61.55000329017639,15.536999702453613,57.15000033378601,16.953487396240234
generation,4227,61.55000329017639,16.174671173095703,57.33000040054321,16.53197479248047
generation,4228,62.300002574920654,15.232175827026367,57.51999616622925,16.65241241455078
generation,4229,61.000001430511475,16.83195686340332,57.099997997283936,16.65849494934082
generation,4230,62.90000081062317,14.733062744140625,57.53999948501587,16.47309684753418
generation,4231,61.10000014305115,16.10828971862793,57.52999782562256,16.797271728515625
generation,4232,61.55000329017639,15.844677925109863,57.52999782562256,16.797271728515625
generation,4233,62.950003147125244,16.037160873413086,57.999998331069946,16.512985229492188
generation,4234,63.65000009536743,14.231024742126465,57.96999931335449,16.200950622558594
generation,4235,62.05000281333923,15.626160621643066,57.66000151634216,16.43050765991211
generation,4236,62.5,14.736355781555176,57.69000053405762,16.420394897460938
generation,4237,62.05000281333923,15.370231628417969,57.190001010894775,16.625415802001953
generation,4238,61.85000538825989,14.901435852050781,57.33000040054321,16.298004150390625
generation,4239,60.85000038146973,15.283555030822754,57.38999843597412,16.36796760559082
generation,4240,62.550002336502075,14.959334373474121,57.40000009536743,16.439111709594727
generation,4241,63.30000162124634,15.050090789794922,56.99999928474426,17.30706024169922
generation,4242,62.70000338554382,14.818020820617676,56.99999928474426,16.372535705566406
generation,4243,61.60000562667847,15.50871467590332,57.580000162124634,16.03470230102539
generation,4244,61.500000953674316,15.136478424072266,57.419997453689575,16.14871597290039
generation,4245,62.5,15.106608390808105,57.6200008392334,16.378232955932617
generation,4246,61.45000457763672,16.085636138916016,57.429999113082886,16.733489990234375
generation,4247,62.25000023841858,15.949422836303711,57.94000029563904,16.686565399169922
generation,4248,63.05000185966492,15.31775188446045,57.55000114440918,16.672332763671875
generation,4249,63.95000219345093,14.667490005493164,57.55999684333801,17.237272262573242
generation,4250,62.00000047683716,15.949813842773438,57.23999738693237,16.941356658935547
generation,4251,61.900001764297485,16.240684509277344,57.819998264312744,16.42064094543457
generation,4252,61.400002241134644,16.031641006469727,57.08000063896179,16.760292053222656
generation,4253,61.80000305175781,16.667640686035156,57.349997758865356,16.979366302490234
generation,4254,62.10000514984131,15.335314750671387,57.489997148513794,16.71282958984375
generation,4255,62.00000047683716,15.471418380737305,58.24999809265137,16.000015258789062
generation,4256,63.30000162124634,13.861679077148438,57.23999738693237,16.266094207763672
generation,4257,62.4500036239624,15.228487014770508,57.04999566078186,16.721548080444336
generation,4258,62.4500036239624,15.578569412231445,57.409995794296265,16.83806037902832
generation,4259,61.15000247955322,15.773933410644531,57.739996910095215,16.531627655029297
generation,4260,63.30000162124634,15.513843536376953,57.52999782562256,16.70697593688965
generation,4261,64.80000019073486,14.808326721191406,57.59999752044678,16.473878860473633
generation,4262,64.75000381469727,13.680411338806152,57.52999782562256,16.27890968322754
generation,4263,61.05000376701355,16.177967071533203,57.40000009536743,16.53746223449707
generation,4264,62.35000491142273,15.516745567321777,57.58999586105347,16.468162536621094
generation,4265,62.950003147125244,14.634092330932617,57.27999806404114,16.609500885009766
generation,4266,61.45000457763672,15.695259094238281,56.94999694824219,16.566471099853516
generation,4267,62.65000104904175,14.934135437011719,57.190001010894775,16.344654083251953
generation,4268,63.15000057220459,15.301226615905762,57.60999917984009,16.42588996887207
generation,4269,61.650002002716064,16.125469207763672,57.089996337890625,16.67501449584961
generation,4270,62.10000514984131,16.052715301513672,58.19999575614929,16.411346435546875
generation,4271,61.500000953674316,15.60954475402832,57.46999979019165,16.534629821777344
generation,4272,62.05000281333923,16.20745277404785,56.22999668121338,16.937284469604492
generation,4273,63.10000419616699,14.273167610168457,57.92999863624573,16.281600952148438
generation,4274,63.55000138282776,15.047052383422852,57.92999863624573,16.667118072509766
generation,4275,62.85000443458557,14.572210311889648,57.33000040054321,16.841018676757812
generation,4276,62.35000491142273,15.796667098999023,58.19000005722046,16.65618896484375
generation,4277,61.10000014305115,16.442584991455078,57.87000060081482,17.162424087524414
generation,4278,62.20000386238098,14.716032028198242,57.56999850273132,16.443111419677734
generation,4279,62.150001525878906,14.905476570129395,57.349997758865356,16.757524490356445
generation,4280,61.000001430511475,15.856081008911133,57.739996910095215,16.297456741333008
generation,4281,62.550002336502075,14.778112411499023,57.94000029563904,16.680744171142578
generation,4282,62.65000104904175,15.513131141662598,57.77999758720398,16.8428897857666
generation,4283,61.75000071525574,17.111846923828125,57.78999924659729,16.66250991821289
generation,4284,61.2000048160553,16.017881393432617,57.40000009536743,16.727802276611328
generation,4285,61.60000562667847,16.164325714111328,56.859999895095825,17.038442611694336
generation,4286,62.00000047683716,15.42258071899414,57.12999701499939,16.314085006713867
generation,4287,64.40000534057617,14.804052352905273,57.69999623298645,16.52939224243164
generation,4288,62.150001525878906,16.044240951538086,57.489997148513794,16.804704666137695
generation,4289,62.4500036239624,14.520050048828125,57.55999684333801,16.46357536315918
generation,4290,62.20000386238098,15.791131973266602,57.66000151634216,16.942392349243164
generation,4291,64.40000534057617,14.149703025817871,57.62999653816223,16.766876220703125
generation,4292,62.300002574920654,15.407408714294434,57.51999616622925,16.815105438232422
generation,4293,60.9000027179718,16.441808700561523,57.45999813079834,16.96256446838379
generation,4294,63.65000009536743,14.65847396850586,57.409995794296265,16.62706756591797
generation,4295,61.30000352859497,16.55142593383789,57.94999599456787,16.99688720703125
generation,4296,61.05000376701355,16.814693450927734,57.099997997283936,16.949386596679688
generation,4297,64.15000557899475,15.119123458862305,57.429999113082886,16.463836669921875
generation,4298,61.900001764297485,15.740572929382324,57.910001277923584,16.355127334594727
generation,4299,61.45000457763672,15.37919807434082,57.15000033378601,16.51303482055664
generation,4300,61.30000352859497,16.46747398376465,57.53999948501587,16.913232803344727
generation,4301,63.40000033378601,14.480320930480957,57.8000009059906,16.305097579956055
generation,4302,61.650002002716064,15.512453079223633,57.30000138282776,16.865821838378906
generation,4303,61.10000014305115,15.654539108276367,57.02999830245972,16.51661491394043
generation,4304,61.30000352859497,16.260229110717773,57.05999732017517,16.947731018066406
generation,4305,61.45000457763672,16.146472930908203,56.98999762535095,16.27547836303711
generation,4306,62.35000491142273,15.50044059753418,58.16999673843384,16.11697769165039
generation,4307,61.95000410079956,16.159748077392578,58.00999999046326,16.458375930786133
generation,4308,62.4500036239624,15.394771575927734,57.46999979019165,16.839649200439453
generation,4309,60.600000619888306,15.982166290283203,57.40000009536743,16.879087448120117
generation,4310,61.350005865097046,16.35858726501465,57.58999586105347,16.845191955566406
generation,4311,62.300002574920654,15.868728637695312,57.15000033378601,16.69245719909668
generation,4312,63.05000185966492,15.794146537780762,57.60999917984009,17.03407096862793
generation,4313,61.80000305175781,15.61758041381836,57.38999843597412,16.20802116394043
generation,4314,60.9000027179718,15.486350059509277,57.71999955177307,16.450775146484375
generation,4315,62.10000514984131,16.139249801635742,58.469998836517334,16.35647964477539
generation,4316,61.75000071525574,16.35614013671875,57.78999924659729,16.368377685546875
generation,4317,64.90000486373901,14.362630844116211,57.669997215270996,16.534242630004883
generation,4318,63.35000395774841,15.29201889038086,57.63999819755554,16.259220123291016
generation,4319,63.15000057220459,15.676143646240234,57.19999670982361,17.174564361572266
generation,4320,61.250001192092896,16.436748504638672,57.809996604919434,16.82769775390625
generation,4321,61.350005865097046,15.749403953552246,57.499998807907104,16.551847457885742
generation,4322,63.15000057220459,14.973731994628906,57.8499972820282,16.659488677978516
generation,4323,62.90000081062317,15.175406455993652,57.78999924659729,16.130077362060547
generation,4324,61.75000071525574,15.226656913757324,57.27999806404114,16.357154846191406
generation,4325,62.60000467300415,15.251401901245117,57.77999758720398,16.75861167907715
generation,4326,62.300002574920654,15.546915054321289,57.04999566078186,16.367504119873047
generation,4327,62.40000128746033,15.622901916503906,57.64999985694885,16.421152114868164
generation,4328,62.40000128746033,15.200992584228516,57.87999629974365,16.445344924926758
generation,4329,61.70000433921814,16.208396911621094,57.179999351501465,16.78701400756836
generation,4330,63.95000219345093,14.107176780700684,57.28999972343445,16.953481674194336
generation,4331,63.10000419616699,15.022994041442871,57.339996099472046,16.587419509887695
generation,4332,61.95000410079956,15.505707740783691,56.99999928474426,16.303133010864258
generation,4333,63.850003480911255,14.91836166381836,56.80999755859375,16.517227172851562
generation,4334,62.5,15.736400604248047,57.46999979019165,16.586666107177734
generation,4335,62.65000104904175,15.156157493591309,57.89999961853027,16.51756477355957
generation,4336,61.85000538825989,15.951614379882812,57.53999948501587,16.659704208374023
generation,4337,63.850003480911255,14.327675819396973,57.64999985694885,16.297208786010742
generation,4338,63.00000548362732,16.646793365478516,56.86999559402466,17.106828689575195
generation,4339,61.900001764297485,16.73707389831543,57.44999647140503,16.990079879760742
generation,4340,62.25000023841858,15.666339874267578,57.69999623298645,17.048202514648438
generation,4341,59.05000567436218,15.904011726379395,57.73000121116638,16.518749237060547
generation,4342,62.60000467300415,15.4044828414917,57.67999887466431,16.57602882385254
generation,4343,61.60000562667847,16.083940505981445,57.409995794296265,16.472476959228516
generation,4344,63.35000395774841,14.437610626220703,57.819998264312744,16.24275779724121
generation,4345,60.700005292892456,15.127035140991211,56.80999755859375,16.346506118774414
generation,4346,61.400002241134644,15.065825462341309,57.22999572753906,16.556686401367188
generation,4347,62.70000338554382,15.834756851196289,57.02999830245972,17.052785873413086
generation,4348,61.2000048160553,16.51133918762207,57.51999616622925,16.60203742980957
generation,4349,63.10000419616699,15.023588180541992,57.56999850273132,16.682828903198242
generation,4350,63.10000419616699,15.420719146728516,57.6200008392334,16.429807662963867
generation,4351,61.85000538825989,14.965344429016113,57.38999843597412,16.53989028930664
generation,4352,60.85000038146973,17.569522857666016,57.22999572753906,16.9218807220459
generation,4353,62.300002574920654,15.58098316192627,57.08000063896179,17.133651733398438
generation,4354,63.200002908706665,14.778572082519531,57.67999887466431,16.724550247192383
generation,4355,62.4500036239624,15.209868431091309,57.669997215270996,16.717004776000977
generation,4356,62.550002336502075,15.083566665649414,58.0299973487854,16.487159729003906
generation,4357,61.05000376701355,15.984397888183594,56.72999620437622,16.536802291870117
generation,4358,62.85000443458557,14.695828437805176,57.3199987411499,16.750280380249023
generation,4359,62.10000514984131,15.411933898925781,57.339996099472046,16.685543060302734
generation,4360,63.00000548362732,15.65739631652832,57.55999684333801,16.753236770629883
generation,4361,62.90000081062317,14.457198143005371,57.109999656677246,16.892114639282227
generation,4362,62.10000514984131,15.719834327697754,57.77999758720398,16.322420120239258
generation,4363,62.150001525878906,14.8681001663208,57.089996337890625,16.47954750061035
generation,4364,64.20000195503235,14.233739852905273,58.05000066757202,16.484403610229492
generation,4365,62.90000081062317,15.00610065460205,57.190001010894775,16.605100631713867
generation,4366,63.25000524520874,14.923431396484375,56.54999613761902,17.07278823852539
generation,4367,63.25000524520874,14.921468734741211,57.87999629974365,16.291488647460938
generation,4368,63.00000548362732,15.529521942138672,57.23999738693237,17.46734619140625
generation,4369,63.850003480911255,14.930625915527344,56.86999559402466,17.031749725341797
generation,4370,63.15000057220459,15.03101634979248,57.6200008392334,16.783342361450195
generation,4371,62.4500036239624,15.36699390411377,56.70999884605408,17.3403377532959
generation,4372,62.65000104904175,15.602594375610352,56.88999891281128,16.966474533081055
generation,4373,62.60000467300415,15.409293174743652,57.69000053405762,17.03845977783203
generation,4374,61.60000562667847,15.948686599731445,57.37999677658081,17.014923095703125
generation,4375,63.850003480911255,14.3987398147583,57.499998807907104,16.568180084228516
generation,4376,61.650002002716064,16.00649070739746,57.499998807907104,16.3428955078125
generation,4377,62.70000338554382,14.703059196472168,57.59999752044678,16.65264892578125
generation,4378,61.400002241134644,16.75739860534668,57.760000228881836,16.40953826904297
generation,4379,62.40000128746033,16.425416946411133,57.12000131607056,17.00442886352539
generation,4380,62.5,15.340230941772461,57.60999917984009,16.26491928100586
generation,4381,62.800002098083496,14.27222728729248,57.019996643066406,16.340167999267578
generation,4382,62.25000023841858,16.670562744140625,57.87000060081482,16.83526611328125
generation,4383,62.4500036239624,15.303707122802734,57.55999684333801,16.19477653503418
generation,4384,63.75000476837158,14.55298137664795,57.819998264312744,16.28835678100586
generation,4385,62.35000491142273,14.947675704956055,57.109999656677246,16.242143630981445
generation,4386,62.05000281333923,15.581382751464844,57.8000009059906,16.655357360839844
generation,4387,63.450002670288086,15.29817008972168,57.04999566078186,16.832765579223633
generation,4388,62.65000104904175,15.394124984741211,57.440000772476196,16.371070861816406
generation,4389,64.10000324249268,15.140904426574707,57.64999985694885,16.586864471435547
generation,4390,62.10000514984131,16.306100845336914,57.22999572753906,16.688615798950195
generation,4391,63.75000476837158,15.24438190460205,57.260000705718994,17.28217887878418
generation,4392,62.800002098083496,15.803600311279297,57.37999677658081,16.94645881652832
generation,4393,61.80000305175781,16.929908752441406,57.26999640464783,16.624168395996094
generation,4394,61.2000048160553,16.408475875854492,57.409995794296265,16.49442481994629
generation,4395,61.70000433921814,15.756369590759277,57.28999972343445,16.455385208129883
generation,4396,60.85000038146973,16.801713943481445,57.27999806404114,17.125673294067383
generation,4397,62.25000023841858,16.59716796875,56.76000118255615,17.286325454711914
generation,4398,61.55000329017639,16.43866539001465,57.03999996185303,17.192790985107422
generation,4399,61.900001764297485,15.606706619262695,57.22999572753906,16.82457733154297
generation,4400,62.00000047683716,16.538745880126953,57.45999813079834,16.810867309570312
generation,4401,63.25000524520874,15.421088218688965,57.73000121116638,16.5808048248291
generation,4402,62.35000491142273,15.37978458404541,57.829999923706055,16.459861755371094
generation,4403,61.70000433921814,15.596299171447754,57.59999752044678,16.780378341674805
generation,4404,62.25000023841858,14.800191879272461,57.59999752044678,16.780378341674805
generation,4405,61.85000538825989,15.667311668395996,57.339996099472046,16.764110565185547
generation,4406,60.65000295639038,17.069746017456055,57.23999738693237,17.04139518737793
generation,4407,62.40000128746033,15.99531364440918,57.01000094413757,16.752241134643555
generation,4408,62.550002336502075,15.383183479309082,58.12000036239624,16.22591781616211
generation,4409,59.90000367164612,16.97256088256836,57.05999732017517,17.101390838623047
generation,4410,61.75000071525574,15.120787620544434,57.489997148513794,16.155973434448242
generation,4411,62.300002574920654,15.67203140258789,57.20999836921692,17.057748794555664
generation,4412,63.15000057220459,15.075201034545898,56.90000057220459,16.615428924560547
generation,4413,63.15000057220459,15.5209379196167,57.37000107765198,16.910381317138672
generation,4414,62.550002336502075,14.850996017456055,57.60999917984009,16.329572677612305
generation,4415,62.40000128746033,14.876361846923828,57.59999752044678,16.752052307128906
generation,4416,62.00000047683716,15.947176933288574,57.94000029563904,16.99892234802246
generation,4417,63.200002908706665,15.48444938659668,57.69999623298645,16.983030319213867
generation,4418,62.4500036239624,16.364601135253906,57.15000033378601,16.681684494018555
generation,4419,62.00000047683716,16.176210403442383,57.22999572753906,16.972883224487305
generation,4420,63.00000548362732,14.736645698547363,57.489997148513794,16.488765716552734
generation,4421,61.95000410079956,15.26990032196045,56.87999725341797,16.39586639404297
generation,4422,63.30000162124634,15.27266788482666,57.30000138282776,17.09422492980957
generation,4423,61.900001764297485,16.196243286132812,57.67999887466431,17.06247901916504
generation,4424,63.35000395774841,15.26416301727295,57.179999351501465,16.934499740600586
generation,4425,62.70000338554382,15.250731468200684,57.23999738693237,16.395227432250977
generation,4426,63.25000524520874,15.444803237915039,57.63999819755554,16.36124610900879
generation,4427,62.5,15.214689254760742,58.09999704360962,16.503337860107422
generation,4428,62.7500057220459,15.822875022888184,57.52999782562256,16.762741088867188
generation,4429,62.90000081062317,15.937281608581543,57.739996910095215,16.837730407714844
generation,4430,62.4500036239624,14.614843368530273,57.44999647140503,16.32688331604004
generation,4431,62.60000467300415,15.326220512390137,57.60999917984009,17.010839462280273
generation,4432,62.800002098083496,15.23045539855957,57.1399986743927,17.280729293823242
generation,4433,63.70000243186951,15.564353942871094,57.20999836921692,17.11389923095703
generation,4434,62.20000386238098,16.040468215942383,57.91999697685242,17.061655044555664
generation,4435,64.000004529953,14.878843307495117,57.59999752044678,16.25814437866211
generation,4436,62.60000467300415,15.481552124023438,57.499998807907104,16.282690048217773
generation,4437,62.40000128746033,16.478715896606445,57.30000138282776,17.348041534423828
generation,4438,63.40000033378601,14.71323299407959,57.6200008392334,16.417490005493164
generation,4439,63.25000524520874,15.090139389038086,57.40000009536743,17.016742706298828
generation,4440,62.60000467300415,15.09943962097168,57.78999924659729,16.272024154663086
generation,4441,62.00000047683716,16.35548210144043,57.69999623298645,16.553451538085938
generation,4442,61.15000247955322,16.35401153564453,57.30000138282776,16.708141326904297
generation,4443,61.500000953674316,15.70608901977539,57.60999917984009,16.346250534057617
generation,4444,62.90000081062317,14.884491920471191,57.69000053405762,16.37105941772461
generation,4445,62.7500057220459,15.77785587310791,58.079999685287476,17.067811965942383
generation,4446,63.00000548362732,15.082845687866211,57.910001277923584,16.3459529876709
generation,4447,60.80000400543213,16.257526397705078,57.69999623298645,16.553451538085938
generation,4448,62.85000443458557,15.449143409729004,57.89999961853027,16.69532585144043
generation,4449,63.10000419616699,16.331180572509766,57.08000063896179,17.01860237121582
generation,4450,63.10000419616699,14.266939163208008,57.440000772476196,16.681682586669922
generation,4451,62.950003147125244,15.130645751953125,57.30999708175659,17.081268310546875
generation,4452,62.5,15.29444408416748,58.01999568939209,16.23773765563965
generation,4453,60.40000319480896,16.224206924438477,57.55000114440918,16.498308181762695
generation,4454,62.20000386238098,16.432476043701172,57.44999647140503,17.239042282104492
generation,4455,62.20000386238098,15.941963195800781,57.77999758720398,16.571752548217773
generation,4456,62.25000023841858,14.956511497497559,58.090001344680786,16.79534149169922
generation,4457,63.55000138282776,15.413895606994629,57.59999752044678,16.508657455444336
generation,4458,61.60000562667847,15.391719818115234,57.89999961853027,16.321178436279297
generation,4459,62.4500036239624,15.813624382019043,57.53999948501587,16.7574462890625
generation,4460,63.05000185966492,15.468633651733398,57.19999670982361,16.58409309387207
generation,4461,63.50000500679016,14.582170486450195,57.580000162124634,16.789714813232422
generation,4462,61.85000538825989,15.778116226196289,57.45999813079834,16.893156051635742
generation,4463,62.300002574920654,15.638652801513672,57.46999979019165,16.56529426574707
generation,4464,60.600000619888306,16.395816802978516,57.989996671676636,16.555557250976562
generation,4465,60.750001668930054,16.546846389770508,57.73000121116638,16.490022659301758
generation,4466,62.4500036239624,15.993144989013672,57.83999562263489,16.83748435974121
generation,4467,60.15000343322754,16.70657730102539,57.12999701499939,16.76835060119629
generation,4468,63.05000185966492,14.793307304382324,57.249999046325684,17.118736267089844
generation,4469,63.90000581741333,14.38327693939209,58.30000042915344,16.08599281311035
generation,4470,61.350005865097046,15.573335647583008,57.40000009536743,16.582664489746094
generation,4471,63.450002670288086,15.81982707977295,57.59999752044678,16.67865562438965
generation,4472,62.4500036239624,16.556589126586914,57.56999850273132,17.033309936523438
generation,4473,63.25000524520874,15.21121597290039,58.160001039505005,16.187320709228516
generation,4474,63.25000524520874,16.057024002075195,57.8499972820282,16.632028579711914
generation,4475,63.30000162124634,15.290112495422363,57.63999819755554,16.956809997558594
generation,4476,62.950003147125244,15.520745277404785,57.510000467300415,16.296213150024414
generation,4477,63.75000476837158,14.35097885131836,57.94000029563904,16.458709716796875
generation,4478,62.10000514984131,15.512598991394043,57.71999955177307,16.600093841552734
generation,4479,62.4500036239624,15.152684211730957,57.63999819755554,16.360700607299805
generation,4480,64.30000066757202,14.501789093017578,57.55999684333801,16.81879997253418
generation,4481,62.70000338554382,14.97208023071289,57.089996337890625,16.85163116455078
generation,4482,64.25000429153442,16.130041122436523,57.64999985694885,17.465967178344727
generation,4483,61.60000562667847,16.251659393310547,57.8000009059906,16.29869270324707
generation,4484,61.55000329017639,15.197067260742188,57.52999782562256,16.65775489807129
generation,4485,62.35000491142273,15.922192573547363,57.15000033378601,17.06163215637207
generation,4486,62.35000491142273,15.60042667388916,58.03999900817871,16.407930374145508
generation,4487,65.00000357627869,14.127259254455566,57.53999948501587,16.24360466003418
generation,4488,64.3500030040741,14.30674934387207,57.12999701499939,16.587600708007812
generation,4489,62.950003147125244,15.061736106872559,56.99999928474426,16.760482788085938
generation,4490,62.70000338554382,16.091537475585938,58.03999900817871,16.407930374145508
generation,4491,63.05000185966492,15.015281677246094,57.87000060081482,16.413959503173828
generation,4492,62.300002574920654,15.779106140136719,57.809996604919434,16.694190979003906
generation,4493,61.400002241134644,15.376445770263672,58.069998025894165,16.333290100097656
generation,4494,63.50000500679016,14.690695762634277,57.83999562263489,16.546009063720703
generation,4495,62.65000104904175,15.231047630310059,57.67999887466431,16.477842330932617
generation,4496,62.550002336502075,14.4443998336792,57.429999113082886,15.90381908416748
generation,4497,63.50000500679016,15.241537094116211,57.60999917984009,16.700254440307617
generation,4498,61.15000247955322,15.688546180725098,57.580000162124634,17.033952713012695
generation,4499,61.55000329017639,15.70012092590332,57.27999806404114,16.521963119506836
generation,4500,62.7500057220459,15.32158088684082,57.749998569488525,16.9498233795166
generation,4501,62.25000023841858,15.204262733459473,57.109999656677246,16.515939712524414
generation,4502,62.90000081062317,15.159401893615723,58.160001039505005,16.768421173095703
generation,4503,62.85000443458557,15.171043395996094,58.059996366500854,16.469608306884766
generation,4504,63.25000524520874,16.294944763183594,57.67999887466431,17.510236740112305
generation,4505,65.00000357627869,14.472749710083008,57.33000040054321,16.971744537353516
generation,4506,62.00000047683716,16.226106643676758,56.90999627113342,17.447006225585938
generation,4507,62.4500036239624,15.220663070678711,57.429999113082886,16.41023826599121
generation,4508,63.35000395774841,15.331411361694336,57.809996604919434,16.37738800048828
generation,4509,62.85000443458557,14.97119140625,57.829999923706055,16.65242576599121
generation,4510,60.9000027179718,16.80525779724121,58.00999999046326,16.75253677368164
generation,4511,63.70000243186951,14.830168724060059,58.09999704360962,16.509077072143555
generation,4512,62.550002336502075,15.894311904907227,57.69999623298645,16.586278915405273
generation,4513,62.950003147125244,15.535323143005371,57.409995794296265,17.35144805908203
generation,4514,61.75000071525574,16.99924659729004,57.819998264312744,16.997568130493164
generation,4515,63.25000524520874,15.439726829528809,57.30999708175659,16.7938289642334
generation,4516,62.85000443458557,15.86453628540039,57.85999894142151,16.903566360473633
generation,4517,60.750001668930054,16.059913635253906,58.059996366500854,16.308530807495117
generation,4518,61.80000305175781,16.1424503326416,57.01000094413757,16.530441284179688
generation,4519,62.300002574920654,15.626420021057129,57.45999813079834,16.89179801940918
generation,4520,61.400002241134644,15.491058349609375,57.63999819755554,16.514280319213867
generation,4521,63.00000548362732,15.113360404968262,57.87000060081482,16.34629249572754
generation,4522,63.200002908706665,14.893346786499023,57.64999985694885,16.916255950927734
generation,4523,63.40000033378601,15.561100006103516,57.60999917984009,16.881633758544922
generation,4524,62.60000467300415,15.368943214416504,57.38999843597412,16.42427635192871
generation,4525,61.70000433921814,16.02838897705078,57.64999985694885,16.499855041503906
generation,4526,61.650002002716064,15.354050636291504,57.339996099472046,16.696033477783203
generation,4527,63.40000033378601,15.194208145141602,57.44999647140503,16.67243766784668
generation,4528,60.350000858306885,16.434751510620117,58.16999673843384,16.21147918701172
generation,4529,63.35000395774841,15.629366874694824,57.51999616622925,17.089998245239258
generation,4530,63.10000419616699,14.027921676635742,57.64999985694885,16.66250991821289
generation,4531,62.35000491142273,15.199386596679688,58.16999673843384,16.21147918701172
generation,4532,64.0500009059906,14.846840858459473,57.64999985694885,16.855222702026367
generation,4533,61.30000352859497,16.2730770111084,57.30000138282776,17.109724044799805
generation,4534,62.5,15.811685562133789,57.56999850273132,16.60980224609375
generation,4535,62.4500036239624,14.988834381103516,57.69999623298645,16.596555709838867
generation,4536,62.20000386238098,15.851279258728027,57.37000107765198,16.804014205932617
generation,4537,62.85000443458557,15.27621078491211,57.429999113082886,16.383533477783203
generation,4538,62.150001525878906,15.37454891204834,57.760000228881836,16.546968460083008
generation,4539,62.7500057220459,14.783548355102539,57.169997692108154,16.749492645263672
generation,4540,63.50000500679016,14.832937240600586,57.48000144958496,17.269943237304688
generation,4541,62.150001525878906,16.560131072998047,58.10999870300293,16.722612380981445
generation,4542,62.70000338554382,14.82011890411377,56.94999694824219,16.540348052978516
generation,4543,62.25000023841858,14.667007446289062,58.05000066757202,16.533954620361328
generation,4544,63.00000548362732,15.560968399047852,57.33000040054321,16.68215560913086
generation,4545,62.05000281333923,14.548495292663574,57.30999708175659,16.333358764648438
generation,4546,62.70000338554382,16.230783462524414,56.97000026702881,17.054485321044922
generation,4547,62.800002098083496,15.436676025390625,57.8499972820282,16.92242431640625
generation,4548,62.25000023841858,15.439133644104004,57.510000467300415,16.510738372802734
generation,4549,62.150001525878906,15.775741577148438,57.67999887466431,16.24360466003418
generation,4550,63.55000138282776,14.58695125579834,57.67999887466431,16.574081420898438
generation,4551,63.50000500679016,15.087642669677734,57.580000162124634,16.360212326049805
generation,4552,64.50000405311584,14.745477676391602,58.00999999046326,16.32483673095703
generation,4553,62.25000023841858,15.432870864868164,57.52999782562256,16.835567474365234
generation,4554,62.35000491142273,16.54073715209961,57.55999684333801,16.823225021362305
generation,4555,62.90000081062317,14.30557632446289,58.21999907493591,16.132171630859375
generation,4556,62.5,15.496155738830566,57.46999979019165,16.632307052612305
generation,4557,62.800002098083496,15.802490234375,57.409995794296265,16.491559982299805
generation,4558,62.70000338554382,15.325312614440918,56.97000026702881,16.90127944946289
generation,4559,64.80000019073486,14.382884979248047,57.69000053405762,16.46819305419922
generation,4560,61.85000538825989,15.400961875915527,57.08000063896179,16.672943115234375
generation,4561,63.55000138282776,14.831687927246094,57.6200008392334,16.90569305419922
generation,4562,64.25000429153442,14.696609497070312,57.419997453689575,16.540790557861328
generation,4563,61.30000352859497,15.088871955871582,57.339996099472046,16.07854461669922
generation,4564,62.550002336502075,15.62044906616211,57.8000009059906,16.542198181152344
generation,4565,62.4500036239624,16.354019165039062,57.55000114440918,17.096643447875977
generation,4566,63.00000548362732,14.211904525756836,57.91999697685242,16.176727294921875
generation,4567,64.70000147819519,13.34769344329834,57.73000121116638,16.246379852294922
generation,4568,62.150001525878906,15.993175506591797,57.03999996185303,16.57512092590332
generation,4569,63.00000548362732,15.355789184570312,57.94999599456787,16.45303726196289
generation,4570,61.650002002716064,15.433732986450195,57.77999758720398,16.528276443481445
generation,4571,61.75000071525574,15.606639862060547,56.97999596595764,16.659944534301758
generation,4572,61.80000305175781,15.458052635192871,58.069998025894165,16.401718139648438
generation,4573,63.90000581741333,15.173593521118164,57.77999758720398,16.956418991088867
generation,4574,62.550002336502075,15.53720760345459,56.97999596595764,16.659944534301758
generation,4575,63.35000395774841,14.515335083007812,57.999998331069946,16.62546730041504
generation,4576,62.05000281333923,16.28689956665039,57.1399986743927,17.058837890625
generation,4577,63.40000033378601,15.455761909484863,57.85999894142151,16.552783966064453
generation,4578,63.65000009536743,14.580928802490234,57.190001010894775,16.603437423706055
generation,4579,62.550002336502075,15.000076293945312,58.28999876976013,16.342927932739258
generation,4580,61.2000048160553,15.717172622680664,57.70999789237976,16.153478622436523
generation,4581,63.35000395774841,15.359406471252441,57.69000053405762,16.782329559326172
generation,4582,63.05000185966492,14.340062141418457,57.62999653816223,16.377431869506836
generation,4583,63.90000581741333,15.863232612609863,57.85999894142151,16.96735191345215
generation,4584,64.10000324249268,14.509682655334473,58.00999999046326,16.513324737548828
generation,4585,62.950003147125244,15.146503448486328,57.260000705718994,16.463109970092773
generation,4586,62.5,16.10316276550293,57.64999985694885,16.645322799682617
generation,4587,62.65000104904175,15.211761474609375,57.48000144958496,16.61862564086914
generation,4588,63.55000138282776,15.934744834899902,57.64999985694885,17.0294132232666
generation,4589,62.85000443458557,14.856322288513184,56.67999982833862,16.937461853027344
generation,4590,61.75000071525574,16.58445930480957,57.55000114440918,16.52817726135254
generation,4591,61.45000457763672,15.168304443359375,57.85999894142151,16.71391487121582
generation,4592,61.500000953674316,16.566680908203125,57.73000121116638,16.310457229614258
generation,4593,62.950003147125244,14.533000946044922,57.260000705718994,16.35114288330078
generation,4594,62.70000338554382,14.806034088134766,57.60999917984009,16.660659790039062
generation,4595,63.50000500679016,15.016651153564453,57.989996671676636,16.4827823638916
generation,4596,62.70000338554382,14.815110206604004,57.88999795913696,16.777099609375
generation,4597,63.00000548362732,15.367216110229492,57.88999795913696,16.777099609375
generation,4598,62.4500036239624,15.028169631958008,58.30000042915344,16.43906021118164
generation,4599,62.550002336502075,15.632015228271484,57.58999586105347,16.80905532836914
generation,4600,62.85000443458557,16.010866165161133,57.499998807907104,16.920116424560547
generation,4601,64.15000557899475,14.487607955932617,57.73000121116638,16.7344970703125
generation,4602,60.700005292892456,16.35070037841797,57.62999653816223,16.521486282348633
generation,4603,62.25000023841858,14.566011428833008,57.419997453689575,16.227413177490234
generation,4604,62.25000023841858,15.64966869354248,58.139997720718384,16.43990707397461
generation,4605,61.250001192092896,16.583518981933594,57.169997692108154,17.08357048034668
generation,4606,62.5,14.730647087097168,57.76999592781067,16.42299461364746
generation,4607,64.0500009059906,15.613924026489258,57.88999795913696,16.297286987304688
generation,4608,62.35000491142273,15.50510025024414,58.10999870300293,16.771032333374023
generation,4609,63.15000057220459,15.69909954071045,57.77999758720398,16.52090072631836
generation,4610,64.3500030040741,14.05380630493164,57.71999955177307,16.548961639404297
generation,4611,63.200002908706665,15.321255683898926,57.15000033378601,16.588735580444336
generation,4612,63.00000548362732,15.706411361694336,57.70999789237976,16.360382080078125
generation,4613,64.85000252723694,14.458885192871094,57.87999629974365,16.46575355529785
generation,4614,62.550002336502075,15.566627502441406,57.76999592781067,16.66769027709961
generation,4615,62.00000047683716,16.005910873413086,57.12999701499939,16.671161651611328
generation,4616,63.600003719329834,14.73452091217041,57.739996910095215,16.44721031188965
generation,4617,62.4500036239624,16.342395782470703,58.27000141143799,16.09758949279785
generation,4618,62.20000386238098,15.195149421691895,57.159996032714844,16.33169937133789
generation,4619,61.900001764297485,16.559152603149414,57.819998264312744,16.82984733581543
generation,4620,60.55000424385071,16.36411476135254,58.0299973487854,16.35890007019043
generation,4621,61.15000247955322,15.892210960388184,56.91999793052673,16.988683700561523
generation,4622,62.4500036239624,14.897706985473633,57.67999887466431,16.589487075805664
generation,4623,62.5,15.451687812805176,58.25999975204468,16.705242156982422
generation,4624,61.45000457763672,15.763565063476562,57.67999887466431,16.061840057373047
generation,4625,63.30000162124634,15.235466957092285,57.83999562263489,16.72664451599121
generation,4626,62.65000104904175,15.803378105163574,58.27000141143799,16.09758949279785
generation,4627,61.75000071525574,14.864585876464844,58.17999839782715,15.92398452758789
generation,4628,63.40000033378601,15.286857604980469,56.97000026702881,16.717248916625977
generation,4629,62.90000081062317,14.726401329040527,57.77999758720398,16.451507568359375
generation,4630,61.2000048160553,16.769088745117188,58.19999575614929,16.44284439086914
generation,4631,61.400002241134644,15.733833312988281,58.230000734329224,16.521764755249023
generation,4632,63.80000114440918,14.654034614562988,58.34000110626221,16.3360595703125
generation,4633,63.450002670288086,15.416672706604004,58.05000066757202,16.45503807067871
generation,4634,62.300002574920654,16.096105575561523,57.9800009727478,16.905813217163086
generation,4635,62.35000491142273,15.17788314819336,57.87000060081482,16.47088050842285
generation,4636,61.45000457763672,15.194400787353516,58.30000042915344,16.45758056640625
generation,4637,62.7500057220459,15.273223876953125,57.63999819755554,16.524038314819336
generation,4638,63.10000419616699,14.689806938171387,58.629995584487915,16.115524291992188
generation,4639,61.80000305175781,16.108566284179688,57.510000467300415,16.12836265563965
generation,4640,63.25000524520874,15.059088706970215,57.40000009536743,16.87957000732422
generation,4641,62.70000338554382,14.603845596313477,58.01999568939209,16.416873931884766
generation,4642,63.35000395774841,15.61225414276123,57.339996099472046,16.514671325683594
generation,4643,63.200002908706665,14.554287910461426,57.73000121116638,16.06879425048828
generation,4644,63.10000419616699,15.1699800491333,57.52999782562256,16.73148536682129
generation,4645,61.85000538825989,17.151933670043945,57.66000151634216,16.89006805419922
generation,4646,62.70000338554382,15.146130561828613,57.95999765396118,16.72410774230957
generation,4647,62.300002574920654,16.660030364990234,58.0299973487854,16.817716598510742
generation,4648,63.05000185966492,15.296357154846191,58.28999876976013,16.322111129760742
generation,4649,63.05000185966492,15.501574516296387,58.34000110626221,16.149791717529297
generation,4650,62.4500036239624,15.658474922180176,57.12999701499939,16.959394454956055
generation,4651,63.70000243186951,15.223422050476074,58.60999822616577,16.44593620300293
generation,4652,63.00000548362732,15.306382179260254,57.94000029563904,16.66480827331543
generation,4653,61.75000071525574,15.857746124267578,58.12999606132507,16.695035934448242
generation,4654,60.50000190734863,17.546436309814453,57.440000772476196,17.094112396240234
generation,4655,62.800002098083496,16.385120391845703,58.12000036239624,16.643299102783203
generation,4656,62.70000338554382,15.489197731018066,57.95999765396118,16.549827575683594
generation,4657,64.25000429153442,14.68665885925293,57.9800009727478,16.504669189453125
generation,4658,62.950003147125244,15.74863338470459,57.37000107765198,16.44240951538086
generation,4659,62.90000081062317,15.404542922973633,58.379995822906494,16.545608520507812
generation,4660,64.30000066757202,15.15122127532959,58.079999685287476,16.589757919311523
generation,4661,63.75000476837158,15.127175331115723,58.139997720718384,16.648921966552734
generation,4662,63.70000243186951,14.84950065612793,58.6899995803833,16.146595001220703
generation,4663,61.500000953674316,16.292753219604492,56.98999762535095,16.6857852935791
generation,4664,63.15000057220459,16.09168243408203,58.079999685287476,16.744543075561523
generation,4665,62.10000514984131,16.46522331237793,57.910001277923584,16.870656967163086
generation,4666,62.5,15.969433784484863,58.34000110626221,16.35616111755371
generation,4667,64.15000557899475,14.952722549438477,57.52999782562256,16.459386825561523
generation,4668,62.85000443458557,15.142417907714844,58.23999643325806,16.446786880493164
generation,4669,63.450002670288086,15.031991004943848,57.749998569488525,16.464101791381836
generation,4670,61.80000305175781,15.079304695129395,57.35999941825867,16.401472091674805
generation,4671,64.0500009059906,13.83029842376709,57.8499972820282,16.783382415771484
generation,4672,63.80000114440918,15.844687461853027,58.09999704360962,16.988622665405273
generation,4673,63.75000476837158,15.268325805664062,57.760000228881836,16.545543670654297
generation,4674,62.7500057220459,14.563992500305176,57.89999961853027,16.82796859741211
generation,4675,62.60000467300415,15.046018600463867,57.55000114440918,16.399188995361328
generation,4676,62.05000281333923,15.755341529846191,57.440000772476196,17.290544509887695
generation,4677,61.60000562667847,16.072948455810547,58.41999650001526,16.566194534301758
generation,4678,62.60000467300415,15.917238235473633,57.489997148513794,16.459558486938477
generation,4679,64.25000429153442,14.11284065246582,58.30000042915344,16.510271072387695
generation,4680,63.10000419616699,15.340123176574707,57.69000053405762,16.1345272064209
generation,4681,62.70000338554382,14.879239082336426,57.94000029563904,16.190061569213867
generation,4682,63.200002908706665,14.499760627746582,57.419997453689575,16.62749671936035
generation,4683,62.65000104904175,15.881635665893555,57.58999586105347,16.64714813232422
generation,4684,61.30000352859497,16.48334312438965,57.910001277923584,16.468477249145508
generation,4685,62.300002574920654,15.80216121673584,57.739996910095215,16.619468688964844
generation,4686,63.600003719329834,15.190306663513184,58.19000005722046,16.591514587402344
generation,4687,61.350005865097046,16.612043380737305,57.910001277923584,16.564163208007812
generation,4688,61.250001192092896,15.896090507507324,57.95999765396118,16.461654663085938
generation,4689,62.5,15.13979434967041,58.09999704360962,16.49775505065918
generation,4690,63.30000162124634,14.948375701904297,58.480000495910645,16.45118522644043
generation,4691,64.40000534057617,15.17932415008545,58.42999815940857,16.5341796875
generation,4692,62.25000023841858,15.737289428710938,57.749998569488525,17.06841468811035
generation,4693,63.30000162124634,15.01828384399414,58.09999704360962,16.55426788330078
generation,4694,63.600003719329834,15.018010139465332,57.58999586105347,16.447546005249023
generation,4695,62.25000023841858,15.897504806518555,57.85999894142151,16.827077865600586
generation,4696,62.7500057220459,15.449446678161621,58.49999785423279,16.39289093017578
generation,4697,62.05000281333923,16.439979553222656,58.05000066757202,17.150646209716797
generation,4698,63.70000243186951,15.212766647338867,57.429999113082886,17.12101936340332
generation,4699,63.200002908706665,14.812325477600098,58.03999900817871,16.138046264648438
generation,4700,62.65000104904175,15.567140579223633,57.69999623298645,16.490102767944336
generation,4701,62.65000104904175,15.216508865356445,57.85999894142151,16.40196418762207
generation,4702,62.950003147125244,15.537887573242188,57.739996910095215,16.88222885131836
generation,4703,63.95000219345093,15.10191822052002,57.760000228881836,16.18224334716797
generation,4704,64.3500030040741,14.376907348632812,57.71999955177307,16.218843460083008
generation,4705,62.550002336502075,14.726606369018555,58.149999380111694,16.436281204223633
generation,4706,62.20000386238098,15.255753517150879,57.829999923706055,16.462772369384766
generation,4707,63.40000033378601,15.797622680664062,57.819998264312744,16.023040771484375
generation,4708,65.15000462532043,13.980559349060059,57.67999887466431,16.238061904907227
generation,4709,63.450002670288086,14.859704971313477,58.17999839782715,15.9080171585083
generation,4710,63.35000395774841,15.574200630187988,58.19999575614929,16.159761428833008
generation,4711,62.150001525878906,16.087289810180664,57.94999599456787,16.766252517700195
generation,4712,63.15000057220459,15.4469633102417,57.69000053405762,16.677764892578125
generation,4713,62.40000128746033,15.763833999633789,57.70999789237976,16.408721923828125
generation,4714,63.25000524520874,15.087031364440918,58.52999687194824,17.044708251953125
generation,4715,63.10000419616699,14.480314254760742,58.090001344680786,16.218915939331055
generation,4716,63.25000524520874,16.38967514038086,58.319997787475586,16.837060928344727
generation,4717,63.30000162124634,14.97068977355957,58.639997243881226,16.29768943786621
generation,4718,62.20000386238098,15.102412223815918,58.57999920845032,16.638402938842773
generation,4719,62.550002336502075,16.471942901611328,57.78999924659729,16.798654556274414
generation,4720,62.40000128746033,14.776866912841797,57.69000053405762,16.335983276367188
generation,4721,61.80000305175781,16.852102279663086,57.69999623298645,17.390613555908203
generation,4722,62.5,15.381378173828125,57.809996604919434,16.67414093017578
generation,4723,62.65000104904175,15.637951850891113,57.40000009536743,16.458518981933594
generation,4724,63.50000500679016,14.896778106689453,57.94000029563904,16.65147590637207
generation,4725,63.50000500679016,14.98151969909668,58.0299973487854,16.576570510864258
generation,4726,63.65000009536743,14.61316204071045,57.48000144958496,16.791858673095703
generation,4727,62.40000128746033,16.61703872680664,57.69999623298645,16.991180419921875
generation,4728,62.550002336502075,16.369516372680664,57.760000228881836,16.77548599243164
generation,4729,63.10000419616699,15.03020191192627,58.19000005722046,16.18861961364746
generation,4730,63.05000185966492,15.330467224121094,57.989996671676636,16.80497932434082
generation,4731,62.550002336502075,14.918272018432617,57.989996671676636,16.36244010925293
generation,4732,63.80000114440918,14.753920555114746,58.09999704360962,16.372739791870117
generation,4733,62.65000104904175,15.426467895507812,57.69000053405762,16.27346420288086
generation,4734,62.40000128746033,15.914584159851074,57.179999351501465,16.786636352539062
generation,4735,61.400002241134644,16.234416961669922,57.580000162124634,16.599424362182617
generation,4736,61.80000305175781,14.896071434020996,57.190001010894775,16.67572021484375
generation,4737,63.95000219345093,14.989950180053711,58.34000110626221,16.312564849853516
generation,4738,62.85000443458557,15.819876670837402,57.85999894142151,16.411157608032227
generation,4739,64.45000171661377,13.800347328186035,58.34000110626221,16.312564849853516
generation,4740,61.000001430511475,16.850719451904297,57.809996604919434,16.491870880126953
generation,4741,66.40000343322754,13.32949447631836,57.669997215270996,16.264928817749023
generation,4742,62.40000128746033,15.481094360351562,57.749998569488525,16.500774383544922
generation,4743,63.55000138282776,14.765158653259277,57.8000009059906,16.50811195373535
generation,4744,63.40000033378601,15.39887523651123,58.00999999046326,16.349735260009766
generation,4745,62.90000081062317,15.1271333694458,58.12999606132507,16.17257308959961
generation,4746,62.950003147125244,15.875046730041504,57.96999931335449,16.2451229095459
generation,4747,63.75000476837158,15.265463829040527,58.230000734329224,16.325584411621094
generation,4748,62.300002574920654,15.848605155944824,58.16999673843384,15.993223190307617
generation,4749,62.5,15.073363304138184,57.989996671676636,16.06283187866211
generation,4750,63.05000185966492,15.92746353149414,57.92999863624573,16.289419174194336
generation,4751,63.25000524520874,15.083686828613281,57.64999985694885,16.392608642578125
generation,4752,62.05000281333923,16.252614974975586,57.38999843597412,17.533458709716797
generation,4753,63.40000033378601,14.970232963562012,57.64999985694885,16.80417251586914
generation,4754,62.35000491142273,16.442291259765625,57.8499972820282,16.800764083862305
generation,4755,63.95000219345093,14.667566299438477,58.00999999046326,16.114667892456055
generation,4756,64.000004529953,14.710939407348633,57.51999616622925,16.40591812133789
generation,4757,60.65000295639038,16.600582122802734,58.00999999046326,16.325984954833984
generation,4758,64.25000429153442,13.866578102111816,57.66000151634216,16.11587905883789
generation,4759,62.00000047683716,15.065864562988281,58.3299994468689,15.659815788269043
generation,4760,62.20000386238098,15.353585243225098,58.10999870300293,15.99986743927002
generation,4761,62.550002336502075,15.552799224853516,57.85999894142151,16.53316307067871
generation,4762,62.550002336502075,15.480385780334473,57.409995794296265,16.61250114440918
generation,4763,61.10000014305115,16.973949432373047,58.66999626159668,16.657629013061523
generation,4764,60.600000619888306,16.943790435791016,57.67999887466431,16.551191329956055
generation,4765,62.7500057220459,15.340047836303711,57.55000114440918,16.736488342285156
generation,4766,61.250001192092896,15.827463150024414,58.139997720718384,16.187150955200195
generation,4767,63.600003719329834,15.836570739746094,58.05000066757202,16.502798080444336
generation,4768,62.150001525878906,14.809053421020508,57.73000121116638,15.990118980407715
generation,4769,61.95000410079956,14.792491912841797,57.37000107765198,16.272579193115234
generation,4770,61.95000410079956,15.754382133483887,58.399999141693115,16.08708953857422
generation,4771,62.150001525878906,15.865608215332031,57.71999955177307,16.20481300354004
generation,4772,61.60000562667847,15.836441040039062,57.739996910095215,15.967053413391113
generation,4773,62.550002336502075,16.152790069580078,58.079999685287476,16.635679244995117
generation,4774,63.05000185966492,15.301794052124023,57.38999843597412,16.237396240234375
generation,4775,63.30000162124634,15.467813491821289,57.8000009059906,16.44671058654785
generation,4776,63.70000243186951,15.620573997497559,57.48000144958496,16.852575302124023
generation,4777,60.80000400543213,15.937983512878418,57.910001277923584,16.392650604248047
generation,4778,64.3500030040741,14.526019096374512,57.8000009059906,16.24648666381836
generation,4779,64.20000195503235,14.688512802124023,57.429999113082886,16.644062042236328
generation,4780,61.45000457763672,15.338898658752441,57.6200008392334,15.918210983276367
generation,4781,62.60000467300415,15.461902618408203,57.739996910095215,16.30275535583496
generation,4782,61.650002002716064,15.8962984085083,58.309996128082275,16.011993408203125
generation,4783,61.500000953674316,16.530664443969727,58.059996366500854,16.20269203186035
generation,4784,61.75000071525574,16.482664108276367,58.00999999046326,16.594268798828125
generation,4785,63.850003480911255,15.089777946472168,57.87999629974365,16.502269744873047
generation,4786,63.00000548362732,15.172401428222656,57.499998807907104,16.23562240600586
generation,4787,63.70000243186951,15.045263290405273,58.230000734329224,16.19857406616211
generation,4788,63.35000395774841,15.144725799560547,58.079999685287476,16.203105926513672
generation,4789,62.60000467300415,15.787525177001953,57.23999738693237,16.256330490112305
generation,4790,62.950003147125244,14.985170364379883,57.30000138282776,16.258960723876953
generation,4791,62.85000443458557,14.670668601989746,57.94000029563904,16.296669006347656
generation,4792,62.25000023841858,16.37104034423828,58.12999606132507,16.455278396606445
generation,4793,62.05000281333923,16.29377555847168,57.9800009727478,16.18697166442871
generation,4794,64.15000557899475,14.769793510437012,57.83999562263489,16.553647994995117
generation,4795,62.90000081062317,15.451622009277344,57.85999894142151,16.2665958404541
generation,4796,62.800002098083496,14.422219276428223,58.0299973487854,15.89831829071045
generation,4797,64.15000557899475,14.362845420837402,58.309996128082275,15.980734825134277
generation,4798,61.85000538825989,14.885000228881836,58.27000141143799,15.905128479003906
generation,4799,63.70000243186951,15.907364845275879,57.94999599456787,16.851591110229492
generation,4800,62.20000386238098,15.765716552734375,57.87999629974365,16.643110275268555
generation,4801,62.70000338554382,14.984261512756348,57.77999758720398,15.904587745666504
generation,4802,64.45000171661377,14.468282699584961,57.249999046325684,16.152029037475586
generation,4803,62.550002336502075,15.703774452209473,58.149999380111694,16.01366424560547
generation,4804,62.85000443458557,15.293475151062012,58.01999568939209,16.47091293334961
generation,4805,64.30000066757202,14.234100341796875,57.739996910095215,16.257583618164062
generation,4806,62.10000514984131,15.392914772033691,57.59999752044678,16.79588508605957
generation,4807,63.75000476837158,15.17802619934082,57.37000107765198,16.933143615722656
generation,4808,61.75000071525574,16.636985778808594,56.91999793052673,17.029865264892578
generation,4809,62.20000386238098,15.998710632324219,57.829999923706055,16.64316749572754
generation,4810,61.55000329017639,16.017980575561523,58.309996128082275,16.306974411010742
generation,4811,63.30000162124634,14.092899322509766,58.57999920845032,15.661556243896484
generation,4812,62.65000104904175,16.80019187927246,57.999998331069946,16.6046199798584
generation,4813,62.5,15.625078201293945,58.319997787475586,16.327119827270508
generation,4814,63.25000524520874,14.30123519897461,58.27000141143799,16.203163146972656
generation,4815,63.65000009536743,15.678179740905762,57.9800009727478,16.240602493286133
generation,4816,64.15000557899475,14.559290885925293,58.34999680519104,16.1645565032959
generation,4817,62.150001525878906,14.849859237670898,57.76999592781067,16.268409729003906
generation,4818,64.40000534057617,14.83447551727295,57.87000060081482,16.49422836303711
generation,4819,62.800002098083496,15.633508682250977,57.96999931335449,16.279682159423828
generation,4820,62.800002098083496,14.940423011779785,58.30000042915344,16.22229766845703
generation,4821,64.45000171661377,14.591924667358398,57.8499972820282,16.66777801513672
generation,4822,62.950003147125244,15.503317832946777,57.38999843597412,16.554431915283203
generation,4823,63.90000581741333,14.766106605529785,57.489997148513794,16.475496292114258
generation,4824,61.60000562667847,16.419160842895508,57.88999795913696,16.866670608520508
generation,4825,63.30000162124634,15.16698932647705,57.67999887466431,16.776758193969727
generation,4826,62.950003147125244,15.748991012573242,58.309996128082275,16.9681453704834
generation,4827,61.55000329017639,15.92981243133545,57.20999836921692,16.398059844970703
generation,4828,61.45000457763672,17.132671356201172,57.66000151634216,17.00478172302246
generation,4829,63.35000395774841,14.365752220153809,57.92999863624573,16.06195068359375
generation,4830,64.85000252723694,14.721245765686035,57.78999924659729,16.455228805541992
generation,4831,63.70000243186951,14.92287826538086,57.89999961853027,16.633373260498047
generation,4832,62.25000023841858,15.625469207763672,57.669997215270996,16.45289421081543
generation,4833,64.30000066757202,14.139726638793945,58.01999568939209,15.980060577392578
generation,4834,64.30000066757202,14.368382453918457,57.95999765396118,16.365272521972656
generation,4835,63.05000185966492,15.060405731201172,58.19999575614929,16.108701705932617
generation,4836,64.20000195503235,13.613462448120117,57.62999653816223,15.963735580444336
generation,4837,63.80000114440918,15.424238204956055,57.76999592781067,16.348793029785156
generation,4838,62.65000104904175,15.35009479522705,57.87000060081482,16.624753952026367
generation,4839,62.65000104904175,15.408979415893555,57.95999765396118,16.38848876953125
generation,4840,62.60000467300415,14.983587265014648,57.739996910095215,16.12138557434082
generation,4841,62.550002336502075,15.864459037780762,57.87000060081482,16.652612686157227
generation,4842,63.35000395774841,14.626227378845215,58.399999141693115,16.013633728027344
generation,4843,63.55000138282776,14.577704429626465,57.95999765396118,16.24907684326172
generation,4844,62.85000443458557,14.77755355834961,58.30000042915344,15.88504409790039
generation,4845,61.60000562667847,16.147916793823242,57.69000053405762,16.61286163330078
generation,4846,64.95000123977661,14.431525230407715,57.8000009059906,16.540021896362305
generation,4847,63.600003719329834,14.945409774780273,57.89999961853027,16.287195205688477
generation,4848,62.70000338554382,15.367918014526367,58.090001344680786,16.548593521118164
generation,4849,64.90000486373901,14.011736869812012,57.63999819755554,16.28265380859375
generation,4850,61.85000538825989,15.565773963928223,57.95999765396118,16.57657814025879
generation,4851,62.300002574920654,15.5762300491333,57.87999629974365,16.57370948791504
generation,4852,62.150001525878906,14.989686012268066,58.53999853134155,16.40488052368164
generation,4853,62.10000514984131,15.595719337463379,58.410000801086426,16.265729904174805
generation,4854,62.85000443458557,15.46011734008789,57.63999819755554,16.742252349853516
generation,4855,63.90000581741333,15.310774803161621,58.01999568939209,16.717187881469727
generation,4856,61.55000329017639,17.11158561706543,57.37000107765198,16.95008087158203
generation,4857,63.35000395774841,15.269221305847168,57.8000009059906,16.288162231445312
generation,4858,63.15000057220459,15.02651309967041,58.10999870300293,16.40363883972168
generation,4859,62.550002336502075,14.880597114562988,58.24999809265137,16.31192398071289
generation,4860,62.60000467300415,14.749220848083496,58.59000086784363,16.1978759765625
generation,4861,63.70000243186951,15.638289451599121,57.69000053405762,16.909814834594727
generation,4862,64.40000534057617,14.210147857666016,58.01999568939209,16.533218383789062
generation,4863,62.800002098083496,15.477648735046387,57.159996032714844,17.041641235351562
generation,4864,61.05000376701355,16.912858963012695,57.56999850273132,16.580509185791016
generation,4865,61.95000410079956,15.71428108215332,58.09999704360962,16.289411544799805
generation,4866,62.4500036239624,16.215362548828125,57.53999948501587,16.51579475402832
generation,4867,62.05000281333923,14.980657577514648,58.24999809265137,16.526077270507812
generation,4868,63.450002670288086,14.496615409851074,57.989996671676636,16.03371238708496
generation,4869,62.150001525878906,15.885871887207031,57.77999758720398,16.648035049438477
generation,4870,62.7500057220459,16.05956268310547,57.87000060081482,16.18096923828125
generation,4871,63.50000500679016,14.986706733703613,57.44999647140503,16.335294723510742
generation,4872,62.05000281333923,16.120336532592773,58.52999687194824,16.089096069335938
generation,4873,64.15000557899475,15.643072128295898,57.489997148513794,16.934038162231445
generation,4874,63.15000057220459,15.854757308959961,57.62999653816223,16.77433967590332
generation,4875,63.850003480911255,14.681502342224121,58.21999907493591,16.513391494750977
generation,4876,61.75000071525574,15.435505867004395,57.76999592781067,16.216283798217773
generation,4877,63.95000219345093,13.885127067565918,57.33000040054321,16.710731506347656
generation,4878,62.35000491142273,16.028602600097656,57.73000121116638,15.838826179504395
generation,4879,63.65000009536743,14.838443756103516,57.999998331069946,15.967511177062988
generation,4880,62.25000023841858,15.201295852661133,57.77999758720398,16.2864933013916
generation,4881,62.4500036239624,14.865358352661133,57.260000705718994,16.51336669921875
generation,4882,63.600003719329834,15.503482818603516,57.38999843597412,16.64900779724121
generation,4883,62.65000104904175,15.747152328491211,58.27000141143799,16.802513122558594
generation,4884,63.40000033378601,14.438919067382812,57.88999795913696,16.330717086791992
generation,4885,64.000004529953,14.54100227355957,58.09999704360962,16.409469604492188
generation,4886,64.000004529953,14.443313598632812,57.94000029563904,16.25324249267578
generation,4887,63.90000581741333,14.553133964538574,58.09999704360962,16.477447509765625
generation,4888,63.50000500679016,14.902538299560547,57.62999653816223,16.772991180419922
generation,4889,62.05000281333923,16.015050888061523,58.230000734329224,16.489604949951172
generation,4890,62.25000023841858,16.19141387939453,58.3299994468689,16.614879608154297
generation,4891,61.75000071525574,15.579752922058105,57.409995794296265,16.22283363342285
generation,4892,62.300002574920654,14.743223190307617,57.63999819755554,16.592973709106445
generation,4893,63.25000524520874,15.227163314819336,57.70999789237976,16.313262939453125
generation,4894,62.550002336502075,14.731060028076172,57.52999782562256,16.42301368713379
generation,4895,63.30000162124634,15.223541259765625,57.809996604919434,16.247787475585938
generation,4896,63.80000114440918,14.824323654174805,57.8499972820282,16.371536254882812
generation,4897,62.550002336502075,14.853574752807617,58.19999575614929,16.18495750427246
generation,4898,62.150001525878906,15.447526931762695,57.910001277923584,16.54629135131836
generation,4899,63.450002670288086,15.62745189666748,57.96999931335449,16.567543029785156
generation,4900,62.00000047683716,15.651116371154785,57.89999961853027,16.096572875976562
generation,4901,63.80000114440918,15.534821510314941,57.67999887466431,16.577926635742188
generation,4902,63.450002670288086,15.552950859069824,57.60999917984009,17.07007598876953
generation,4903,62.20000386238098,15.656569480895996,57.510000467300415,16.785947799682617
generation,4904,64.45000171661377,14.762901306152344,57.440000772476196,16.865646362304688
generation,4905,61.55000329017639,16.259851455688477,57.48000144958496,16.650291442871094
generation,4906,61.75000071525574,15.756016731262207,57.409995794296265,16.591873168945312
generation,4907,64.20000195503235,13.386613845825195,57.77999758720398,16.078853607177734
generation,4908,63.40000033378601,15.204237937927246,57.58999586105347,16.64607810974121
generation,4909,63.600003719329834,15.147911071777344,58.00999999046326,16.632278442382812
generation,4910,60.95000505447388,16.108596801757812,58.2099974155426,16.40865135192871
generation,4911,64.10000324249268,13.656994819641113,58.34000110626221,16.300968170166016
generation,4912,61.400002241134644,15.571106910705566,57.63999819755554,16.704200744628906
generation,4913,64.3500030040741,13.425799369812012,58.00999999046326,16.555435180664062
generation,4914,61.45000457763672,15.98725414276123,57.94999599456787,16.264062881469727
generation,4915,63.25000524520874,14.68337345123291,57.580000162124634,16.524612426757812
generation,4916,61.30000352859497,16.61699676513672,57.87999629974365,16.57731819152832
generation,4917,61.85000538825989,15.73991870880127,58.230000734329224,16.0384578704834
generation,4918,61.70000433921814,15.595426559448242,57.56999850273132,16.641366958618164
generation,4919,63.00000548362732,14.837507247924805,57.9800009727478,16.0961856842041
generation,4920,62.150001525878906,16.291465759277344,57.910001277923584,16.400041580200195
generation,4921,64.10000324249268,14.455252647399902,58.059996366500854,16.474037170410156
generation,4922,63.55000138282776,15.737561225891113,57.91999697685242,16.451202392578125
generation,4923,62.85000443458557,15.693560600280762,57.56999850273132,16.641366958618164
generation,4924,63.90000581741333,14.520654678344727,57.53999948501587,16.516820907592773
generation,4925,62.35000491142273,16.084983825683594,57.95999765396118,16.381460189819336
generation,4926,62.5,15.711495399475098,57.6200008392334,16.090959548950195
generation,4927,61.80000305175781,15.935839653015137,57.989996671676636,16.395509719848633
generation,4928,62.950003147125244,14.721023559570312,57.77999758720398,16.401329040527344
generation,4929,61.95000410079956,16.180885314941406,57.70999789237976,16.56026840209961
generation,4930,62.20000386238098,16.415359497070312,57.87999629974365,16.96294593811035
generation,4931,63.200002908706665,14.85466480255127,57.440000772476196,16.593711853027344
generation,4932,63.70000243186951,14.193724632263184,57.63999819755554,16.758007049560547
generation,4933,62.05000281333923,15.956707000732422,57.94000029563904,16.33580207824707
generation,4934,61.95000410079956,16.237442016601562,57.88999795913696,16.243438720703125
generation,4935,62.90000081062317,14.852978706359863,57.60999917984009,16.188800811767578
generation,4936,62.25000023841858,15.389179229736328,58.0299973487854,16.43353843688965
generation,4937,62.85000443458557,14.741896629333496,58.0299973487854,16.43353843688965
generation,4938,62.40000128746033,15.9890775680542,57.66000151634216,16.697200775146484
generation,4939,62.150001525878906,17.527111053466797,57.38999843597412,16.658241271972656
generation,4940,62.10000514984131,15.11302375793457,57.55000114440918,16.5848388671875
generation,4941,62.90000081062317,14.739930152893066,57.70999789237976,16.011274337768555
generation,4942,62.60000467300415,15.42661190032959,58.16999673843384,16.022092819213867
generation,4943,62.7500057220459,15.619977951049805,58.139997720718384,16.342578887939453
generation,4944,62.60000467300415,15.41811466217041,57.77999758720398,16.27245330810547
generation,4945,63.200002908706665,14.888510704040527,57.83999562263489,16.87901496887207
generation,4946,62.550002336502075,15.561967849731445,57.71999955177307,16.349578857421875
generation,4947,64.70000147819519,14.920537948608398,57.96999931335449,16.533353805541992
generation,4948,64.75000381469727,15.395416259765625,57.53999948501587,17.22210693359375
generation,4949,62.85000443458557,15.11091136932373,58.37000012397766,16.582904815673828
generation,4950,61.900001764297485,15.82810115814209,57.96999931335449,16.533353805541992
generation,4951,62.85000443458557,15.587532997131348,58.34000110626221,16.153358459472656
generation,4952,62.35000491142273,15.402377128601074,57.77999758720398,16.380033493041992
generation,4953,63.450002670288086,15.287120819091797,57.88999795913696,16.548728942871094
generation,4954,63.30000162124634,14.426742553710938,57.499998807907104,16.142547607421875
generation,4955,61.75000071525574,15.7308988571167,57.819998264312744,16.332441329956055
generation,4956,63.70000243186951,15.565792083740234,57.38999843597412,16.638181686401367
generation,4957,62.90000081062317,14.749911308288574,57.260000705718994,16.643362045288086
generation,4958,64.15000557899475,14.648850440979004,57.60999917984009,16.894357681274414
generation,4959,62.85000443458557,14.867755889892578,58.30000042915344,16.392547607421875
generation,4960,63.850003480911255,15.17061996459961,57.91999697685242,16.741199493408203
generation,4961,62.800002098083496,15.385591506958008,58.3299994468689,16.212297439575195
generation,4962,62.550002336502075,15.28462028503418,57.739996910095215,15.99099063873291
generation,4963,63.55000138282776,15.278308868408203,58.0299973487854,16.826452255249023
generation,4964,63.00000548362732,15.440523147583008,57.87000060081482,16.642637252807617
generation,4965,64.75000381469727,15.286075592041016,57.429999113082886,16.769073486328125
generation,4966,60.80000400543213,16.266935348510742,57.8499972820282,16.16617774963379
generation,4967,61.000001430511475,15.659956932067871,57.77999758720398,16.31784439086914
generation,4968,62.00000047683716,16.093791961669922,57.819998264312744,16.87911605834961
generation,4969,64.30000066757202,15.610299110412598,57.48000144958496,16.671119689941406
generation,4970,62.7500057220459,15.884589195251465,57.78999924659729,16.621845245361328
generation,4971,62.90000081062317,16.36444091796875,57.580000162124634,16.43509292602539
generation,4972,64.70000147819519,14.938766479492188,58.57999920845032,16.17450714111328
generation,4973,63.600003719329834,15.659141540527344,57.92999863624573,16.38663673400879
generation,4974,63.50000500679016,15.245762825012207,57.59999752044678,16.52943992614746
generation,4975,61.85000538825989,15.808877944946289,57.20999836921692,17.097984313964844
generation,4976,62.950003147125244,16.610857009887695,58.24999809265137,16.8670654296875
generation,4977,64.3500030040741,15.383299827575684,58.0299973487854,16.504941940307617
generation,4978,62.7500057220459,15.110461235046387,57.58999586105347,16.51508140563965
generation,4979,61.500000953674316,16.49827766418457,58.149999380111694,16.43041229248047
generation,4980,62.60000467300415,15.48263168334961,58.059996366500854,16.949045181274414
generation,4981,62.150001525878906,15.733598709106445,57.92999863624573,16.23316192626953
generation,4982,63.10000419616699,15.125933647155762,58.139997720718384,16.675777435302734
generation,4983,64.65000510215759,13.985158920288086,57.440000772476196,16.142168045043945
generation,4984,62.25000023841858,15.570308685302734,58.969998359680176,16.214977264404297
generation,4985,65.85000157356262,14.213607788085938,57.96999931335449,16.701425552368164
generation,4986,63.40000033378601,15.891117095947266,58.079999685287476,16.68214225769043
generation,4987,63.05000185966492,14.815632820129395,57.809996604919434,16.18994140625
generation,4988,63.35000395774841,15.389022827148438,57.46999979019165,16.689477920532227
generation,4989,62.550002336502075,15.15268611907959,58.53999853134155,16.309925079345703
generation,4990,61.2000048160553,15.504386901855469,57.26999640464783,16.684467315673828
generation,4991,63.75000476837158,14.335845947265625,57.989996671676636,16.238035202026367
generation,4992,62.35000491142273,15.373306274414062,58.34000110626221,16.429067611694336
generation,4993,62.7500057220459,14.497129440307617,58.27000141143799,16.30521583557129
generation,4994,64.70000147819519,14.178715705871582,58.37000012397766,16.279991149902344
generation,4995,63.80000114440918,14.167076110839844,58.05000066757202,16.399019241333008
generation,4996,64.85000252723694,13.456900596618652,58.35999846458435,16.135295867919922
generation,4997,61.900001764297485,15.75626277923584,57.69000053405762,16.514127731323242
generation,4998,64.000004529953,14.952594757080078,58.10999870300293,16.690420150756836
generation,4999,64.20000195503235,14.543593406677246,57.53999948501587,16.339683532714844
generation,5000,62.25000023841858,15.969961166381836,57.55000114440918,16.209497451782227
generation,5001,62.300002574920654,15.086098670959473,57.88999795913696,16.541885375976562
generation,5002,62.7500057220459,15.64915657043457,57.58999586105347,16.829313278198242
generation,5003,63.25000524520874,15.525333404541016,58.25999975204468,16.833580017089844
generation,5004,61.45000457763672,15.942593574523926,57.989996671676636,16.092960357666016
generation,5005,63.05000185966492,15.504110336303711,58.42999815940857,16.668106079101562
generation,5006,62.950003147125244,13.970680236816406,58.16999673843384,16.0278263092041
generation,5007,62.800002098083496,14.435099601745605,57.88999795913696,16.723190307617188
generation,5008,64.15000557899475,14.560626983642578,57.95999765396118,16.286033630371094
generation,5009,63.25000524520874,15.361177444458008,57.580000162124634,16.788774490356445
generation,5010,63.30000162124634,14.958868026733398,57.73000121116638,16.576366424560547
generation,5011,61.500000953674316,15.05836009979248,58.03999900817871,16.137598037719727
generation,5012,63.65000009536743,14.728726387023926,57.739996910095215,16.27982521057129
generation,5013,62.60000467300415,15.580642700195312,58.27999711036682,16.40108299255371
generation,5014,62.90000081062317,15.247103691101074,57.88999795913696,16.72718620300293
generation,5015,64.55000042915344,13.977765083312988,58.149999380111694,15.880866050720215
generation,5016,62.7500057220459,15.922911643981934,58.55000019073486,16.35727882385254
generation,5017,61.70000433921814,15.758831977844238,57.78999924659729,16.49603843688965
generation,5018,63.25000524520874,16.20745086669922,58.469998836517334,17.162900924682617
generation,5019,61.60000562667847,16.04127311706543,56.83000087738037,17.06610870361328
generation,5020,61.650002002716064,16.224668502807617,57.37999677658081,17.067543029785156
generation,5021,61.95000410079956,15.924057006835938,57.73000121116638,16.91546630859375
generation,5022,63.05000185966492,14.74097728729248,57.77999758720398,16.665769577026367
generation,5023,63.25000524520874,15.495378494262695,58.410000801086426,16.744009017944336
generation,5024,63.75000476837158,15.290648460388184,58.0299973487854,16.845027923583984
generation,5025,64.10000324249268,14.697434425354004,57.78999924659729,16.692974090576172
generation,5026,63.95000219345093,14.893628120422363,57.829999923706055,16.654457092285156
generation,5027,63.600003719329834,15.746801376342773,57.809996604919434,17.346492767333984
generation,5028,64.15000557899475,14.215314865112305,58.16999673843384,16.196807861328125
generation,5029,63.10000419616699,15.831158638000488,58.319997787475586,17.04890251159668
generation,5030,62.800002098083496,15.763681411743164,58.319997787475586,17.04890251159668
generation,5031,62.950003147125244,15.617011070251465,58.139997720718384,16.363311767578125
generation,5032,62.7500057220459,14.787126541137695,57.83999562263489,16.113080978393555
generation,5033,62.60000467300415,15.90131664276123,58.42999815940857,16.58916473388672
generation,5034,63.90000581741333,15.847543716430664,57.669997215270996,17.105236053466797
generation,5035,64.70000147819519,15.954500198364258,58.730000257492065,16.779335021972656
generation,5036,64.75000381469727,14.432536125183105,57.440000772476196,16.158464431762695
generation,5037,63.15000057220459,14.662281036376953,57.83999562263489,16.14859962463379
generation,5038,63.600003719329834,15.102618217468262,58.41999650001526,16.605546951293945
generation,5039,62.300002574920654,15.194795608520508,57.510000467300415,16.488061904907227
generation,5040,63.50000500679016,15.103092193603516,57.910001277923584,16.630107879638672
generation,5041,62.35000491142273,15.834083557128906,58.410000801086426,16.247915267944336
generation,5042,63.35000395774841,15.733370780944824,58.28999876976013,16.51038932800293
generation,5043,63.40000033378601,15.26240062713623,57.91999697685242,16.75101089477539
generation,5044,65.45000076293945,15.032618522644043,58.53999853134155,16.641359329223633
generation,5045,63.35000395774841,15.391741752624512,57.59999752044678,16.043378829956055
generation,5046,62.65000104904175,15.425626754760742,57.109999656677246,17.121322631835938
generation,5047,64.60000276565552,14.4573335647583,58.34999680519104,16.385568618774414
generation,5048,63.95000219345093,14.892223358154297,58.090001344680786,16.15743637084961
generation,5049,63.90000581741333,15.369150161743164,58.149999380111694,16.501705169677734
generation,5050,63.15000057220459,15.77749252319336,57.71999955177307,16.416934967041016
generation,5051,63.30000162124634,15.372856140136719,57.71999955177307,16.416934967041016
generation,5052,64.50000405311584,14.410205841064453,57.8000009059906,16.644269943237305
generation,5053,63.80000114440918,14.653926849365234,58.34000110626221,16.24566650390625
generation,5054,63.10000419616699,14.839763641357422,58.12999606132507,16.33005714416504
generation,5055,62.800002098083496,15.778932571411133,57.67999887466431,16.607858657836914
generation,5056,64.0500009059906,14.67317008972168,58.27000141143799,16.455337524414062
generation,5057,63.55000138282776,14.832518577575684,58.60999822616577,16.42588996887207
generation,5058,62.7500057220459,15.630274772644043,57.989996671676636,16.533105850219727
generation,5059,63.00000548362732,15.419249534606934,57.989996671676636,16.844432830810547
generation,5060,63.90000581741333,14.601998329162598,58.10999870300293,16.748123168945312
generation,5061,62.65000104904175,14.957066535949707,58.149999380111694,15.88109016418457
generation,5062,63.15000057220459,15.391960144042969,58.34999680519104,16.613370895385742
generation,5063,64.000004529953,14.5090970993042,58.09999704360962,16.36444664001465
generation,5064,63.35000395774841,14.5676908493042,57.76999592781067,16.26444435119629
generation,5065,61.55000329017639,15.788941383361816,58.21999907493591,16.104249954223633
generation,5066,62.300002574920654,15.294866561889648,58.05000066757202,16.464765548706055
generation,5067,62.300002574920654,16.178552627563477,57.94000029563904,16.799001693725586
generation,5068,64.000004529953,14.33935260772705,57.8499972820282,16.530467987060547
generation,5069,64.15000557899475,14.857914924621582,58.389997482299805,16.2524356842041
generation,5070,64.45000171661377,14.275792121887207,58.52000117301941,16.375097274780273
generation,5071,62.300002574920654,15.761280059814453,58.559995889663696,16.52530860900879
generation,5072,62.550002336502075,15.647439002990723,58.649998903274536,16.65260887145996
generation,5073,63.10000419616699,15.61819076538086,58.3299994468689,16.59762191772461
generation,5074,62.10000514984131,15.625879287719727,58.70000123977661,16.50974464416504
generation,5075,62.20000386238098,16.03020668029785,58.389997482299805,16.556119918823242
generation,5076,64.10000324249268,14.9066801071167,57.87000060081482,16.599365234375
generation,5077,63.05000185966492,16.148303985595703,57.51999616622925,16.876983642578125
generation,5078,61.95000410079956,16.170551300048828,58.17999839782715,16.374475479125977
generation,5079,61.70000433921814,15.746796607971191,57.66000151634216,16.740421295166016
generation,5080,63.450002670288086,14.902288436889648,57.92999863624573,16.693199157714844
generation,5081,62.950003147125244,15.690620422363281,58.27000141143799,16.375587463378906
generation,5082,64.30000066757202,15.977896690368652,58.45999717712402,16.997156143188477
generation,5083,63.450002670288086,15.066107749938965,58.56999754905701,16.598913192749023
generation,5084,64.3500030040741,14.853479385375977,58.19000005722046,16.201435089111328
generation,5085,63.00000548362732,14.699159622192383,58.389997482299805,16.344257354736328
generation,5086,62.70000338554382,14.892279624938965,58.41999650001526,16.8881778717041
generation,5087,63.90000581741333,14.660465240478516,58.230000734329224,16.078845977783203
generation,5088,62.85000443458557,15.498358726501465,57.73000121116638,16.752840042114258
generation,5089,65.25000333786011,14.427227020263672,58.2099974155426,16.415006637573242
generation,5090,63.95000219345093,15.774192810058594,58.27999711036682,16.997791290283203
generation,5091,61.80000305175781,15.917583465576172,57.70999789237976,16.2261962890625
generation,5092,62.65000104904175,15.97087287902832,57.95999765396118,17.031951904296875
generation,5093,61.500000953674316,16.160484313964844,58.00999999046326,16.491771697998047
generation,5094,63.35000395774841,16.2531795501709,58.27999711036682,16.63376808166504
generation,5095,64.45000171661377,14.994312286376953,57.56999850273132,16.358266830444336
generation,5096,65.50000309944153,13.831414222717285,58.24999809265137,16.618587493896484
generation,5097,62.85000443458557,15.075101852416992,57.95999765396118,16.182998657226562
generation,5098,63.70000243186951,15.355189323425293,58.42999815940857,16.242271423339844
generation,5099,61.30000352859497,16.602773666381836,57.92999863624573,16.834049224853516
generation,5100,62.4500036239624,15.140050888061523,58.19000005722046,16.498214721679688
generation,5101,64.0500009059906,13.868229866027832,58.05000066757202,16.29216766357422
generation,5102,62.90000081062317,16.690418243408203,57.94000029563904,17.293376922607422
generation,5103,62.7500057220459,16.19092559814453,58.230000734329224,16.585521697998047
generation,5104,62.90000081062317,15.84428882598877,57.28999972343445,16.91114616394043
generation,5105,63.25000524520874,15.20092487335205,57.59999752044678,16.69678497314453
generation,5106,63.600003719329834,15.958548545837402,58.53999853134155,16.36655616760254
generation,5107,64.25000429153442,14.458548545837402,58.34000110626221,16.320606231689453
generation,5108,63.50000500679016,16.063922882080078,57.94000029563904,17.180418014526367
generation,5109,62.35000491142273,15.542917251586914,58.17999839782715,16.485837936401367
generation,5110,63.75000476837158,15.228297233581543,57.73000121116638,16.607330322265625
generation,5111,63.35000395774841,15.585530281066895,58.37000012397766,16.934892654418945
generation,5112,63.600003719329834,15.398149490356445,58.069998025894165,16.457984924316406
generation,5113,64.25000429153442,14.831026077270508,58.059996366500854,16.44355010986328
generation,5114,62.90000081062317,15.625221252441406,58.21999907493591,16.666641235351562
generation,5115,64.55000042915344,15.005221366882324,58.28999876976013,16.29358673095703
generation,5116,62.20000386238098,14.796939849853516,58.49999785423279,16.14357566833496
generation,5117,63.450002670288086,14.881349563598633,58.42999815940857,16.406471252441406
generation,5118,64.0500009059906,14.627762794494629,58.84000062942505,16.16845703125
generation,5119,64.3500030040741,15.384042739868164,57.73000121116638,17.060503005981445
generation,5120,63.90000581741333,14.243631362915039,59.07999873161316,16.401697158813477
generation,5121,61.650002002716064,16.561796188354492,57.77999758720398,16.993383407592773
generation,5122,64.25000429153442,14.473132133483887,57.73000121116638,16.838581085205078
generation,5123,63.850003480911255,16.378063201904297,57.9800009727478,16.908472061157227
generation,5124,63.10000419616699,14.199477195739746,58.09999704360962,16.6658992767334
generation,5125,63.80000114440918,15.27303695678711,58.05000066757202,17.05527114868164
generation,5126,63.65000009536743,14.559558868408203,58.67999792098999,16.519609451293945
generation,5127,62.10000514984131,16.05562973022461,57.989996671676636,16.675609588623047
generation,5128,61.05000376701355,15.67222785949707,58.45000147819519,15.88679027557373
generation,5129,63.05000185966492,14.758410453796387,58.059996366500854,16.328481674194336
generation,5130,62.4500036239624,14.496018409729004,58.160001039505005,16.489023208618164
generation,5131,62.300002574920654,15.261956214904785,57.8499972820282,16.297399520874023
generation,5132,64.40000534057617,15.202159881591797,58.37000012397766,17.483665466308594
generation,5133,63.90000581741333,14.271737098693848,58.2099974155426,16.19203758239746
generation,5134,63.40000033378601,15.006316184997559,57.910001277923584,16.576580047607422
generation,5135,64.3500030040741,14.853574752807617,58.27000141143799,16.76762580871582
generation,5136,64.20000195503235,14.017656326293945,58.730000257492065,16.16534423828125
generation,5137,65.20000100135803,14.701737403869629,58.059996366500854,16.88196563720703
generation,5138,64.000004529953,14.913748741149902,58.160001039505005,16.449871063232422
generation,5139,62.550002336502075,15.892746925354004,58.00999999046326,16.423572540283203
generation,5140,63.05000185966492,15.304757118225098,57.94999599456787,16.628034591674805
generation,5141,62.40000128746033,15.913324356079102,58.160001039505005,16.449871063232422
generation,5142,64.65000510215759,15.480894088745117,57.669997215270996,16.979135513305664
generation,5143,63.55000138282776,15.060510635375977,58.19000005722046,16.529436111450195
generation,5144,63.850003480911255,15.467122077941895,58.21999907493591,16.81817054748535
generation,5145,63.35000395774841,16.231271743774414,57.55999684333801,16.754146575927734
generation,5146,64.30000066757202,13.506209373474121,58.789998292922974,15.78436279296875
generation,5147,64.0500009059906,15.291420936584473,58.12000036239624,16.725210189819336
generation,5148,62.950003147125244,14.87368392944336,56.99999928474426,16.74502182006836
generation,5149,63.30000162124634,14.043680191040039,58.160001039505005,16.42373275756836
generation,5150,64.25000429153442,14.56863784790039,57.749998569488525,16.518047332763672
generation,5151,63.40000033378601,15.284316062927246,58.34000110626221,16.512834548950195
generation,5152,63.65000009536743,15.021201133728027,57.40000009536743,17.082944869995117
generation,5153,63.25000524520874,15.640710830688477,58.079999685287476,16.31011199951172
generation,5154,64.000004529953,14.750992774963379,58.069998025894165,16.352699279785156
generation,5155,64.0500009059906,14.684976577758789,58.0299973487854,16.547622680664062
generation,5156,63.40000033378601,14.694019317626953,57.58999586105347,16.323904037475586
generation,5157,62.7500057220459,15.83117389678955,58.0299973487854,16.527719497680664
generation,5158,63.50000500679016,14.411099433898926,57.83999562263489,16.017953872680664
generation,5159,64.25000429153442,15.29311752319336,57.51999616622925,16.754077911376953
generation,5160,63.80000114440918,15.40102767944336,57.26999640464783,16.892684936523438
generation,5161,62.7500057220459,15.445206642150879,57.999998331069946,16.605915069580078
generation,5162,63.450002670288086,15.180821418762207,58.95000100135803,16.341299057006836
generation,5163,62.950003147125244,14.749446868896484,57.04999566078186,16.809171676635742
generation,5164,63.80000114440918,14.795594215393066,58.480000495910645,16.125215530395508
generation,5165,62.65000104904175,14.445582389831543,58.77999663352966,16.168333053588867
generation,5166,62.950003147125244,15.440974235534668,58.12999606132507,16.616830825805664
generation,5167,63.00000548362732,15.114786148071289,58.55000019073486,16.485898971557617
generation,5168,63.35000395774841,15.274797439575195,58.059996366500854,16.47089958190918
generation,5169,64.000004529953,15.407242774963379,57.580000162124634,17.171363830566406
generation,5170,65.15000462532043,13.227554321289062,58.149999380111694,16.6077823638916
generation,5171,63.00000548362732,14.883399963378906,58.629995584487915,16.356733322143555
generation,5172,65.30000567436218,14.164407730102539,57.69000053405762,16.434717178344727
generation,5173,62.40000128746033,15.55858325958252,58.27000141143799,16.47623062133789
generation,5174,62.00000047683716,15.564155578613281,57.92999863624573,16.51944923400879
generation,5175,63.90000581741333,14.724892616271973,58.069998025894165,16.384044647216797
generation,5176,64.15000557899475,14.162879943847656,57.96999931335449,16.583189010620117
generation,5177,63.30000162124634,15.080594062805176,58.67999792098999,16.248538970947266
generation,5178,64.80000019073486,14.24015998840332,57.499998807907104,16.36183738708496
generation,5179,63.00000548362732,15.324682235717773,57.829999923706055,16.943078994750977
generation,5180,62.90000081062317,16.495277404785156,57.760000228881836,16.87128257751465
generation,5181,62.35000491142273,14.931375503540039,57.88999795913696,16.353412628173828
generation,5182,60.750001668930054,17.02808952331543,58.61999988555908,16.454225540161133
generation,5183,62.05000281333923,16.42046546936035,57.85999894142151,17.032777786254883
generation,5184,63.55000138282776,15.246012687683105,57.87999629974365,16.4636287689209
generation,5185,62.65000104904175,15.594731330871582,58.53999853134155,16.4657039642334
generation,5186,62.90000081062317,15.180256843566895,57.94999599456787,16.63566017150879
generation,5187,62.10000514984131,15.176180839538574,58.399999141693115,16.23077392578125
generation,5188,63.55000138282776,14.271187782287598,57.69999623298645,16.317970275878906
generation,5189,61.55000329017639,16.324703216552734,58.66999626159668,16.430118560791016
generation,5190,62.950003147125244,15.354294776916504,57.78999924659729,16.236618041992188
generation,5191,62.550002336502075,15.650446891784668,58.0299973487854,16.385984420776367
generation,5192,64.20000195503235,14.004794120788574,58.5099995136261,16.072296142578125
generation,5193,62.05000281333923,16.4083309173584,58.49999785423279,16.454917907714844
generation,5194,63.90000581741333,15.066581726074219,58.30000042915344,16.84647560119629
generation,5195,63.200002908706665,14.86775016784668,58.5099995136261,16.072296142578125
generation,5196,63.10000419616699,14.861504554748535,58.57999920845032,16.42632484436035
generation,5197,63.55000138282776,15.287864685058594,58.09999704360962,16.520254135131836
generation,5198,63.70000243186951,14.034202575683594,58.21999907493591,16.141504287719727
generation,5199,63.80000114440918,14.999215126037598,58.19999575614929,16.13249397277832
generation,5200,62.60000467300415,16.506393432617188,58.01999568939209,16.932849884033203
generation,5201,63.35000395774841,15.257457733154297,58.3299994468689,16.47814178466797
generation,5202,62.7500057220459,15.497254371643066,58.55000019073486,16.45602798461914
generation,5203,63.55000138282776,14.924721717834473,58.399999141693115,16.306137084960938
generation,5204,63.65000009536743,15.488919258117676,58.34999680519104,16.574214935302734
generation,5205,62.85000443458557,15.023896217346191,57.580000162124634,16.33629035949707
generation,5206,62.90000081062317,15.243122100830078,58.37000012397766,16.191598892211914
generation,5207,63.35000395774841,15.22705078125,58.45999717712402,16.704792022705078
generation,5208,62.10000514984131,15.660565376281738,58.37000012397766,16.43140411376953
generation,5209,62.950003147125244,15.479466438293457,57.809996604919434,16.19338035583496
generation,5210,62.800002098083496,15.318676948547363,58.35999846458435,16.104225158691406
generation,5211,64.60000276565552,14.603096961975098,58.6899995803833,16.015655517578125
generation,5212,65.10000228881836,14.706310272216797,58.6899995803833,16.669055938720703
generation,5213,63.95000219345093,14.610730171203613,58.379995822906494,16.350685119628906
generation,5214,62.85000443458557,15.298449516296387,57.58999586105347,16.85684585571289
generation,5215,61.85000538825989,16.478567123413086,57.989996671676636,16.63103675842285
generation,5216,63.50000500679016,14.59351634979248,57.739996910095215,16.514047622680664
generation,5217,63.55000138282776,15.574911117553711,58.00999999046326,16.602251052856445
generation,5218,63.80000114440918,14.801750183105469,58.59999656677246,16.05779457092285
generation,5219,62.20000386238098,15.358576774597168,58.66000056266785,16.18385124206543
generation,5220,63.70000243186951,15.113386154174805,58.12000036239624,16.086183547973633
generation,5221,63.10000419616699,14.167381286621094,57.819998264312744,16.35685157775879
generation,5222,63.15000057220459,14.9220552444458,58.34000110626221,16.334247589111328
generation,5223,63.200002908706665,15.731487274169922,57.829999923706055,16.54286003112793
generation,5224,65.85000157356262,13.941884994506836,58.10999870300293,16.328861236572266
generation,5225,62.65000104904175,15.327775001525879,58.069998025894165,16.32191276550293
generation,5226,61.60000562667847,14.717802047729492,57.63999819755554,16.021745681762695
generation,5227,61.85000538825989,16.086212158203125,57.829999923706055,16.40595054626465
generation,5228,62.4500036239624,14.932480812072754,57.760000228881836,16.306015014648438
generation,5229,64.90000486373901,14.22823429107666,57.739996910095215,16.78013801574707
generation,5230,62.70000338554382,15.634309768676758,58.309996128082275,16.096364974975586
generation,5231,65.45000076293945,13.91544246673584,57.67999887466431,16.33460235595703
generation,5232,62.05000281333923,15.66555118560791,57.55000114440918,16.294187545776367
generation,5233,62.10000514984131,16.03250503540039,57.69000053405762,16.51456069946289
generation,5234,61.900001764297485,16.028066635131836,58.37000012397766,16.842195510864258
generation,5235,62.7500057220459,15.293201446533203,58.410000801086426,16.40138816833496
generation,5236,64.50000405311584,14.991835594177246,58.149999380111694,16.73651123046875
generation,5237,63.55000138282776,15.179461479187012,58.00999999046326,16.230144500732422
generation,5238,62.60000467300415,16.32403564453125,58.28999876976013,16.410743713378906
generation,5239,64.95000123977661,14.677019119262695,58.24999809265137,16.388736724853516
generation,5240,63.40000033378601,15.840723037719727,58.57999920845032,16.7022705078125
generation,5241,63.65000009536743,15.038430213928223,58.7399959564209,16.12282943725586
generation,5242,64.30000066757202,15.322933197021484,58.10999870300293,16.385583877563477
generation,5243,63.90000581741333,14.123529434204102,58.389997482299805,15.981001853942871
generation,5244,62.800002098083496,15.235664367675781,58.10999870300293,16.463214874267578
generation,5245,64.85000252723694,14.222990036010742,57.03999996185303,16.765344619750977
generation,5246,62.20000386238098,14.977906227111816,57.739996910095215,16.252126693725586
generation,5247,64.75000381469727,14.631566047668457,59.02000069618225,16.027851104736328
generation,5248,64.20000195503235,14.041956901550293,58.0299973487854,16.826383590698242
generation,5249,63.70000243186951,15.080812454223633,58.19999575614929,16.451566696166992
generation,5250,63.75000476837158,14.704567909240723,58.00999999046326,16.18459129333496
generation,5251,63.80000114440918,14.6140775680542,58.19999575614929,16.451566696166992
generation,5252,63.65000009536743,14.817680358886719,57.429999113082886,16.6247615814209
generation,5253,64.000004529953,14.657215118408203,58.12999606132507,16.608739852905273
generation,5254,64.50000405311584,14.346580505371094,58.34000110626221,16.35645294189453
generation,5255,61.85000538825989,16.725589752197266,58.35999846458435,16.5436954498291
generation,5256,64.0500009059906,14.822482109069824,58.12000036239624,15.920317649841309
generation,5257,61.85000538825989,15.957595825195312,58.60999822616577,16.157907485961914
generation,5258,63.80000114440918,14.646533966064453,57.87000060081482,16.415916442871094
generation,5259,64.80000019073486,15.339567184448242,58.34999680519104,16.764245986938477
generation,5260,64.15000557899475,14.049818992614746,58.059996366500854,16.303232192993164
generation,5261,63.05000185966492,15.268364906311035,58.319997787475586,16.334264755249023
generation,5262,62.90000081062317,15.253725051879883,57.85999894142151,16.986160278320312
generation,5263,62.5,15.779586791992188,58.27999711036682,16.108917236328125
generation,5264,63.200002908706665,15.191288948059082,58.410000801086426,16.2008113861084
generation,5265,62.950003147125244,15.559244155883789,57.749998569488525,16.667959213256836
generation,5266,64.10000324249268,14.79212760925293,58.35999846458435,16.39826011657715
generation,5267,63.75000476837158,15.70525074005127,58.090001344680786,16.59877586364746
generation,5268,64.85000252723694,13.44133472442627,58.09999704360962,16.273937225341797
generation,5269,63.450002670288086,14.872798919677734,57.669997215270996,16.509416580200195
generation,5270,63.65000009536743,15.720541000366211,58.410000801086426,16.123367309570312
generation,5271,62.60000467300415,16.290800094604492,58.41999650001526,16.669658660888672
generation,5272,62.70000338554382,15.254730224609375,58.16999673843384,16.2952938079834
generation,5273,64.15000557899475,14.573938369750977,57.30000138282776,16.148788452148438
generation,5274,62.150001525878906,15.728560447692871,58.559995889663696,16.216907501220703
generation,5275,63.10000419616699,14.725613594055176,57.819998264312744,16.38483238220215
generation,5276,63.30000162124634,14.374738693237305,58.12999606132507,16.41982078552246
generation,5277,65.70000052452087,13.836627960205078,58.23999643325806,16.648590087890625
generation,5278,64.65000510215759,14.47433090209961,58.629995584487915,16.056976318359375
generation,5279,63.70000243186951,14.571167945861816,57.96999931335449,16.498197555541992
generation,5280,63.80000114440918,14.922398567199707,58.059996366500854,16.31067657470703
generation,5281,63.30000162124634,15.761381149291992,57.94999599456787,16.664804458618164
generation,5282,62.40000128746033,14.765946388244629,58.309996128082275,16.703474044799805
generation,5283,63.95000219345093,15.061169624328613,58.34000110626221,16.368410110473633
generation,5284,62.550002336502075,16.298664093017578,58.75999927520752,16.2668399810791
generation,5285,63.80000114440918,14.517724990844727,58.21999907493591,16.52883529663086
generation,5286,63.25000524520874,15.418275833129883,57.91999697685242,16.54517364501953
generation,5287,62.25000023841858,16.485267639160156,57.69000053405762,16.997446060180664
generation,5288,63.15000057220459,15.372812271118164,58.34000110626221,16.368410110473633
generation,5289,61.60000562667847,16.349462509155273,58.12000036239624,16.83895492553711
generation,5290,63.450002670288086,14.855833053588867,57.190001010894775,17.000383377075195
generation,5291,63.95000219345093,15.30053997039795,57.88999795913696,16.809776306152344
generation,5292,62.85000443458557,15.336125373840332,57.91999697685242,16.6158504486084
generation,5293,63.200002908706665,15.468801498413086,58.21999907493591,16.512475967407227
generation,5294,64.000004529953,15.40416145324707,58.069998025894165,16.77010154724121
generation,5295,63.70000243186951,15.668476104736328,57.66000151634216,17.009334564208984
generation,5296,63.90000581741333,15.30043888092041,57.749998569488525,16.57154083251953
generation,5297,63.450002670288086,15.139808654785156,57.37000107765198,16.858469009399414
generation,5298,62.40000128746033,16.10177993774414,58.42999815940857,16.286571502685547
generation,5299,64.30000066757202,15.376715660095215,58.80999565124512,16.52792739868164
generation,5300,63.90000581741333,15.332597732543945,57.999998331069946,16.757558822631836
generation,5301,62.70000338554382,15.63241195678711,57.46999979019165,16.550344467163086
generation,5302,62.90000081062317,15.509725570678711,57.94999599456787,16.551406860351562
generation,5303,64.50000405311584,14.409401893615723,58.160001039505005,16.51924705505371
generation,5304,63.55000138282776,15.910154342651367,58.5099995136261,16.581809997558594
generation,5305,64.75000381469727,14.308154106140137,58.25999975204468,16.59774398803711
generation,5306,64.40000534057617,14.544220924377441,58.30000042915344,16.523393630981445
generation,5307,65.30000567436218,14.355534553527832,58.19999575614929,16.27537727355957
generation,5308,64.20000195503235,14.795387268066406,57.58999586105347,16.59307861328125
generation,5309,63.50000500679016,14.643763542175293,58.56999754905701,16.28315544128418
generation,5310,63.25000524520874,15.363550186157227,58.139997720718384,16.59925079345703
generation,5311,64.20000195503235,15.680532455444336,58.149999380111694,16.799091339111328
generation,5312,62.65000104904175,14.48967456817627,58.559995889663696,16.304363250732422
generation,5313,62.7500057220459,15.971202850341797,58.27000141143799,16.51513671875
generation,5314,63.95000219345093,15.073452949523926,57.819998264312744,16.59291648864746
generation,5315,63.450002670288086,14.910482406616211,58.379995822906494,17.196386337280273
generation,5316,63.95000219345093,14.682068824768066,58.27000141143799,16.51513671875
generation,5317,63.75000476837158,14.965991973876953,58.53999853134155,16.204452514648438
generation,5318,62.40000128746033,15.375863075256348,57.8000009059906,16.164325714111328
generation,5319,63.40000033378601,15.292724609375,57.91999697685242,16.631103515625
generation,5320,65.25000333786011,14.315930366516113,58.77000093460083,16.225116729736328
generation,5321,64.45000171661377,15.178403854370117,57.67999887466431,16.865371704101562
generation,5322,63.600003719329834,15.246036529541016,57.35999941825867,16.71709442138672
generation,5323,64.65000510215759,14.313339233398438,57.8499972820282,16.270191192626953
generation,5324,62.70000338554382,16.22559928894043,58.079999685287476,16.733318328857422
generation,5325,62.5,15.916130065917969,58.34999680519104,16.606163024902344
generation,5326,63.40000033378601,15.158588409423828,57.94999599456787,16.122220993041992
generation,5327,64.45000171661377,15.422101974487305,57.739996910095215,16.609750747680664
generation,5328,61.75000071525574,16.32952117919922,57.9800009727478,16.627944946289062
generation,5329,64.75000381469727,14.542308807373047,57.440000772476196,16.68947410583496
generation,5330,62.800002098083496,14.779492378234863,57.58999586105347,16.454103469848633
generation,5331,62.05000281333923,16.085081100463867,58.19000005722046,16.68596649169922
generation,5332,62.7500057220459,15.805249214172363,58.0299973487854,16.784997940063477
generation,5333,63.55000138282776,14.13012409210205,58.35999846458435,16.445877075195312
generation,5334,62.550002336502075,15.466205596923828,58.17999839782715,16.55723762512207
generation,5335,63.15000057220459,15.708273887634277,58.319997787475586,16.534809112548828
generation,5336,63.40000033378601,15.59292984008789,57.48000144958496,17.081335067749023
generation,5337,63.35000395774841,15.062910079956055,58.34000110626221,17.0208740234375
generation,5338,64.85000252723694,14.824616432189941,57.499998807907104,16.792829513549805
generation,5339,64.50000405311584,14.433731079101562,58.35999846458435,16.54163932800293
generation,5340,62.5,15.327215194702148,58.84000062942505,16.454313278198242
generation,5341,64.0500009059906,14.086857795715332,58.01999568939209,16.192459106445312
generation,5342,63.65000009536743,15.652130126953125,58.23999643325806,16.95071029663086
generation,5343,62.90000081062317,16.09514617919922,58.21999907493591,16.563505172729492
generation,5344,63.05000185966492,15.004412651062012,58.12999606132507,16.289371490478516
generation,5345,63.75000476837158,15.054924011230469,57.819998264312744,16.800310134887695
generation,5346,63.90000581741333,14.69697093963623,58.09999704360962,16.348350524902344
generation,5347,63.80000114440918,14.90756607055664,57.94999599456787,16.281429290771484
generation,5348,63.80000114440918,14.752737045288086,58.42999815940857,16.361133575439453
generation,5349,65.35000205039978,15.081146240234375,57.62999653816223,16.826990127563477
generation,5350,65.05000591278076,14.253931045532227,58.230000734329224,16.282705307006836
generation,5351,61.05000376701355,16.242006301879883,58.84999632835388,16.394697189331055
generation,5352,63.05000185966492,15.648898124694824,57.87999629974365,16.41765022277832
generation,5353,62.85000443458557,15.72988510131836,58.23999643325806,16.79678726196289
generation,5354,63.600003719329834,15.09705638885498,58.24999809265137,16.49667739868164
generation,5355,64.40000534057617,13.862508773803711,58.45999717712402,16.012561798095703
generation,5356,62.05000281333923,16.162649154663086,58.56999754905701,16.167469024658203
generation,5357,64.30000066757202,14.756965637207031,58.48999619483948,16.309982299804688
generation,5358,63.200002908706665,14.89629077911377,57.55999684333801,16.569416046142578
generation,5359,63.25000524520874,15.928009986877441,58.09999704360962,16.66197967529297
generation,5360,61.30000352859497,16.302188873291016,58.0299973487854,16.501707077026367
generation,5361,64.000004529953,15.710433959960938,58.480000495910645,16.567832946777344
generation,5362,62.90000081062317,14.425324440002441,58.43999981880188,16.313596725463867
generation,5363,63.95000219345093,15.44249153137207,58.230000734329224,16.654468536376953
generation,5364,63.35000395774841,15.256501197814941,58.410000801086426,16.35457420349121
generation,5365,62.7500057220459,15.384248733520508,58.19000005722046,16.18929100036621
generation,5366,63.30000162124634,15.060932159423828,58.01999568939209,16.647525787353516
generation,5367,62.950003147125244,15.196751594543457,57.89999961853027,16.463850021362305
generation,5368,64.40000534057617,13.644725799560547,58.24999809265137,16.218486785888672
generation,5369,63.15000057220459,15.846517562866211,57.829999923706055,16.857988357543945
generation,5370,62.60000467300415,15.078919410705566,58.00999999046326,16.414093017578125
generation,5371,63.40000033378601,14.601407051086426,57.91999697685242,16.400774002075195
generation,5372,62.85000443458557,15.407594680786133,58.00999999046326,17.025922775268555
generation,5373,62.25000023841858,15.639215469360352,58.5099995136261,16.08279037475586
generation,5374,63.75000476837158,15.53195858001709,57.739996910095215,16.724868774414062
generation,5375,62.90000081062317,15.875925064086914,57.819998264312744,16.39029884338379
generation,5376,64.65000510215759,15.196061134338379,57.58999586105347,16.547529220581055
generation,5377,63.95000219345093,14.062654495239258,57.8499972820282,16.432260513305664
generation,5378,65.50000309944153,13.299309730529785,58.0299973487854,16.44011878967285
generation,5379,63.35000395774841,15.355049133300781,58.10999870300293,16.57392692565918
generation,5380,61.10000014305115,16.84912109375,58.309996128082275,16.61772346496582
generation,5381,62.65000104904175,15.339115142822266,58.45999717712402,16.47200584411621
generation,5382,62.10000514984131,15.570655822753906,58.49999785423279,16.583202362060547
generation,5383,63.35000395774841,15.913865089416504,58.42999815940857,16.495525360107422
generation,5384,61.75000071525574,15.658902168273926,58.12999606132507,16.3038272857666
generation,5385,62.800002098083496,15.230330467224121,58.12999606132507,16.43212890625
generation,5386,63.30000162124634,14.874945640563965,57.999998331069946,16.35496711730957
generation,5387,63.65000009536743,15.062708854675293,57.87000060081482,16.45382308959961
generation,5388,62.20000386238098,16.685190200805664,58.16999673843384,16.774045944213867
generation,5389,63.65000009536743,15.306675910949707,58.319997787475586,16.279264450073242
generation,5390,64.40000534057617,14.284757614135742,58.7399959564209,16.572004318237305
generation,5391,65.65000414848328,13.783398628234863,58.7399959564209,16.572004318237305
generation,5392,63.90000581741333,14.945508003234863,58.230000734329224,16.786712646484375
generation,5393,65.10000228881836,14.917052268981934,58.35999846458435,16.60910987854004
generation,5394,60.200005769729614,16.530956268310547,58.84000062942505,16.32132339477539
generation,5395,63.40000033378601,14.551352500915527,58.23999643325806,16.553043365478516
generation,5396,63.35000395774841,14.866482734680176,57.94000029563904,16.497243881225586
generation,5397,64.3500030040741,15.273937225341797,57.51999616622925,16.397157669067383
generation,5398,62.150001525878906,15.516790390014648,57.92999863624573,16.48291778564453
generation,5399,62.25000023841858,15.263367652893066,58.12000036239624,16.386394500732422
generation,5400,63.450002670288086,14.815451622009277,58.12999606132507,16.445648193359375
generation,5401,64.20000195503235,13.92082691192627,58.709996938705444,15.8825044631958
generation,5402,65.20000100135803,14.018047332763672,58.84000062942505,16.10378074645996
generation,5403,63.50000500679016,14.941709518432617,57.6200008392334,16.631671905517578
generation,5404,62.70000338554382,16.641130447387695,57.87000060081482,16.60848617553711
generation,5405,63.35000395774841,14.811125755310059,58.84000062942505,16.10378074645996
generation,5406,63.65000009536743,14.309569358825684,57.6200008392334,16.107017517089844
generation,5407,64.000004529953,15.180164337158203,58.230000734329224,16.503726959228516
generation,5408,63.05000185966492,15.188157081604004,58.09999704360962,16.30455780029297
generation,5409,62.25000023841858,15.445184707641602,57.87000060081482,16.429502487182617
generation,5410,64.10000324249268,14.110535621643066,57.55000114440918,16.05022430419922
generation,5411,63.850003480911255,14.798468589782715,58.069998025894165,16.36396026611328
generation,5412,62.950003147125244,14.814352035522461,58.19999575614929,16.209707260131836
generation,5413,61.900001764297485,16.48649787902832,57.83999562263489,16.869647979736328
generation,5414,63.95000219345093,15.187614440917969,58.379995822906494,16.480262756347656
generation,5415,64.70000147819519,14.15884017944336,57.78999924659729,16.33574104309082
generation,5416,63.850003480911255,15.552138328552246,58.48999619483948,16.36918830871582
generation,5417,63.450002670288086,15.904502868652344,58.49999785423279,16.48448944091797
generation,5418,62.70000338554382,15.77944564819336,58.77000093460083,16.56854820251465
generation,5419,64.10000324249268,13.980324745178223,57.739996910095215,16.2053165435791
generation,5420,63.50000500679016,15.460911750793457,58.0299973487854,16.431333541870117
generation,5421,63.65000009536743,15.10506820678711,58.160001039505005,16.08837127685547
generation,5422,64.25000429153442,14.59139347076416,58.70000123977661,16.296714782714844
generation,5423,61.900001764297485,15.564299583435059,57.89999961853027,16.432079315185547
generation,5424,62.60000467300415,14.969426155090332,57.87000060081482,16.188766479492188
generation,5425,62.65000104904175,15.725141525268555,58.410000801086426,16.214412689208984
generation,5426,65.6000018119812,13.860597610473633,58.12999606132507,16.026145935058594
generation,5427,61.75000071525574,15.850356101989746,58.389997482299805,16.19542694091797
generation,5428,63.65000009536743,16.106584548950195,57.94000029563904,16.984750747680664
generation,5429,63.70000243186951,14.6915283203125,58.45999717712402,16.209514617919922
generation,5430,65.80000519752502,14.063117980957031,58.37000012397766,16.268075942993164
generation,5431,63.05000185966492,15.614952087402344,58.069998025894165,16.607711791992188
generation,5432,62.35000491142273,15.178861618041992,58.77999663352966,16.251007080078125
generation,5433,63.95000219345093,15.634309768676758,58.77999663352966,16.251007080078125
generation,5434,63.35000395774841,14.589048385620117,57.89999961853027,16.814743041992188
generation,5435,63.50000500679016,15.058774948120117,58.52999687194824,16.365604400634766
generation,5436,61.900001764297485,16.172510147094727,58.01999568939209,16.99403190612793
generation,5437,62.25000023841858,15.490577697753906,58.45999717712402,16.3065242767334
generation,5438,65.20000100135803,14.95067024230957,58.12000036239624,16.702688217163086
generation,5439,63.30000162124634,15.18752670288086,58.069998025894165,16.389087677001953
generation,5440,64.40000534057617,14.224337577819824,58.52000117301941,16.259138107299805
generation,5441,63.450002670288086,15.749910354614258,57.51999616622925,16.510013580322266
generation,5442,62.5,16.208768844604492,58.059996366500854,16.591014862060547
generation,5443,62.950003147125244,15.004569053649902,58.21999907493591,16.33819580078125
generation,5444,64.70000147819519,14.69210147857666,58.12000036239624,16.74067497253418
generation,5445,61.15000247955322,16.357030868530273,58.60999822616577,16.16104507446289
generation,5446,63.55000138282776,15.401569366455078,58.52000117301941,16.16942596435547
generation,5447,63.30000162124634,15.051532745361328,58.27000141143799,16.546846389770508
generation,5448,64.10000324249268,14.82059097290039,58.19999575614929,16.05341339111328
generation,5449,64.30000066757202,15.33896541595459,58.410000801086426,16.60407257080078
generation,5450,66.2000060081482,13.366334915161133,57.96999931335449,16.739961624145508
generation,5451,63.80000114440918,16.148460388183594,57.30999708175659,17.244007110595703
generation,5452,62.950003147125244,15.852895736694336,58.09999704360962,16.389768600463867
generation,5453,64.50000405311584,15.711854934692383,58.389997482299805,17.26871681213379
generation,5454,62.20000386238098,15.035972595214844,58.19000005722046,16.149660110473633
generation,5455,64.20000195503235,15.24553394317627,58.25999975204468,16.27018165588379
generation,5456,63.80000114440918,15.486165046691895,58.59000086784363,16.185457229614258
generation,5457,64.45000171661377,14.333343505859375,59.00999903678894,15.94099235534668
generation,5458,63.850003480911255,15.323426246643066,57.8499972820282,16.601699829101562
generation,5459,63.30000162124634,15.618311882019043,57.63999819755554,16.896194458007812
generation,5460,62.800002098083496,15.249624252319336,57.77999758720398,16.684429168701172
generation,5461,63.850003480911255,14.984095573425293,58.41999650001526,16.72846031188965
generation,5462,62.65000104904175,15.82967472076416,58.319997787475586,16.947938919067383
generation,5463,63.25000524520874,15.290392875671387,57.88999795913696,16.388513565063477
generation,5464,61.80000305175781,16.217859268188477,57.87000060081482,16.80472755432129
generation,5465,63.15000057220459,15.848958969116211,58.41999650001526,16.72846031188965
generation,5466,65.00000357627869,13.915072441101074,57.95999765396118,16.770164489746094
generation,5467,63.65000009536743,14.500481605529785,58.19000005722046,16.619178771972656
generation,5468,63.65000009536743,15.259085655212402,58.799999952316284,16.341217041015625
generation,5469,64.20000195503235,15.028904914855957,58.09999704360962,16.70701789855957
generation,5470,62.950003147125244,14.849864959716797,58.43999981880188,16.361799240112305
generation,5471,62.85000443458557,15.406193733215332,57.999998331069946,16.427616119384766
generation,5472,64.20000195503235,15.091642379760742,57.88999795913696,16.416135787963867
generation,5473,63.70000243186951,13.988399505615234,57.760000228881836,16.279521942138672
generation,5474,63.850003480911255,15.089661598205566,58.09999704360962,16.418519973754883
generation,5475,62.05000281333923,16.1926212310791,58.079999685287476,16.859127044677734
generation,5476,63.65000009536743,15.521732330322266,58.45000147819519,16.80916976928711
generation,5477,63.35000395774841,16.383609771728516,58.25999975204468,17.012632369995117
generation,5478,64.55000042915344,15.598482131958008,58.59999656677246,16.359819412231445
generation,5479,62.85000443458557,14.805146217346191,58.25999975204468,16.204910278320312
generation,5480,65.05000591278076,14.518402099609375,58.160001039505005,16.688671112060547
generation,5481,64.40000534057617,14.970748901367188,58.3299994468689,16.247835159301758
generation,5482,61.000001430511475,16.00748062133789,58.230000734329224,16.92483901977539
generation,5483,61.95000410079956,15.24729061126709,58.069998025894165,16.630788803100586
generation,5484,63.35000395774841,14.559948921203613,57.8000009059906,16.62404441833496
generation,5485,63.80000114440918,15.32862663269043,57.78999924659729,16.67487907409668
generation,5486,62.950003147125244,15.757946014404297,58.34000110626221,16.52056312561035
generation,5487,63.75000476837158,14.74335765838623,57.56999850273132,16.196025848388672
generation,5488,64.40000534057617,13.92640209197998,58.469998836517334,16.43069076538086
generation,5489,63.95000219345093,14.486212730407715,58.730000257492065,16.101884841918945
generation,5490,63.450002670288086,14.41918659210205,57.749998569488525,16.428470611572266
generation,5491,63.850003480911255,14.866119384765625,57.73000121116638,16.517454147338867
generation,5492,63.00000548362732,16.342599868774414,58.59999656677246,16.38519287109375
generation,5493,61.95000410079956,16.22797966003418,57.91999697685242,16.70114517211914
generation,5494,63.50000500679016,15.671919822692871,58.19000005722046,16.735210418701172
generation,5495,63.200002908706665,16.30620765686035,57.760000228881836,16.76910400390625
generation,5496,64.90000486373901,15.140325546264648,58.80999565124512,16.283384323120117
generation,5497,63.70000243186951,14.6036376953125,57.77999758720398,16.278533935546875
generation,5498,63.70000243186951,15.185412406921387,58.56999754905701,16.365947723388672
generation,5499,62.5,16.355709075927734,57.22000002861023,17.09922218322754
generation,5500,63.40000033378601,14.762402534484863,57.53999948501587,16.279794692993164
generation,5501,64.30000066757202,14.938146591186523,58.9199960231781,16.206201553344727
generation,5502,63.75000476837158,15.208640098571777,58.799999952316284,16.37957000732422
generation,5503,63.95000219345093,14.687267303466797,58.6899995803833,16.208763122558594
generation,5504,64.55000042915344,14.393251419067383,58.45999717712402,16.502695083618164
generation,5505,63.70000243186951,15.248784065246582,58.12999606132507,16.633634567260742
generation,5506,62.00000047683716,15.92720890045166,58.19000005722046,16.55757713317871
generation,5507,63.55000138282776,15.541234016418457,58.53999853134155,16.378379821777344
generation,5508,63.55000138282776,15.008857727050781,58.25999975204468,16.426362991333008
generation,5509,63.75000476837158,14.711246490478516,58.12999606132507,16.508834838867188
generation,5510,63.35000395774841,14.70529556274414,58.799999952316284,16.090368270874023
generation,5511,63.10000419616699,15.22651481628418,58.24999809265137,16.391128540039062
generation,5512,62.7500057220459,15.351109504699707,59.02000069618225,16.042583465576172
generation,5513,60.750001668930054,16.255674362182617,58.84999632835388,16.208236694335938
generation,5514,64.50000405311584,14.62594223022461,59.06999707221985,16.117563247680664
generation,5515,63.55000138282776,14.908756256103516,58.59999656677246,16.26151466369629
generation,5516,65.00000357627869,14.23840045928955,58.34000110626221,16.4295654296875
generation,5517,62.4500036239624,15.923444747924805,58.35999846458435,16.592742919921875
generation,5518,63.50000500679016,14.691397666931152,58.3299994468689,16.22336769104004
generation,5519,62.950003147125244,14.939922332763672,59.18999910354614,16.296030044555664
generation,5520,63.90000581741333,14.574728965759277,58.43999981880188,16.87137794494629
generation,5521,63.35000395774841,15.858321189880371,58.6899995803833,16.29668617248535
generation,5522,62.7500057220459,15.714151382446289,58.5099995136261,16.51053237915039
generation,5523,63.40000033378601,15.547279357910156,58.10999870300293,16.104642868041992
generation,5524,63.90000581741333,15.187433242797852,58.480000495910645,16.874446868896484
generation,5525,63.30000162124634,14.713092803955078,58.59000086784363,16.524919509887695
generation,5526,63.65000009536743,14.978975296020508,58.090001344680786,16.87505531311035
generation,5527,63.55000138282776,15.759654998779297,57.749998569488525,16.60645294189453
generation,5528,63.75000476837158,14.893364906311035,58.959996700286865,16.470930099487305
generation,5529,63.80000114440918,15.105962753295898,58.410000801086426,16.69342803955078
generation,5530,61.30000352859497,15.846994400024414,59.00999903678894,15.594676971435547
generation,5531,62.25000023841858,15.840877532958984,58.56999754905701,16.38900375366211
generation,5532,64.50000405311584,15.118877410888672,57.77999758720398,16.526060104370117
generation,5533,63.15000057220459,15.285630226135254,58.34999680519104,16.67483139038086
generation,5534,62.800002098083496,15.338597297668457,58.93999934196472,16.25241470336914
generation,5535,62.4500036239624,15.441505432128906,58.9199960231781,16.51878547668457
generation,5536,63.40000033378601,15.403531074523926,58.639997243881226,16.762388229370117
generation,5537,63.850003480911255,14.705779075622559,58.34999680519104,16.511199951171875
generation,5538,63.40000033378601,14.821809768676758,58.469998836517334,16.320158004760742
generation,5539,65.00000357627869,14.37804126739502,58.48999619483948,16.871004104614258
generation,5540,62.85000443458557,15.568875312805176,58.53999853134155,16.51641845703125
generation,5541,61.650002002716064,15.448898315429688,58.469998836517334,16.344303131103516
generation,5542,64.3500030040741,14.689178466796875,57.999998331069946,16.6540584564209
generation,5543,62.25000023841858,16.601463317871094,58.469998836517334,16.74724578857422
generation,5544,63.90000581741333,15.365447998046875,58.60999822616577,16.341651916503906
generation,5545,63.200002908706665,15.19324779510498,58.789998292922974,16.389263153076172
generation,5546,63.200002908706665,14.726551055908203,58.61999988555908,16.498172760009766
generation,5547,63.30000162124634,15.551107406616211,58.45999717712402,16.486249923706055
generation,5548,65.05000591278076,14.521223068237305,58.57999920845032,16.443790435791016
generation,5549,64.3500030040741,14.187491416931152,57.749998569488525,16.63800811767578
generation,5550,64.45000171661377,14.955487251281738,58.34000110626221,16.434368133544922
generation,5551,61.350005865097046,16.2126522064209,58.57999920845032,16.32219123840332
generation,5552,62.60000467300415,15.21474838256836,58.92999768257141,15.85506534576416
generation,5553,62.60000467300415,15.799257278442383,58.45000147819519,16.23413848876953
generation,5554,63.95000219345093,14.434616088867188,58.60999822616577,15.971452713012695
generation,5555,63.55000138282776,15.165389060974121,58.93999934196472,16.597936630249023
generation,5556,63.00000548362732,16.273591995239258,58.410000801086426,16.648414611816406
generation,5557,63.40000033378601,15.511303901672363,58.559995889663696,16.705724716186523
generation,5558,62.10000514984131,15.767881393432617,58.81999731063843,16.126249313354492
generation,5559,64.30000066757202,14.835652351379395,57.96999931335449,16.68651580810547
generation,5560,63.850003480911255,15.120209693908691,57.96999931335449,16.68651580810547
generation,5561,63.75000476837158,15.907334327697754,57.64999985694885,16.727699279785156
generation,5562,63.55000138282776,15.66323184967041,59.380000829696655,16.464475631713867
generation,5563,64.10000324249268,14.807741165161133,58.19000005722046,16.829505920410156
generation,5564,63.95000219345093,14.351336479187012,58.88000130653381,15.895999908447266
generation,5565,62.60000467300415,14.922845840454102,59.369999170303345,16.086875915527344
generation,5566,64.80000019073486,14.949495315551758,58.37000012397766,16.348665237426758
generation,5567,66.50000214576721,14.218701362609863,58.709996938705444,16.634305953979492
generation,5568,63.75000476837158,15.538673400878906,58.37000012397766,16.34876823425293
generation,5569,62.60000467300415,16.123106002807617,58.649998903274536,16.408742904663086
generation,5570,64.30000066757202,14.446379661560059,58.27000141143799,16.18323516845703
generation,5571,64.10000324249268,13.939875602722168,58.80999565124512,16.26125717163086
generation,5572,64.10000324249268,14.673781394958496,58.139997720718384,16.198137283325195
generation,5573,62.20000386238098,15.600862503051758,58.27999711036682,16.94986915588379
generation,5574,63.200002908706665,14.664192199707031,58.49999785423279,16.315404891967773
generation,5575,63.65000009536743,15.303754806518555,58.319997787475586,16.793624877929688
generation,5576,64.3500030040741,15.422612190246582,58.49999785423279,16.649066925048828
generation,5577,62.05000281333923,15.857622146606445,58.27000141143799,16.553104400634766
generation,5578,64.60000276565552,15.682215690612793,58.5099995136261,16.817731857299805
generation,5579,62.950003147125244,16.15241050720215,58.67999792098999,16.584829330444336
generation,5580,63.50000500679016,14.553840637207031,58.88999700546265,15.923338890075684
generation,5581,63.70000243186951,16.362205505371094,58.82999897003174,16.512359619140625
generation,5582,64.75000381469727,14.281454086303711,57.44999647140503,16.763763427734375
generation,5583,65.00000357627869,14.879735946655273,58.28999876976013,16.393709182739258
generation,5584,63.90000581741333,15.053743362426758,58.480000495910645,16.538816452026367
generation,5585,63.850003480911255,14.572795867919922,59.349995851516724,16.33113670349121
generation,5586,63.200002908706665,14.624073028564453,58.91000032424927,16.504074096679688
generation,5587,63.40000033378601,15.140799522399902,57.91999697685242,16.519365310668945
generation,5588,64.10000324249268,15.633034706115723,59.13999676704407,16.488285064697266
generation,5589,64.50000405311584,14.043423652648926,58.19999575614929,16.588218688964844
generation,5590,63.55000138282776,15.381062507629395,58.730000257492065,16.7904052734375
generation,5591,60.30000448226929,16.30946159362793,58.090001344680786,16.21704864501953
generation,5592,64.20000195503235,14.453124046325684,58.6899995803833,16.08580207824707
generation,5593,64.25000429153442,14.070528030395508,58.53999853134155,16.3808536529541
generation,5594,64.75000381469727,14.232054710388184,59.289997816085815,15.711540222167969
generation,5595,63.65000009536743,15.285662651062012,58.480000495910645,16.32302474975586
generation,5596,64.25000429153442,15.612435340881348,58.34999680519104,16.845003128051758
generation,5597,63.200002908706665,16.10600471496582,57.87000060081482,16.569589614868164
generation,5598,63.80000114440918,15.092207908630371,58.77000093460083,16.40332794189453
generation,5599,63.850003480911255,15.980669021606445,58.069998025894165,16.60435676574707
generation,5600,64.90000486373901,15.270841598510742,58.77000093460083,16.923873901367188
generation,5601,63.50000500679016,15.188270568847656,58.42999815940857,16.565074920654297
generation,5602,63.75000476837158,16.50372886657715,58.34000110626221,16.6284122467041
generation,5603,62.60000467300415,15.74581527709961,58.52000117301941,16.012840270996094
generation,5604,62.60000467300415,15.713676452636719,58.49999785423279,16.609853744506836
generation,5605,64.30000066757202,15.55068588256836,57.760000228881836,17.040111541748047
generation,5606,62.550002336502075,15.07401180267334,58.37000012397766,16.147674560546875
generation,5607,64.30000066757202,14.375420570373535,58.30000042915344,17.03989028930664
generation,5608,62.85000443458557,15.030369758605957,58.52999687194824,16.57726287841797
generation,5609,65.10000228881836,15.34923267364502,58.57999920845032,17.238649368286133
generation,5610,63.15000057220459,15.118377685546875,58.379995822906494,16.539270401000977
generation,5611,64.75000381469727,14.809613227844238,57.71999955177307,16.976457595825195
generation,5612,63.200002908706665,14.82287883758545,57.989996671676636,16.964677810668945
generation,5613,63.200002908706665,15.612096786499023,58.730000257492065,16.50996971130371
generation,5614,64.60000276565552,14.767009735107422,58.2099974155426,17.047100067138672
generation,5615,63.95000219345093,15.39653491973877,58.719998598098755,16.385791778564453
generation,5616,64.15000557899475,14.114089965820312,58.24999809265137,16.3701229095459
generation,5617,61.2000048160553,16.479873657226562,58.379995822906494,16.736682891845703
generation,5618,64.0500009059906,15.040400505065918,58.789998292922974,16.66023826599121
generation,5619,63.65000009536743,15.250189781188965,58.379995822906494,16.401033401489258
generation,5620,62.70000338554382,17.25701332092285,58.27999711036682,17.44028663635254
generation,5621,63.15000057220459,15.73997688293457,58.649998903274536,16.148717880249023
generation,5622,63.450002670288086,15.10830307006836,58.61999988555908,16.41033363342285
generation,5623,63.35000395774841,14.836857795715332,58.52000117301941,16.835622787475586
generation,5624,65.75000286102295,13.568140983581543,58.21999907493591,16.425363540649414
generation,5625,64.20000195503235,15.552242279052734,58.5099995136261,16.79395866394043
generation,5626,63.55000138282776,15.21034049987793,58.21999907493591,16.295007705688477
generation,5627,63.35000395774841,14.714405059814453,58.59999656677246,16.82061195373535
generation,5628,63.95000219345093,15.276599884033203,58.45000147819519,16.27374267578125
generation,5629,64.55000042915344,15.12067985534668,58.27000141143799,16.49118423461914
generation,5630,65.30000567436218,14.351249694824219,58.00999999046326,16.665592193603516
generation,5631,63.50000500679016,14.368021011352539,58.77000093460083,16.605152130126953
generation,5632,65.45000076293945,14.692084312438965,58.89999866485596,16.540264129638672
generation,5633,62.90000081062317,14.6222505569458,58.89999866485596,16.540264129638672
generation,5634,64.70000147819519,14.466602325439453,58.03999900817871,16.543428421020508
generation,5635,64.30000066757202,14.453089714050293,58.309996128082275,16.307132720947266
generation,5636,62.5,15.484792709350586,58.19999575614929,16.704240798950195
generation,5637,64.80000019073486,14.32657527923584,58.059996366500854,17.105566024780273
generation,5638,63.15000057220459,16.304731369018555,58.84999632835388,16.229373931884766
generation,5639,64.3500030040741,14.279861450195312,57.87999629974365,16.347475051879883
generation,5640,63.05000185966492,14.797334671020508,58.3299994468689,16.33980941772461
generation,5641,63.200002908706665,16.156755447387695,58.34999680519104,16.592662811279297
generation,5642,62.150001525878906,15.781549453735352,58.16999673843384,16.748931884765625
generation,5643,63.95000219345093,15.353038787841797,58.03999900817871,17.225494384765625
generation,5644,63.05000185966492,15.839146614074707,58.24999809265137,16.491403579711914
generation,5645,63.90000581741333,14.031841278076172,58.629995584487915,16.150585174560547
generation,5646,65.35000205039978,14.703097343444824,58.75999927520752,16.420150756835938
generation,5647,64.25000429153442,14.64745044708252,58.389997482299805,16.511093139648438
generation,5648,62.20000386238098,15.28254508972168,58.89999866485596,16.071205139160156
generation,5649,63.80000114440918,15.278552055358887,58.149999380111694,16.761213302612305
generation,5650,63.75000476837158,15.11186695098877,58.399999141693115,16.400955200195312
generation,5651,63.30000162124634,15.445649147033691,57.77999758720398,16.3386287689209
generation,5652,62.70000338554382,15.458850860595703,58.2099974155426,16.287675857543945
generation,5653,63.70000243186951,14.405442237854004,58.079999685287476,16.481121063232422
generation,5654,63.850003480911255,15.671785354614258,58.37000012397766,16.323720932006836
generation,5655,63.65000009536743,15.034116744995117,58.730000257492065,16.31629180908203
generation,5656,63.50000500679016,14.824658393859863,58.6899995803833,16.376272201538086
generation,5657,65.65000414848328,13.32326602935791,57.9800009727478,16.539945602416992
generation,5658,62.950003147125244,16.02750015258789,57.94999599456787,16.499244689941406
generation,5659,63.850003480911255,14.68112564086914,58.49999785423279,16.40806007385254
generation,5660,64.40000534057617,15.439340591430664,58.5099995136261,16.33230972290039
generation,5661,62.7500057220459,15.368978500366211,58.41999650001526,16.39467430114746
generation,5662,63.65000009536743,14.520325660705566,57.999998331069946,16.306570053100586
generation,5663,64.65000510215759,15.478021621704102,58.090001344680786,16.92894172668457
generation,5664,62.7500057220459,15.073538780212402,59.16999578475952,16.05952262878418
generation,5665,64.85000252723694,14.164955139160156,58.66000056266785,16.195079803466797
generation,5666,63.10000419616699,15.41114330291748,57.73000121116638,16.935575485229492
generation,5667,64.10000324249268,15.130859375,57.73000121116638,16.692577362060547
generation,5668,64.000004529953,14.597559928894043,58.069998025894165,16.389312744140625
generation,5669,64.25000429153442,14.764439582824707,58.730000257492065,16.1989803314209
generation,5670,63.850003480911255,14.973672866821289,58.35999846458435,16.43600082397461
generation,5671,63.600003719329834,14.58903980255127,58.27000141143799,16.08101463317871
generation,5672,64.3500030040741,14.551793098449707,58.7399959564209,16.676584243774414
generation,5673,63.65000009536743,15.199429512023926,57.69000053405762,16.913936614990234
generation,5674,64.10000324249268,14.368368148803711,58.41999650001526,16.268726348876953
generation,5675,64.20000195503235,14.881789207458496,58.309996128082275,16.287269592285156
generation,5676,63.05000185966492,15.164558410644531,58.709996938705444,16.3864803314209
generation,5677,64.10000324249268,14.58464241027832,58.41999650001526,16.26177978515625
generation,5678,63.05000185966492,15.166678428649902,58.5099995136261,16.358360290527344
generation,5679,64.65000510215759,14.710742950439453,57.20999836921692,17.0233097076416
generation,5680,64.95000123977661,14.839179992675781,58.389997482299805,16.354337692260742
generation,5681,63.65000009536743,15.038678169250488,58.16999673843384,16.498249053955078
generation,5682,63.25000524520874,15.002565383911133,58.77000093460083,16.079099655151367
generation,5683,61.2000048160553,16.21282958984375,58.399999141693115,16.4715633392334
generation,5684,63.30000162124634,14.94228458404541,58.16999673843384,15.873451232910156
generation,5685,64.80000019073486,14.64774227142334,58.3299994468689,16.07126808166504
generation,5686,64.25000429153442,14.202194213867188,58.149999380111694,16.15131378173828
generation,5687,62.550002336502075,15.35869312286377,58.799999952316284,16.67434310913086
generation,5688,63.70000243186951,14.947419166564941,58.66999626159668,16.058979034423828
generation,5689,64.75000381469727,14.855423927307129,58.34999680519104,17.00936508178711
generation,5690,64.3500030040741,14.371346473693848,58.99999737739563,16.055551528930664
generation,5691,63.55000138282776,15.178569793701172,58.45000147819519,16.401988983154297
generation,5692,66.30000472068787,13.673430442810059,58.34000110626221,16.419116973876953
generation,5693,63.95000219345093,14.576017379760742,57.83999562263489,16.559545516967773
generation,5694,63.75000476837158,15.347593307495117,58.61999988555908,16.349285125732422
generation,5695,64.25000429153442,14.637826919555664,58.709996938705444,16.375728607177734
generation,5696,63.450002670288086,14.587535858154297,58.66000056266785,16.030338287353516
generation,5697,64.70000147819519,13.380590438842773,58.719998598098755,16.13357925415039
generation,5698,62.05000281333923,15.923323631286621,58.61999988555908,16.538537979125977
generation,5699,62.90000081062317,14.661961555480957,58.30000042915344,16.039274215698242
generation,5700,63.200002908706665,13.877922058105469,58.719998598098755,16.289447784423828
generation,5701,61.95000410079956,15.996271133422852,58.28999876976013,16.104034423828125
generation,5702,62.950003147125244,15.271149635314941,58.559995889663696,16.616840362548828
generation,5703,63.35000395774841,15.484521865844727,58.719998598098755,16.289447784423828
generation,5704,64.0500009059906,13.6382474899292,58.23999643325806,15.847529411315918
generation,5705,62.800002098083496,14.878129959106445,58.27000141143799,16.152124404907227
generation,5706,62.40000128746033,15.658236503601074,58.28999876976013,16.223644256591797
generation,5707,64.30000066757202,14.543270111083984,58.45999717712402,16.047500610351562
generation,5708,64.20000195503235,14.38235092163086,58.34999680519104,16.027185440063477
generation,5709,63.30000162124634,15.516803741455078,58.43999981880188,16.507904052734375
generation,5710,65.15000462532043,14.712284088134766,57.87999629974365,16.504419326782227
generation,5711,63.850003480911255,15.149845123291016,59.029996395111084,16.17641258239746
generation,5712,63.65000009536743,15.022110939025879,58.9199960231781,16.34328269958496
generation,5713,63.65000009536743,14.698598861694336,58.56999754905701,16.252838134765625
generation,5714,63.65000009536743,14.139211654663086,58.66999626159668,16.250497817993164
generation,5715,63.35000395774841,14.408510208129883,58.30000042915344,16.576738357543945
generation,5716,64.000004529953,14.302007675170898,58.85999798774719,16.45223045349121
generation,5717,64.15000557899475,14.141523361206055,58.17999839782715,16.45125389099121
generation,5718,63.450002670288086,14.921813011169434,58.27000141143799,16.06707763671875
generation,5719,63.50000500679016,15.234825134277344,59.10999774932861,16.37617301940918
generation,5720,65.35000205039978,13.834783554077148,58.34000110626221,16.552791595458984
generation,5721,64.0500009059906,14.481776237487793,58.56999754905701,16.26473045349121
generation,5722,63.00000548362732,15.101968765258789,59.0999960899353,16.32452392578125
generation,5723,63.35000395774841,15.182781219482422,57.92999863624573,16.279958724975586
generation,5724,65.15000462532043,14.420670509338379,58.379995822906494,15.923260688781738
generation,5725,64.0500009059906,15.044658660888672,57.510000467300415,16.456565856933594
generation,5726,64.0500009059906,14.617337226867676,58.559995889663696,15.778554916381836
generation,5727,63.200002908706665,16.324846267700195,58.45000147819519,16.397790908813477
generation,5728,63.05000185966492,15.87218952178955,58.230000734329224,16.4982967376709
generation,5729,63.80000114440918,14.65548038482666,58.25999975204468,15.899487495422363
generation,5730,64.25000429153442,14.3838472366333,58.069998025894165,16.272953033447266
generation,5731,63.40000033378601,14.933642387390137,58.66999626159668,16.188316345214844
generation,5732,61.650002002716064,16.483755111694336,58.230000734329224,16.530488967895508
generation,5733,65.70000052452087,14.307060241699219,57.85999894142151,16.7266788482666
generation,5734,63.80000114440918,15.661879539489746,57.8499972820282,16.844512939453125
generation,5735,63.30000162124634,15.412299156188965,58.090001344680786,16.898330688476562
generation,5736,63.30000162124634,14.647773742675781,58.9199960231781,16.184505462646484
generation,5737,65.15000462532043,13.747939109802246,58.60999822616577,15.96702766418457
generation,5738,63.90000581741333,15.29134464263916,59.18999910354614,16.170244216918945
generation,5739,63.70000243186951,14.86010456085205,58.789998292922974,15.968029975891113
generation,5740,65.9500002861023,14.180012702941895,58.43999981880188,16.11229133605957
generation,5741,62.35000491142273,15.565716743469238,58.61999988555908,16.252492904663086
generation,5742,63.850003480911255,15.107544898986816,59.00999903678894,16.03818702697754
generation,5743,65.30000567436218,13.932640075683594,58.789998292922974,16.092493057250977
generation,5744,63.75000476837158,14.667764663696289,59.50999855995178,15.503250122070312
generation,5745,64.25000429153442,14.35568904876709,58.469998836517334,16.53447723388672
generation,5746,65.05000591278076,14.866496086120605,58.27000141143799,16.686864852905273
generation,5747,64.50000405311584,13.33206558227539,58.559995889663696,15.530437469482422
generation,5748,64.75000381469727,13.941902160644531,58.66999626159668,15.777777671813965
generation,5749,62.4500036239624,15.15079402923584,58.25999975204468,16.02046012878418
generation,5750,63.850003480911255,14.874220848083496,58.149999380111694,16.143939971923828
generation,5751,64.15000557899475,14.327947616577148,58.230000734329224,15.831940650939941
generation,5752,62.150001525878906,15.746773719787598,58.35999846458435,15.923164367675781
generation,5753,63.80000114440918,14.992232322692871,58.2099974155426,16.675582885742188
generation,5754,63.00000548362732,16.623525619506836,59.039998054504395,16.5705509185791
generation,5755,62.800002098083496,15.580658912658691,58.92999768257141,16.222064971923828
generation,5756,64.000004529953,16.055282592773438,58.19999575614929,16.77468490600586
generation,5757,62.05000281333923,15.400391578674316,58.9199960231781,16.085796356201172
generation,5758,62.90000081062317,15.106250762939453,58.28999876976013,16.338768005371094
generation,5759,63.30000162124634,15.018202781677246,58.81999731063843,16.32929229736328
generation,5760,63.75000476837158,14.942046165466309,58.379995822906494,16.19095230102539
generation,5761,62.60000467300415,15.527056694030762,58.48999619483948,16.179162979125977
generation,5762,63.40000033378601,14.999528884887695,58.10999870300293,15.97612476348877
generation,5763,63.600003719329834,14.979164123535156,58.52000117301941,16.030029296875
generation,5764,63.70000243186951,14.416899681091309,58.43999981880188,15.842340469360352
generation,5765,64.70000147819519,14.965178489685059,58.48999619483948,15.773305892944336
generation,5766,64.50000405311584,14.308818817138672,58.52000117301941,16.030029296875
generation,5767,65.20000100135803,14.65173053741455,58.10999870300293,16.257246017456055
generation,5768,62.5,16.482784271240234,58.23999643325806,16.53341293334961
generation,5769,64.15000557899475,15.300621032714844,58.93999934196472,15.889043807983398
generation,5770,65.85000157356262,13.717411041259766,58.059996366500854,16.259685516357422
generation,5771,64.45000171661377,15.153387069702148,58.34000110626221,16.228235244750977
generation,5772,62.40000128746033,15.436101913452148,58.45999717712402,16.186689376831055
generation,5773,62.65000104904175,16.140708923339844,58.60999822616577,16.02537727355957
generation,5774,63.80000114440918,13.937983512878418,58.84000062942505,16.11871337890625
generation,5775,63.600003719329834,14.554677963256836,58.88000130653381,16.18683433532715
generation,5776,63.200002908706665,15.25424861907959,58.379995822906494,16.40699577331543
generation,5777,64.95000123977661,14.02824878692627,58.37000012397766,16.111722946166992
generation,5778,63.450002670288086,15.794053077697754,57.83999562263489,16.84564208984375
generation,5779,65.30000567436218,13.81693172454834,58.60999822616577,15.946905136108398
generation,5780,63.30000162124634,14.581153869628906,58.66999626159668,16.087373733520508
generation,5781,64.3500030040741,14.334842681884766,58.319997787475586,16.481595993041992
generation,5782,64.45000171661377,15.635477066040039,58.230000734329224,16.55217742919922
generation,5783,63.00000548362732,15.321781158447266,58.03999900817871,16.316347122192383
generation,5784,63.50000500679016,15.624659538269043,58.12999606132507,16.665197372436523
generation,5785,64.30000066757202,15.164449691772461,58.49999785423279,15.92741584777832
generation,5786,63.80000114440918,14.832245826721191,58.84000062942505,15.929672241210938
generation,5787,62.90000081062317,14.537396430969238,58.0299973487854,16.304475784301758
generation,5788,61.500000953674316,15.530438423156738,58.230000734329224,16.49144172668457
generation,5789,63.05000185966492,15.05966854095459,58.53999853134155,16.5363826751709
generation,5790,65.20000100135803,13.860095024108887,58.059996366500854,16.492353439331055
generation,5791,62.25000023841858,16.0610408782959,58.17999839782715,16.663042068481445
generation,5792,64.3500030040741,14.347844123840332,57.989996671676636,16.33936309814453
generation,5793,62.35000491142273,15.404484748840332,58.98999571800232,16.00625228881836
generation,5794,64.40000534057617,14.818294525146484,58.53999853134155,15.907096862792969
generation,5795,64.25000429153442,14.068235397338867,58.53999853134155,15.907096862792969
generation,5796,63.450002670288086,14.629021644592285,58.12999606132507,16.366334915161133
generation,5797,64.30000066757202,14.30773639678955,58.789998292922974,16.07511329650879
generation,5798,64.70000147819519,14.348762512207031,58.379995822906494,16.57113265991211
generation,5799,62.65000104904175,14.86727237701416,58.559995889663696,16.071664810180664
generation,5800,64.0500009059906,14.800966262817383,58.230000734329224,15.891929626464844
generation,5801,64.0500009059906,14.906764030456543,58.84999632835388,16.6081600189209
generation,5802,63.200002908706665,15.338705062866211,58.80999565124512,15.996556282043457
generation,5803,63.90000581741333,14.551840782165527,58.719998598098755,16.32988739013672
generation,5804,64.90000486373901,14.8806734085083,58.12999606132507,16.600156784057617
generation,5805,66.05000495910645,14.205941200256348,58.75999927520752,16.094383239746094
generation,5806,63.70000243186951,14.566771507263184,59.17999744415283,15.882792472839355
generation,5807,64.40000534057617,14.79916763305664,58.59000086784363,16.589433670043945
generation,5808,63.850003480911255,13.729912757873535,58.59999656677246,15.891797065734863
generation,5809,62.25000023841858,15.023760795593262,58.84999632835388,15.76272964477539
generation,5810,63.00000548362732,15.674017906188965,58.56999754905701,16.326208114624023
generation,5811,64.70000147819519,14.220518112182617,58.66999626159668,16.13258171081543
generation,5812,63.40000033378601,15.77924919128418,58.629995584487915,16.224735260009766
generation,5813,63.00000548362732,15.334723472595215,58.59999656677246,16.176118850708008
generation,5814,63.65000009536743,14.528203010559082,58.59000086784363,15.57397174835205
generation,5815,64.90000486373901,14.647966384887695,58.45999717712402,16.47650146484375
generation,5816,64.10000324249268,14.884345054626465,58.399999141693115,16.731979370117188
generation,5817,61.75000071525574,15.508194923400879,58.49999785423279,16.619733810424805
generation,5818,64.000004529953,14.910144805908203,58.079999685287476,16.49431610107422
generation,5819,64.25000429153442,14.578140258789062,58.59000086784363,16.169025421142578
generation,5820,63.15000057220459,14.721955299377441,57.989996671676636,16.770366668701172
generation,5821,63.95000219345093,14.32685375213623,58.92999768257141,15.928951263427734
generation,5822,62.35000491142273,15.580826759338379,58.41999650001526,15.886665344238281
generation,5823,64.65000510215759,14.029016494750977,58.309996128082275,15.915002822875977
generation,5824,64.45000171661377,14.77274227142334,58.77999663352966,16.157007217407227
generation,5825,64.55000042915344,14.51012897491455,58.82999897003174,15.57491683959961
generation,5826,61.650002002716064,15.891676902770996,59.02000069618225,16.261661529541016
generation,5827,64.10000324249268,14.837210655212402,58.67999792098999,16.31739616394043
generation,5828,64.000004529953,13.542659759521484,58.82999897003174,15.57491683959961
generation,5829,63.850003480911255,15.130594253540039,58.709996938705444,16.02332878112793
generation,5830,63.70000243186951,15.838552474975586,58.85999798774719,16.292238235473633
generation,5831,63.75000476837158,13.952153205871582,58.89999866485596,16.14984703063965
generation,5832,64.0500009059906,15.388322830200195,58.56999754905701,16.45349884033203
generation,5833,62.05000281333923,15.733281135559082,58.57999920845032,16.0867977142334
generation,5834,63.90000581741333,14.883013725280762,58.88999700546265,16.617706298828125
generation,5835,63.30000162124634,14.69334602355957,58.789998292922974,16.028871536254883
generation,5836,64.10000324249268,14.540058135986328,58.41999650001526,15.870508193969727
generation,5837,63.35000395774841,13.95768928527832,57.829999923706055,15.86076831817627
generation,5838,63.30000162124634,14.872664451599121,59.689998626708984,15.860857963562012
generation,5839,64.85000252723694,14.048369407653809,59.0999960899353,15.680757522583008
generation,5840,63.95000219345093,14.65799331665039,58.67999792098999,16.34156608581543
generation,5841,62.65000104904175,15.993782997131348,58.61999988555908,16.528045654296875
generation,5842,63.75000476837158,15.24329662322998,58.93999934196472,16.52025032043457
generation,5843,62.800002098083496,16.176544189453125,58.84000062942505,16.270784378051758
generation,5844,65.20000100135803,14.351202011108398,58.52999687194824,16.470460891723633
generation,5845,62.90000081062317,15.288300514221191,58.559995889663696,16.63164710998535
generation,5846,64.55000042915344,14.982827186584473,58.2099974155426,16.28338623046875
generation,5847,63.70000243186951,15.65719985961914,58.10999870300293,16.758068084716797
generation,5848,62.550002336502075,15.615549087524414,59.16000008583069,15.907576560974121
generation,5849,62.70000338554382,15.298648834228516,58.43999981880188,16.129100799560547
generation,5850,62.7500057220459,14.745790481567383,58.84999632835388,15.753681182861328
generation,5851,62.5,15.14686393737793,58.3299994468689,16.582359313964844
generation,5852,65.80000519752502,12.831366539001465,58.43999981880188,16.129100799560547
generation,5853,64.50000405311584,14.333317756652832,58.10999870300293,16.174560546875
generation,5854,65.80000519752502,13.914891242980957,58.309996128082275,16.670488357543945
generation,5855,64.60000276565552,13.873713493347168,58.88999700546265,15.96944808959961
generation,5856,63.50000500679016,15.712623596191406,59.06999707221985,15.748832702636719
generation,5857,63.40000033378601,15.102704048156738,59.54999923706055,15.871370315551758
generation,5858,62.7500057220459,14.584660530090332,59.06999707221985,15.748832702636719
generation,5859,63.75000476837158,14.793503761291504,59.130001068115234,16.236438751220703
generation,5860,64.70000147819519,14.363410949707031,59.06999707221985,15.748832702636719
generation,5861,62.4500036239624,15.00456714630127,58.84999632835388,16.334396362304688
generation,5862,63.00000548362732,16.077640533447266,58.77000093460083,16.038644790649414
generation,5863,63.55000138282776,16.305889129638672,58.799999952316284,16.198593139648438
generation,5864,63.05000185966492,14.444982528686523,58.37000012397766,16.06467056274414
generation,5865,63.850003480911255,15.18293285369873,58.379995822906494,16.546916961669922
generation,5866,63.450002670288086,14.433460235595703,58.85999798774719,15.894518852233887
generation,5867,64.15000557899475,14.682587623596191,58.43999981880188,16.55605697631836
generation,5868,64.0500009059906,14.498893737792969,58.23999643325806,15.93213939666748
generation,5869,64.000004529953,14.266071319580078,58.5099995136261,16.007993698120117
generation,5870,62.60000467300415,15.9954252243042,59.17999744415283,16.209985733032227
generation,5871,64.50000405311584,14.527730941772461,57.819998264312744,16.969371795654297
generation,5872,63.850003480911255,15.440573692321777,58.7399959564209,16.50827407836914
generation,5873,63.65000009536743,15.344782829284668,58.49999785423279,16.197444915771484
generation,5874,62.7500057220459,16.450904846191406,58.53999853134155,16.93861961364746
generation,5875,64.10000324249268,15.639455795288086,58.230000734329224,16.589208602905273
generation,5876,64.65000510215759,14.055110931396484,58.85999798774719,15.7219877243042
generation,5877,65.05000591278076,14.682914733886719,58.21999907493591,16.523212432861328
generation,5878,63.10000419616699,14.150276184082031,59.42999720573425,16.050331115722656
generation,5879,64.10000324249268,15.200517654418945,58.730000257492065,16.40089225769043
generation,5880,66.00000262260437,13.698161125183105,58.969998359680176,15.980400085449219
generation,5881,64.3500030040741,14.511253356933594,58.88999700546265,15.966890335083008
generation,5882,63.850003480911255,14.434881210327148,59.07999873161316,15.922991752624512
generation,5883,63.35000395774841,14.402519226074219,59.130001068115234,16.078622817993164
generation,5884,63.25000524520874,14.910889625549316,58.27999711036682,16.39983367919922
generation,5885,64.40000534057617,14.873329162597656,58.35999846458435,16.97327423095703
generation,5886,64.90000486373901,14.312145233154297,58.59000086784363,16.27593421936035
generation,5887,62.800002098083496,14.882160186767578,58.85999798774719,16.21633529663086
generation,5888,63.00000548362732,15.284634590148926,58.77999663352966,16.024356842041016
generation,5889,63.95000219345093,15.506731033325195,58.410000801086426,16.700355529785156
generation,5890,64.80000019073486,14.189038276672363,58.92999768257141,16.242374420166016
generation,5891,65.15000462532043,13.829385757446289,59.029996395111084,15.834811210632324
generation,5892,63.850003480911255,14.168412208557129,59.029996395111084,15.834811210632324
generation,5893,62.60000467300415,15.682944297790527,59.09000039100647,16.20806121826172
generation,5894,63.25000524520874,15.031912803649902,58.45999717712402,16.50543785095215
generation,5895,62.35000491142273,16.22344207763672,57.94000029563904,17.074739456176758
generation,5896,63.15000057220459,14.531522750854492,59.02000069618225,16.18731117248535
generation,5897,62.800002098083496,15.519152641296387,58.7399959564209,16.708898544311523
generation,5898,63.55000138282776,14.977261543273926,59.16999578475952,16.530113220214844
generation,5899,64.60000276565552,13.57114315032959,58.88000130653381,15.59626293182373
generation,5900,64.10000324249268,14.412952423095703,58.42999815940857,16.75020980834961
generation,5901,65.10000228881836,14.31423568725586,59.16999578475952,16.530113220214844
generation,5902,64.60000276565552,14.574617385864258,59.049999713897705,16.211217880249023
generation,5903,65.15000462532043,13.089116096496582,58.85999798774719,15.974770545959473
generation,5904,64.000004529953,14.939313888549805,58.99999737739563,15.882023811340332
generation,5905,62.25000023841858,15.459185600280762,58.19000005722046,15.631064414978027
generation,5906,65.10000228881836,14.233382225036621,58.84000062942505,15.946932792663574
generation,5907,63.80000114440918,15.136042594909668,58.399999141693115,15.983060836791992
generation,5908,64.60000276565552,14.421687126159668,58.799999952316284,16.329151153564453
generation,5909,63.90000581741333,14.539649963378906,58.75999927520752,15.582773208618164
generation,5910,64.60000276565552,15.493264198303223,58.799999952316284,16.446699142456055
generation,5911,64.95000123977661,13.940711975097656,58.53999853134155,16.18480682373047
generation,5912,63.70000243186951,14.613543510437012,58.53999853134155,16.18480682373047
generation,5913,62.4500036239624,15.109063148498535,58.730000257492065,16.54134178161621
generation,5914,64.15000557899475,13.9718599319458,58.99999737739563,15.615647315979004
generation,5915,64.80000019073486,14.34801197052002,58.80999565124512,16.490947723388672
generation,5916,63.55000138282776,15.546372413635254,58.37000012397766,16.12046241760254
generation,5917,63.80000114440918,14.811982154846191,59.289997816085815,16.136157989501953
generation,5918,63.75000476837158,14.447659492492676,58.5099995136261,16.760866165161133
generation,5919,63.15000057220459,15.099970817565918,58.60999822616577,16.326824188232422
generation,5920,64.30000066757202,14.740829467773438,58.48999619483948,16.44156837463379
generation,5921,64.10000324249268,15.12796401977539,59.22999978065491,16.018802642822266
generation,5922,64.60000276565552,14.721057891845703,58.03999900817871,17.1083984375
generation,5923,64.65000510215759,14.604230880737305,58.35999846458435,16.109725952148438
generation,5924,64.70000147819519,15.331911087036133,58.77000093460083,16.58661651611328
generation,5925,64.20000195503235,15.298272132873535,58.56999754905701,16.264419555664062
generation,5926,65.10000228881836,13.572010040283203,58.959996700286865,15.987221717834473
generation,5927,62.4500036239624,16.86741828918457,58.41999650001526,16.737369537353516
generation,5928,63.25000524520874,15.435812950134277,58.57999920845032,16.259674072265625
generation,5929,64.3500030040741,14.46213436126709,58.789998292922974,16.14525032043457
generation,5930,64.45000171661377,15.018569946289062,58.66999626159668,16.2214412689209
generation,5931,64.20000195503235,13.84229850769043,58.8699996471405,15.592700004577637
generation,5932,63.70000243186951,16.23457145690918,58.059996366500854,15.998509407043457
generation,5933,64.25000429153442,15.396809577941895,58.639997243881226,16.233869552612305
generation,5934,64.50000405311584,14.335053443908691,58.49999785423279,15.894207954406738
generation,5935,64.65000510215759,14.40050983428955,59.130001068115234,15.919140815734863
generation,5936,64.3500030040741,15.562199592590332,59.049999713897705,15.973092079162598
generation,5937,64.75000381469727,14.527982711791992,58.91000032424927,16.190120697021484
generation,5938,65.10000228881836,13.98421859741211,59.049999713897705,15.973092079162598
generation,5939,64.0500009059906,14.80428695678711,58.60999822616577,16.047691345214844
generation,5940,64.45000171661377,14.551277160644531,58.77000093460083,16.299222946166992
generation,5941,63.65000009536743,16.17790412902832,58.379995822906494,15.86925983428955
generation,5942,63.40000033378601,15.087149620056152,58.89999866485596,15.975725173950195
generation,5943,63.95000219345093,15.241353988647461,59.10999774932861,16.207883834838867
generation,5944,65.00000357627869,14.309568405151367,58.980000019073486,16.078229904174805
generation,5945,64.000004529953,14.069117546081543,58.89999866485596,15.975725173950195
generation,5946,63.450002670288086,15.182699203491211,58.789998292922974,16.230886459350586
generation,5947,62.7500057220459,15.667939186096191,58.99999737739563,16.174306869506836
generation,5948,64.000004529953,15.01436710357666,58.719998598098755,16.053014755249023
generation,5949,64.55000042915344,14.436507225036621,58.95000100135803,16.145278930664062
generation,5950,64.3500030040741,14.175920486450195,58.52000117301941,15.890542030334473
generation,5951,62.800002098083496,15.272552490234375,59.31999683380127,16.05158042907715
generation,5952,65.10000228881836,14.091240882873535,58.639997243881226,16.285097122192383
generation,5953,62.90000081062317,15.94625473022461,59.130001068115234,16.554668426513672
generation,5954,63.00000548362732,14.870744705200195,58.139997720718384,16.29523277282715
generation,5955,63.80000114440918,14.968286514282227,58.82999897003174,16.36370086669922
generation,5956,62.5,15.79220962524414,57.77999758720398,16.34893226623535
generation,5957,65.6000018119812,12.888699531555176,58.61999988555908,15.811037063598633
generation,5958,65.15000462532043,14.129057884216309,58.82999897003174,16.36370086669922
generation,5959,63.95000219345093,14.677860260009766,58.56999754905701,16.336463928222656
generation,5960,63.600003719329834,15.119969367980957,58.75999927520752,15.954231262207031
generation,5961,63.25000524520874,15.10838508605957,58.82999897003174,16.04999542236328
generation,5962,64.15000557899475,14.580747604370117,59.09000039100647,16.180633544921875
generation,5963,64.60000276565552,14.336987495422363,59.24000144004822,16.06377410888672
generation,5964,62.85000443458557,14.71986198425293,58.6899995803833,16.04075050354004
generation,5965,63.95000219345093,15.00333023071289,58.629995584487915,16.253511428833008
generation,5966,64.3500030040741,15.518875122070312,58.82999897003174,16.04999542236328
generation,5967,63.80000114440918,14.837934494018555,59.31000113487244,16.37586784362793
generation,5968,64.45000171661377,14.4855375289917,59.119999408721924,15.616851806640625
generation,5969,64.50000405311584,14.769883155822754,59.09000039100647,16.34473991394043
generation,5970,62.90000081062317,15.861230850219727,59.31999683380127,15.993107795715332
generation,5971,64.50000405311584,14.779043197631836,58.77000093460083,16.40001106262207
generation,5972,65.45000076293945,14.617203712463379,58.84999632835388,16.561603546142578
generation,5973,64.15000557899475,14.738712310791016,58.88000130653381,16.36517333984375
generation,5974,64.70000147819519,14.948402404785156,59.43999886512756,15.724499702453613
generation,5975,63.450002670288086,14.784883499145508,59.039998054504395,16.368663787841797
generation,5976,63.90000581741333,15.810717582702637,59.06999707221985,16.029800415039062
generation,5977,63.70000243186951,14.991273880004883,58.88000130653381,15.887374877929688
generation,5978,62.950003147125244,15.003833770751953,59.06999707221985,16.60097312927246
generation,5979,64.30000066757202,14.950197219848633,58.52999687194824,16.50264549255371
generation,5980,62.70000338554382,15.216779708862305,58.66999626159668,15.828164100646973
generation,5981,64.25000429153442,15.481118202209473,58.85999798774719,16.19158363342285
generation,5982,63.850003480911255,15.160726547241211,58.66999626159668,16.105192184448242
generation,5983,64.10000324249268,15.298778533935547,59.31000113487244,15.894140243530273
generation,5984,65.15000462532043,14.587480545043945,59.02000069618225,16.37431526184082
generation,5985,63.15000057220459,15.069710731506348,58.98999571800232,16.047935485839844
generation,5986,63.95000219345093,14.083090782165527,58.980000019073486,15.872526168823242
generation,5987,62.950003147125244,15.427631378173828,59.14999842643738,16.00950050354004
generation,5988,65.5500054359436,13.863521575927734,58.379995822906494,16.343204498291016
generation,5989,64.85000252723694,13.887831687927246,58.70000123977661,16.184186935424805
generation,5990,65.25000333786011,14.735766410827637,58.969998359680176,16.280492782592773
generation,5991,64.30000066757202,15.591691970825195,58.66000056266785,16.466053009033203
generation,5992,64.50000405311584,14.328651428222656,58.88999700546265,15.648493766784668
generation,5993,65.05000591278076,13.734432220458984,58.70000123977661,16.29197883605957
generation,5994,64.70000147819519,13.718998908996582,58.55000019073486,16.0888671875
generation,5995,64.65000510215759,14.798253059387207,58.77000093460083,16.249958038330078
generation,5996,64.55000042915344,14.770442008972168,58.3299994468689,16.351436614990234
generation,5997,63.10000419616699,15.424689292907715,58.92999768257141,15.900395393371582
generation,5998,63.05000185966492,15.307289123535156,58.789998292922974,16.050331115722656
generation,5999,64.60000276565552,14.064319610595703,58.789998292922974,16.050331115722656
generation,6000,63.80000114440918,15.143467903137207,58.730000257492065,16.307178497314453
generation,6001,64.95000123977661,15.181574821472168,58.469998836517334,16.608186721801758
generation,6002,63.80000114440918,15.779007911682129,58.92999768257141,16.089078903198242
generation,6003,64.0500009059906,15.29552173614502,58.969998359680176,16.079484939575195
generation,6004,62.950003147125244,15.952112197875977,58.56999754905701,16.445650100708008
generation,6005,64.65000510215759,14.60888957977295,59.25999879837036,15.924217224121094
generation,6006,62.5,15.474244117736816,58.66999626159668,16.046049118041992
generation,6007,63.80000114440918,14.721226692199707,58.469998836517334,15.821601867675781
generation,6008,64.45000171661377,15.574878692626953,58.559995889663696,16.737918853759766
generation,6009,63.05000185966492,15.117146492004395,58.139997720718384,16.63847541809082
generation,6010,62.90000081062317,16.7490234375,58.98999571800232,16.467355728149414
generation,6011,63.850003480911255,14.780091285705566,58.66999626159668,16.09766387939453
generation,6012,62.20000386238098,15.235403060913086,59.299999475479126,16.198284149169922
generation,6013,61.250001192092896,16.016353607177734,59.25999879837036,15.58383560180664
generation,6014,62.90000081062317,15.122413635253906,58.89999866485596,16.166391372680664
generation,6015,64.50000405311584,13.605308532714844,59.25999879837036,16.193450927734375
generation,6016,63.450002670288086,15.081639289855957,58.980000019073486,15.979545593261719
generation,6017,64.30000066757202,15.0537748336792,58.160001039505005,16.656251907348633
generation,6018,64.60000276565552,15.144906997680664,59.209996461868286,16.21404457092285
generation,6019,61.500000953674316,15.379684448242188,58.92999768257141,16.033878326416016
generation,6020,64.40000534057617,14.683794975280762,58.61999988555908,16.15480613708496
generation,6021,64.15000557899475,15.188127517700195,58.24999809265137,16.556293487548828
generation,6022,63.25000524520874,15.741348266601562,58.8699996471405,16.376968383789062
generation,6023,64.60000276565552,14.289511680603027,59.0999960899353,16.148284912109375
generation,6024,63.90000581741333,14.584336280822754,58.57999920845032,15.75560474395752
generation,6025,62.85000443458557,15.372121810913086,58.49999785423279,16.10508155822754
generation,6026,63.70000243186951,15.094520568847656,58.80999565124512,16.495729446411133
generation,6027,63.200002908706665,16.155860900878906,58.649998903274536,16.204193115234375
generation,6028,64.90000486373901,14.52826976776123,58.8699996471405,16.166650772094727
generation,6029,63.90000581741333,15.34937572479248,59.49999690055847,16.12044906616211
generation,6030,61.500000953674316,15.265464782714844,58.649998903274536,16.089956283569336
generation,6031,64.75000381469727,14.280637741088867,58.719998598098755,16.158226013183594
generation,6032,64.80000019073486,14.688281059265137,58.49999785423279,16.34105110168457
generation,6033,64.95000123977661,14.013586044311523,59.07999873161316,16.001991271972656
generation,6034,64.50000405311584,14.728106498718262,58.709996938705444,16.210224151611328
generation,6035,63.30000162124634,15.553522109985352,58.34999680519104,16.30379295349121
generation,6036,64.65000510215759,15.280216217041016,57.999998331069946,16.41415023803711
generation,6037,64.75000381469727,14.140721321105957,58.75999927520752,15.907354354858398
generation,6038,65.45000076293945,14.945265769958496,58.799999952316284,16.397151947021484
generation,6039,63.600003719329834,15.488160133361816,58.16999673843384,16.408052444458008
generation,6040,64.70000147819519,13.955760955810547,59.0999960899353,15.957063674926758
generation,6041,62.65000104904175,15.03506088256836,58.99999737739563,15.893059730529785
generation,6042,63.70000243186951,15.40584659576416,58.84999632835388,16.554529190063477
generation,6043,65.00000357627869,14.166756629943848,58.789998292922974,16.479366302490234
generation,6044,62.10000514984131,16.797443389892578,58.45000147819519,16.671859741210938
generation,6045,64.45000171661377,13.630644798278809,58.27000141143799,15.906387329101562
generation,6046,64.30000066757202,14.207122802734375,58.57999920845032,16.276208877563477
generation,6047,65.25000333786011,14.713153839111328,58.7399959564209,16.06709861755371
generation,6048,62.40000128746033,15.135801315307617,58.53999853134155,16.097604751586914
generation,6049,62.40000128746033,15.13810920715332,58.82999897003174,15.867471694946289
generation,6050,64.000004529953,15.234245300292969,59.029996395111084,15.771797180175781
generation,6051,63.50000500679016,15.633615493774414,58.19000005722046,16.43549919128418
generation,6052,62.150001525878906,15.028718948364258,59.209996461868286,15.393107414245605
generation,6053,64.80000019073486,13.802589416503906,58.53999853134155,15.813517570495605
generation,6054,63.35000395774841,15.498119354248047,59.14999842643738,15.944448471069336
generation,6055,63.90000581741333,14.743865966796875,58.67999792098999,16.39101791381836
generation,6056,63.90000581741333,14.688358306884766,58.379995822906494,16.178224563598633
generation,6057,62.950003147125244,15.716069221496582,58.410000801086426,15.809870719909668
generation,6058,64.70000147819519,14.403599739074707,58.88999700546265,15.743274688720703
generation,6059,64.20000195503235,14.318294525146484,58.85999798774719,15.70944881439209
generation,6060,63.00000548362732,14.674760818481445,58.969998359680176,15.927668571472168
generation,6061,64.80000019073486,14.599037170410156,58.85999798774719,15.70944881439209
generation,6062,62.65000104904175,15.358905792236328,58.9199960231781,16.186250686645508
generation,6063,63.90000581741333,14.00391674041748,58.49999785423279,15.854982376098633
generation,6064,64.40000534057617,15.204719543457031,58.55000019073486,16.321163177490234
generation,6065,64.25000429153442,14.348830223083496,58.99999737739563,15.76004695892334
generation,6066,62.60000467300415,16.112138748168945,58.639997243881226,15.933212280273438
generation,6067,63.50000500679016,15.591832160949707,58.56999754905701,16.53067398071289
generation,6068,64.0500009059906,14.515409469604492,58.75999927520752,16.1394100189209
generation,6069,63.25000524520874,15.146187782287598,58.45000147819519,16.12851905822754
generation,6070,63.95000219345093,14.3106107711792,58.45000147819519,16.21422576904297
generation,6071,63.30000162124634,14.643610954284668,59.609997272491455,15.63297176361084
generation,6072,64.10000324249268,14.417925834655762,58.37000012397766,16.07895851135254
generation,6073,62.65000104904175,15.175461769104004,58.84000062942505,15.526939392089844
generation,6074,64.15000557899475,14.959146499633789,59.029996395111084,15.766995429992676
generation,6075,65.15000462532043,14.112325668334961,58.09999704360962,16.63667106628418
generation,6076,63.200002908706665,14.528355598449707,58.89999866485596,15.86072063446045
generation,6077,63.35000395774841,15.53685474395752,58.52999687194824,16.1912784576416
generation,6078,62.85000443458557,15.838699340820312,58.56999754905701,15.84243106842041
generation,6079,64.15000557899475,15.477596282958984,59.119999408721924,15.63634967803955
generation,6080,64.15000557899475,14.972624778747559,58.52000117301941,16.18039321899414
generation,6081,65.85000157356262,13.88319206237793,59.52000021934509,15.991450309753418
generation,6082,61.75000071525574,16.254913330078125,59.25999879837036,15.919848442077637
generation,6083,63.95000219345093,14.731999397277832,58.12000036239624,16.372453689575195
generation,6084,63.30000162124634,14.358882904052734,59.52000021934509,15.991450309753418
generation,6085,63.90000581741333,15.072090148925781,58.27000141143799,16.38735580444336
generation,6086,64.65000510215759,14.409478187561035,58.67999792098999,16.139936447143555
generation,6087,64.25000429153442,14.80749797821045,58.81999731063843,15.849357604980469
generation,6088,65.00000357627869,13.734070777893066,59.130001068115234,15.830159187316895
generation,6089,63.30000162124634,15.234701156616211,58.75999927520752,16.339345932006836
generation,6090,62.300002574920654,15.968866348266602,58.559995889663696,16.61937713623047
generation,6091,64.30000066757202,15.013235092163086,59.2199981212616,16.256954193115234
generation,6092,65.65000414848328,14.33044147491455,58.30000042915344,16.631513595581055
generation,6093,63.50000500679016,14.861781120300293,58.81999731063843,15.566056251525879
generation,6094,64.15000557899475,14.664128303527832,58.23999643325806,15.916976928710938
generation,6095,64.15000557899475,15.028644561767578,59.10999774932861,16.085948944091797
generation,6096,63.25000524520874,15.066773414611816,58.93999934196472,16.12534523010254
generation,6097,64.10000324249268,14.326887130737305,58.56999754905701,16.06820297241211
generation,6098,64.70000147819519,15.148856163024902,58.34999680519104,16.635414123535156
generation,6099,64.75000381469727,13.482268333435059,58.05000066757202,15.997459411621094
generation,6100,64.40000534057617,15.320121765136719,58.77000093460083,16.27505874633789
generation,6101,63.200002908706665,14.673422813415527,58.8699996471405,15.626008033752441
generation,6102,63.40000033378601,15.01375675201416,58.27000141143799,16.25678825378418
generation,6103,65.05000591278076,14.790970802307129,58.70000123977661,16.24200439453125
generation,6104,65.10000228881836,13.80846881866455,59.06999707221985,15.688565254211426
generation,6105,62.800002098083496,14.491436958312988,59.130001068115234,16.12583351135254
generation,6106,64.80000019073486,13.937695503234863,58.28999876976013,15.819602012634277
generation,6107,63.80000114440918,13.820596694946289,58.719998598098755,15.675698280334473
generation,6108,63.65000009536743,15.225751876831055,58.67999792098999,16.42999839782715
generation,6109,63.90000581741333,15.214489936828613,58.649998903274536,15.641834259033203
generation,6110,63.90000581741333,14.958869934082031,58.77000093460083,16.521692276000977
generation,6111,63.35000395774841,15.663050651550293,58.53999853134155,15.99039077758789
generation,6112,64.50000405311584,14.215785026550293,58.42999815940857,16.252920150756836
generation,6113,64.50000405311584,14.313775062561035,58.9199960231781,16.190256118774414
generation,6114,63.850003480911255,15.573740005493164,58.91000032424927,16.10516357421875
generation,6115,64.25000429153442,14.510436058044434,59.13999676704407,16.553173065185547
generation,6116,65.6000018119812,13.80911636352539,59.14999842643738,15.970316886901855
generation,6117,62.5,15.561657905578613,59.14999842643738,15.970316886901855
generation,6118,64.45000171661377,14.410113334655762,58.969998359680176,16.477794647216797
generation,6119,64.45000171661377,14.684918403625488,58.969998359680176,16.06093406677246
generation,6120,64.95000123977661,13.586122512817383,58.61999988555908,16.233489990234375
generation,6121,63.15000057220459,14.911978721618652,58.27000141143799,16.179460525512695
generation,6122,64.0500009059906,14.49785041809082,59.14999842643738,16.01361083984375
generation,6123,63.600003719329834,14.716207504272461,58.92999768257141,16.05510139465332
generation,6124,64.0500009059906,14.160662651062012,58.81999731063843,15.984848022460938
generation,6125,65.85000157356262,14.035970687866211,59.209996461868286,16.60518455505371
generation,6126,63.40000033378601,15.190601348876953,58.45000147819519,16.094532012939453
generation,6127,66.2000060081482,13.453353881835938,59.14999842643738,16.086172103881836
generation,6128,64.30000066757202,14.85423469543457,58.70000123977661,16.26420021057129
generation,6129,64.45000171661377,15.015735626220703,58.629995584487915,16.540271759033203
generation,6130,63.00000548362732,15.252577781677246,58.92999768257141,16.13552474975586
generation,6131,62.800002098083496,16.334909439086914,58.410000801086426,16.672901153564453
generation,6132,65.20000100135803,14.78011417388916,58.59999656677246,16.2344970703125
generation,6133,65.35000205039978,13.522573471069336,58.410000801086426,15.949859619140625
generation,6134,65.40000438690186,13.870254516601562,58.34999680519104,16.225141525268555
generation,6135,66.15000367164612,12.774566650390625,58.98999571800232,15.771883964538574
generation,6136,65.10000228881836,14.602795600891113,58.84999632835388,16.520015716552734
generation,6137,63.600003719329834,14.236433029174805,59.32999849319458,16.01390838623047
generation,6138,64.3500030040741,14.237387657165527,58.8699996471405,16.377347946166992
generation,6139,63.15000057220459,15.594450950622559,58.81999731063843,15.80195426940918
generation,6140,63.200002908706665,15.449377059936523,58.91000032424927,16.534130096435547
generation,6141,63.50000500679016,14.765501022338867,58.45000147819519,16.084352493286133
generation,6142,65.40000438690186,13.507308959960938,58.709996938705444,15.681063652038574
generation,6143,64.70000147819519,15.615641593933105,58.91000032424927,16.097787857055664
generation,6144,63.95000219345093,15.008100509643555,59.31999683380127,16.079551696777344
generation,6145,63.450002670288086,14.361428260803223,59.06999707221985,15.960822105407715
generation,6146,65.15000462532043,14.897729873657227,58.98999571800232,16.343135833740234
generation,6147,63.70000243186951,14.572885513305664,58.3299994468689,15.876093864440918
generation,6148,62.7500057220459,15.016965866088867,58.730000257492065,16.450544357299805
generation,6149,62.800002098083496,15.859055519104004,59.2199981212616,15.994287490844727
generation,6150,64.30000066757202,13.842057228088379,58.649998903274536,16.192279815673828
generation,6151,64.40000534057617,14.509359359741211,58.55000019073486,16.38035011291504
generation,6152,64.20000195503235,14.844412803649902,58.410000801086426,16.09184455871582
generation,6153,62.40000128746033,15.00013542175293,59.00999903678894,15.894820213317871
generation,6154,64.75000381469727,15.25320816040039,58.789998292922974,16.077320098876953
generation,6155,64.75000381469727,14.145485877990723,58.34999680519104,16.299097061157227
generation,6156,64.25000429153442,14.371477127075195,59.10999774932861,15.678192138671875
generation,6157,63.10000419616699,14.82471752166748,59.2199981212616,15.998781204223633
generation,6158,62.20000386238098,16.019269943237305,58.84999632835388,16.450510025024414
generation,6159,64.45000171661377,14.563470840454102,58.84999632835388,15.8612060546875
generation,6160,64.55000042915344,14.757354736328125,59.10999774932861,16.346323013305664
generation,6161,64.50000405311584,14.563953399658203,59.09000039100647,16.228778839111328
generation,6162,63.35000395774841,15.291815757751465,58.45000147819519,16.0607967376709
generation,6163,63.95000219345093,14.458748817443848,59.279996156692505,16.05157470703125
generation,6164,66.25000238418579,13.361059188842773,58.7399959564209,16.142488479614258
generation,6165,63.65000009536743,14.862004280090332,58.98999571800232,15.87585163116455
generation,6166,63.70000243186951,14.873709678649902,58.730000257492065,16.123258590698242
generation,6167,64.30000066757202,14.42520523071289,59.10999774932861,16.210121154785156
generation,6168,64.30000066757202,14.022884368896484,58.77999663352966,15.736245155334473
generation,6169,62.950003147125244,14.0280179977417,58.77999663352966,15.767195701599121
generation,6170,63.90000581741333,15.073748588562012,58.48999619483948,16.12788200378418
generation,6171,64.50000405311584,15.269895553588867,58.969998359680176,16.430116653442383
generation,6172,64.30000066757202,15.344958305358887,59.47999954223633,16.02395248413086
generation,6173,62.65000104904175,15.129725456237793,58.89999866485596,16.204713821411133
generation,6174,64.90000486373901,14.00300407409668,58.98999571800232,15.586368560791016
generation,6175,64.20000195503235,15.018641471862793,58.789998292922974,16.32406234741211
generation,6176,64.90000486373901,13.984593391418457,59.0999960899353,15.79101848602295
generation,6177,62.550002336502075,15.729703903198242,58.99999737739563,15.833673477172852
generation,6178,63.95000219345093,15.590991020202637,59.27000045776367,16.053518295288086
generation,6179,65.30000567436218,14.16684341430664,58.9199960231781,16.021224975585938
generation,6180,62.70000338554382,14.519858360290527,59.06999707221985,15.783628463745117
generation,6181,66.05000495910645,14.094586372375488,58.80999565124512,16.18882942199707
generation,6182,63.55000138282776,15.988264083862305,59.049999713897705,15.976268768310547
generation,6183,63.450002670288086,15.129737854003906,59.71999764442444,15.83874797821045
generation,6184,64.80000019073486,14.405680656433105,59.029996395111084,16.327377319335938
generation,6185,64.60000276565552,15.30789566040039,59.049999713897705,15.976268768310547
generation,6186,62.60000467300415,15.386566162109375,59.679996967315674,15.62077808380127
generation,6187,63.600003719329834,14.985838890075684,58.57999920845032,16.164047241210938
generation,6188,65.30000567436218,14.444329261779785,59.049999713897705,16.225460052490234
generation,6189,64.10000324249268,14.299016952514648,58.95000100135803,15.919912338256836
generation,6190,64.90000486373901,14.262056350708008,58.77999663352966,15.91043472290039
generation,6191,63.90000581741333,13.736371994018555,59.38999652862549,15.848094940185547
generation,6192,62.65000104904175,15.580327033996582,58.74999761581421,16.269323348999023
generation,6193,62.65000104904175,15.953080177307129,59.34000015258789,16.086761474609375
generation,6194,65.80000519752502,14.02932071685791,58.53999853134155,16.26856803894043
generation,6195,64.75000381469727,14.410266876220703,58.88999700546265,15.920443534851074
generation,6196,63.850003480911255,14.7310152053833,58.99999737739563,16.16590690612793
generation,6197,65.10000228881836,14.472624778747559,58.67999792098999,15.932673454284668
generation,6198,65.6000018119812,14.206525802612305,59.209996461868286,16.369712829589844
generation,6199,63.55000138282776,14.661953926086426,59.54999923706055,15.586196899414062
generation,6200,65.15000462532043,13.5067138671875,59.2199981212616,15.807928085327148
generation,6201,63.10000419616699,14.184792518615723,58.469998836517334,16.4276065826416
generation,6202,62.950003147125244,15.519265174865723,59.10999774932861,15.811968803405762
generation,6203,65.05000591278076,13.552619934082031,58.98999571800232,15.67020320892334
generation,6204,65.80000519752502,13.206202507019043,58.60999822616577,16.13603973388672
generation,6205,63.35000395774841,15.079305648803711,58.980000019073486,15.766312599182129
generation,6206,64.45000171661377,14.836652755737305,58.67999792098999,16.393274307250977
generation,6207,63.55000138282776,14.82177448272705,59.16999578475952,15.971046447753906
generation,6208,66.35000109672546,13.959471702575684,58.70000123977661,15.974376678466797
generation,6209,63.55000138282776,15.59426498413086,58.959996700286865,15.77473258972168
generation,6210,63.70000243186951,15.681283950805664,59.06999707221985,15.936951637268066
generation,6211,64.55000042915344,15.049025535583496,58.789998292922974,15.4024076461792
generation,6212,65.35000205039978,14.36991024017334,58.730000257492065,15.975865364074707
generation,6213,64.3500030040741,14.944092750549316,58.98999571800232,16.376052856445312
generation,6214,64.25000429153442,13.94782829284668,59.029996395111084,15.771471977233887
generation,6215,64.70000147819519,14.071125030517578,59.619998931884766,15.867145538330078
generation,6216,64.40000534057617,15.182046890258789,58.079999685287476,16.11468505859375
generation,6217,65.5500054359436,13.203510284423828,58.629995584487915,16.059743881225586
generation,6218,64.70000147819519,14.405714988708496,58.799999952316284,16.29159927368164
generation,6219,63.10000419616699,15.278120040893555,58.34000110626221,15.995060920715332
generation,6220,64.10000324249268,14.5966215133667,58.55000019073486,16.138099670410156
generation,6221,61.75000071525574,15.3649263381958,58.10999870300293,15.685201644897461
generation,6222,64.15000557899475,14.643346786499023,58.27999711036682,15.854440689086914
generation,6223,65.15000462532043,13.905594825744629,58.2099974155426,16.85271453857422
generation,6224,63.55000138282776,15.359275817871094,58.9199960231781,16.35844612121582
generation,6225,64.60000276565552,13.956907272338867,59.14999842643738,15.78324031829834
generation,6226,63.30000162124634,14.955583572387695,58.66000056266785,16.349552154541016
generation,6227,63.40000033378601,15.155280113220215,58.81999731063843,15.976430892944336
generation,6228,64.40000534057617,14.713414192199707,58.98999571800232,16.09603500366211
generation,6229,62.90000081062317,15.05966567993164,58.95000100135803,16.014877319335938
generation,6230,63.30000162124634,14.944967269897461,58.77000093460083,15.705489158630371
generation,6231,64.3500030040741,13.790631294250488,58.66999626159668,15.698193550109863
generation,6232,64.20000195503235,13.833950996398926,59.56999659538269,15.850137710571289
generation,6233,63.200002908706665,15.212347984313965,59.039998054504395,16.184436798095703
generation,6234,63.70000243186951,15.342647552490234,59.3999981880188,16.313861846923828
generation,6235,63.600003719329834,15.187291145324707,59.00999903678894,15.68753719329834
generation,6236,64.000004529953,14.607803344726562,59.16999578475952,16.024810791015625
generation,6237,64.50000405311584,15.134387016296387,58.6899995803833,16.321016311645508
generation,6238,63.200002908706665,14.313732147216797,58.8699996471405,15.97957992553711
generation,6239,64.45000171661377,14.026022911071777,59.17999744415283,16.144872665405273
generation,6240,66.90000295639038,13.168310165405273,59.049999713897705,15.944315910339355
generation,6241,63.200002908706665,15.323372840881348,58.52999687194824,15.850848197937012
generation,6242,63.55000138282776,15.342188835144043,59.07999873161316,16.044483184814453
generation,6243,65.9500002861023,13.897073745727539,59.07999873161316,16.044483184814453
generation,6244,63.25000524520874,15.039201736450195,58.6899995803833,15.653996467590332
generation,6245,64.45000171661377,14.251626014709473,59.18999910354614,15.528716087341309
generation,6246,63.80000114440918,14.311765670776367,58.92999768257141,15.8250093460083
generation,6247,64.95000123977661,13.953459739685059,58.88999700546265,16.15008544921875
generation,6248,62.800002098083496,15.642390251159668,58.969998359680176,16.194995880126953
generation,6249,63.70000243186951,15.606200218200684,58.89999866485596,15.81285285949707
generation,6250,64.55000042915344,13.644519805908203,58.980000019073486,16.05876922607422
generation,6251,64.25000429153442,15.108447074890137,59.34000015258789,16.038639068603516
generation,6252,65.10000228881836,14.010782241821289,58.959996700286865,15.856866836547852
generation,6253,63.35000395774841,14.177985191345215,59.54999923706055,15.7908935546875
generation,6254,65.00000357627869,15.274235725402832,58.45999717712402,15.8447904586792
generation,6255,64.30000066757202,14.655219078063965,58.98999571800232,16.00941276550293
generation,6256,63.90000581741333,15.069472312927246,59.039998054504395,16.26445198059082
generation,6257,64.50000405311584,15.108708381652832,59.47999954223633,15.664111137390137
generation,6258,64.30000066757202,14.483271598815918,59.31000113487244,15.98112964630127
generation,6259,64.85000252723694,14.679079055786133,58.93999934196472,16.113561630249023
generation,6260,64.40000534057617,15.013952255249023,58.93999934196472,16.113561630249023
generation,6261,63.80000114440918,15.300085067749023,59.31000113487244,15.878376960754395
generation,6262,64.55000042915344,15.117101669311523,58.70000123977661,16.549209594726562
generation,6263,63.70000243186951,15.030086517333984,58.95000100135803,16.18661117553711
generation,6264,63.80000114440918,15.782230377197266,58.84000062942505,16.249279022216797
generation,6265,64.000004529953,15.740833282470703,58.19000005722046,16.67129135131836
generation,6266,63.15000057220459,14.970525741577148,59.50999855995178,16.050395965576172
generation,6267,64.40000534057617,14.594717979431152,58.5099995136261,16.192768096923828
generation,6268,64.0500009059906,14.840497970581055,59.00999903678894,15.941560745239258
generation,6269,64.90000486373901,13.431370735168457,58.8699996471405,15.878190994262695
generation,6270,63.05000185966492,14.3582763671875,59.130001068115234,15.739593505859375
generation,6271,63.90000581741333,14.448641777038574,59.42999720573425,15.633298873901367
generation,6272,65.10000228881836,14.605719566345215,58.84000062942505,16.888893127441406
generation,6273,65.45000076293945,14.406774520874023,58.93999934196472,16.160568237304688
generation,6274,62.4500036239624,15.340200424194336,58.82999897003174,16.149288177490234
generation,6275,63.80000114440918,14.408489227294922,59.060001373291016,15.915356636047363
generation,6276,64.3500030040741,15.427355766296387,58.80999565124512,16.399600982666016
generation,6277,64.0500009059906,15.342630386352539,59.65999960899353,15.73676872253418
generation,6278,63.850003480911255,14.753824234008789,58.88999700546265,16.193077087402344
generation,6279,63.95000219345093,14.745797157287598,58.99999737739563,15.873196601867676
generation,6280,63.55000138282776,14.660853385925293,59.46999788284302,16.113449096679688
generation,6281,64.65000510215759,13.80782413482666,59.060001373291016,15.720473289489746
generation,6282,65.9500002861023,12.767202377319336,59.18999910354614,15.132288932800293
generation,6283,62.7500057220459,15.049086570739746,58.85999798774719,15.744937896728516
generation,6284,65.85000157356262,14.087646484375,58.88999700546265,15.967122077941895
generation,6285,65.40000438690186,14.044827461242676,58.53999853134155,16.035587310791016
generation,6286,62.90000081062317,15.261838912963867,58.88000130653381,16.065967559814453
generation,6287,64.45000171661377,14.862838745117188,59.2199981212616,16.137924194335938
generation,6288,64.75000381469727,14.655714988708496,59.130001068115234,15.958191871643066
generation,6289,66.00000262260437,13.980592727661133,58.57999920845032,16.360986709594727
generation,6290,64.25000429153442,14.765421867370605,58.88999700546265,16.059852600097656
generation,6291,63.10000419616699,15.033395767211914,59.63999629020691,15.951793670654297
generation,6292,63.95000219345093,15.005179405212402,58.70000123977661,16.104995727539062
generation,6293,64.25000429153442,14.732840538024902,58.61999988555908,15.845698356628418
generation,6294,66.65000319480896,13.678633689880371,58.969998359680176,16.147050857543945
generation,6295,64.000004529953,15.139206886291504,58.559995889663696,16.053647994995117
generation,6296,62.85000443458557,15.459026336669922,59.07999873161316,15.799565315246582
generation,6297,62.60000467300415,15.249728202819824,59.18999910354614,15.732559204101562
generation,6298,63.30000162124634,15.856101989746094,58.52999687194824,17.01515007019043
generation,6299,63.65000009536743,15.28394889831543,59.31000113487244,15.867799758911133
generation,6300,64.3500030040741,14.374642372131348,59.18999910354614,15.971802711486816
generation,6301,63.35000395774841,15.789399147033691,58.5099995136261,16.493906021118164
generation,6302,64.3500030040741,15.925559997558594,59.060001373291016,16.709461212158203
generation,6303,62.60000467300415,15.866798400878906,59.42999720573425,16.165550231933594
generation,6304,64.3500030040741,14.735025405883789,58.93999934196472,16.055349349975586
generation,6305,65.40000438690186,13.494011878967285,59.029996395111084,15.527618408203125
generation,6306,64.65000510215759,15.061508178710938,59.34000015258789,16.06687355041504
generation,6307,63.35000395774841,14.619314193725586,59.31000113487244,16.394004821777344
generation,6308,63.10000419616699,15.059646606445312,58.789998292922974,15.673754692077637
generation,6309,64.25000429153442,14.58542537689209,59.10999774932861,16.234664916992188
generation,6310,64.40000534057617,13.892168998718262,59.029996395111084,15.89767074584961
generation,6311,64.30000066757202,14.607131958007812,58.89999866485596,16.007150650024414
generation,6312,64.75000381469727,14.910601615905762,59.10999774932861,16.315515518188477
generation,6313,63.05000185966492,15.042344093322754,58.84999632835388,16.330833435058594
generation,6314,63.850003480911255,14.504915237426758,59.3999981880188,15.775262832641602
generation,6315,64.20000195503235,14.854166984558105,58.77999663352966,15.910452842712402
generation,6316,64.30000066757202,14.694186210632324,59.31000113487244,16.017969131469727
generation,6317,64.40000534057617,14.774153709411621,59.950000047683716,15.702221870422363
generation,6318,65.05000591278076,14.276575088500977,58.730000257492065,16.25531005859375
generation,6319,64.65000510215759,14.62340259552002,58.84999632835388,15.973517417907715
generation,6320,62.70000338554382,15.908891677856445,59.31000113487244,16.017969131469727
generation,6321,65.20000100135803,13.71316146850586,59.10999774932861,15.92215347290039
generation,6322,64.20000195503235,15.117525100708008,58.9199960231781,15.970898628234863
generation,6323,64.15000557899475,14.548474311828613,58.81999731063843,16.384477615356445
generation,6324,63.35000395774841,15.212026596069336,58.84999632835388,16.32332992553711
generation,6325,64.85000252723694,14.232718467712402,59.24000144004822,16.172481536865234
generation,6326,64.0500009059906,14.658442497253418,59.289997816085815,15.989453315734863
generation,6327,65.05000591278076,14.402191162109375,58.49999785423279,16.221513748168945
generation,6328,65.20000100135803,14.408065795898438,59.0999960899353,15.99013614654541
generation,6329,61.80000305175781,15.422072410583496,59.02000069618225,15.585212707519531
generation,6330,63.55000138282776,14.938200950622559,58.149999380111694,16.634260177612305
generation,6331,65.15000462532043,14.48798942565918,59.8800003528595,15.69256591796875
generation,6332,64.30000066757202,14.869601249694824,58.95000100135803,16.106369018554688
generation,6333,64.50000405311584,14.090455055236816,58.92999768257141,15.995237350463867
generation,6334,64.3500030040741,14.876574516296387,59.41999554634094,16.0115909576416
generation,6335,65.80000519752502,13.747139930725098,59.65999960899353,15.66231918334961
generation,6336,64.25000429153442,15.592159271240234,58.55000019073486,17.002914428710938
generation,6337,63.40000033378601,16.055538177490234,59.74000096321106,16.003707885742188
generation,6338,63.05000185966492,15.619348526000977,59.25999879837036,15.91582202911377
generation,6339,64.000004529953,14.599539756774902,58.41999650001526,16.23138999938965
generation,6340,64.90000486373901,13.788660049438477,59.13999676704407,15.867527961730957
generation,6341,64.25000429153442,15.421365737915039,58.959996700286865,15.865785598754883
generation,6342,64.45000171661377,15.269756317138672,58.84999632835388,16.343503952026367
generation,6343,64.0500009059906,14.926414489746094,59.00999903678894,16.15061378479004
generation,6344,63.10000419616699,15.971549987792969,58.799999952316284,16.224485397338867
generation,6345,65.25000333786011,14.066213607788086,59.82999801635742,15.477458000183105
generation,6346,64.90000486373901,13.692315101623535,58.77999663352966,15.63400936126709
generation,6347,62.70000338554382,15.061881065368652,58.7399959564209,16.212142944335938
generation,6348,64.000004529953,15.351812362670898,59.060001373291016,16.207456588745117
generation,6349,63.75000476837158,15.140965461730957,59.349995851516724,16.030506134033203
generation,6350,63.25000524520874,16.254730224609375,59.07999873161316,16.48474884033203
generation,6351,64.85000252723694,14.110562324523926,59.16999578475952,16.094608306884766
generation,6352,63.90000581741333,15.42522144317627,59.17999744415283,15.945982933044434
generation,6353,61.650002002716064,16.30625343322754,58.93999934196472,15.944037437438965
generation,6354,63.75000476837158,14.482097625732422,58.75999927520752,16.30648422241211
generation,6355,63.70000243186951,14.813965797424316,58.48999619483948,16.15143394470215
generation,6356,62.950003147125244,14.799788475036621,58.53999853134155,15.794914245605469
generation,6357,64.60000276565552,14.298419952392578,58.53999853134155,15.794914245605469
generation,6358,65.15000462532043,14.473955154418945,58.160001039505005,16.55867576599121
generation,6359,63.95000219345093,14.881436347961426,58.649998903274536,16.32330322265625
generation,6360,63.80000114440918,14.921854019165039,59.349995851516724,16.056671142578125
generation,6361,65.40000438690186,13.52176284790039,59.130001068115234,16.108524322509766
generation,6362,63.40000033378601,13.972684860229492,58.6899995803833,16.004467010498047
generation,6363,64.80000019073486,15.142024040222168,58.61999988555908,16.00186538696289
generation,6364,63.00000548362732,15.686129570007324,59.20000076293945,15.896496772766113
generation,6365,63.70000243186951,14.480388641357422,58.980000019073486,16.22762107849121
generation,6366,62.950003147125244,15.02502727508545,59.20000076293945,15.896496772766113
generation,6367,64.60000276565552,14.566267013549805,59.09000039100647,15.904629707336426
generation,6368,63.40000033378601,14.375904083251953,58.309996128082275,16.00543785095215
generation,6369,64.0500009059906,13.812067031860352,59.20000076293945,15.896496772766113
generation,6370,65.00000357627869,14.235654830932617,59.09000039100647,15.904629707336426
generation,6371,64.60000276565552,14.062286376953125,59.130001068115234,16.21076774597168
generation,6372,63.95000219345093,14.548852920532227,58.82999897003174,15.857505798339844
generation,6373,65.10000228881836,14.653777122497559,59.0999960899353,15.794943809509277
generation,6374,64.60000276565552,14.38528823852539,58.969998359680176,16.002315521240234
generation,6375,65.35000205039978,14.028757095336914,59.32999849319458,16.046228408813477
generation,6376,64.60000276565552,14.462104797363281,58.66999626159668,15.822522163391113
generation,6377,64.65000510215759,14.510235786437988,59.06999707221985,16.00813102722168
generation,6378,63.10000419616699,14.684114456176758,58.969998359680176,16.090791702270508
generation,6379,62.4500036239624,15.054830551147461,59.00999903678894,15.91912841796875
generation,6380,64.000004529953,15.914776802062988,58.17999839782715,16.676406860351562
generation,6381,64.40000534057617,14.810403823852539,59.32999849319458,16.046228408813477
generation,6382,63.75000476837158,16.012434005737305,58.81999731063843,16.381641387939453
generation,6383,63.850003480911255,14.862829208374023,59.46999788284302,16.054359436035156
generation,6384,64.85000252723694,14.036103248596191,58.84999632835388,15.684944152832031
generation,6385,64.15000557899475,14.092726707458496,58.81999731063843,15.995173454284668
generation,6386,62.800002098083496,16.168670654296875,59.679996967315674,16.143152236938477
generation,6387,63.600003719329834,15.069257736206055,58.8699996471405,16.0914306640625
generation,6388,64.15000557899475,13.994725227355957,58.719998598098755,16.115995407104492
generation,6389,64.65000510215759,14.902481079101562,59.2199981212616,15.912068367004395
generation,6390,63.70000243186951,16.222158432006836,59.679996967315674,16.143152236938477
generation,6391,66.15000367164612,14.165704727172852,58.92999768257141,15.900429725646973
generation,6392,62.950003147125244,14.880274772644043,59.24999713897705,15.998727798461914
generation,6393,64.30000066757202,14.33073902130127,59.679996967315674,16.143152236938477
generation,6394,64.80000019073486,13.748468399047852,59.16999578475952,15.711518287658691
generation,6395,64.10000324249268,14.573445320129395,59.40999984741211,15.609196662902832
generation,6396,64.75000381469727,14.622916221618652,59.049999713897705,16.142255783081055
generation,6397,63.450002670288086,14.557188034057617,59.349995851516724,15.616228103637695
generation,6398,63.80000114440918,13.56852912902832,58.789998292922974,15.52702522277832
generation,6399,62.4500036239624,14.646783828735352,59.10999774932861,15.315855979919434
generation,6400,64.75000381469727,14.868658065795898,58.82999897003174,15.802546501159668
generation,6401,64.90000486373901,13.367084503173828,59.31999683380127,15.480823516845703
generation,6402,63.200002908706665,15.357575416564941,59.20000076293945,15.524243354797363
generation,6403,64.40000534057617,14.467702865600586,59.18999910354614,15.99713134765625
generation,6404,63.850003480911255,14.463069915771484,59.10999774932861,15.821005821228027
generation,6405,65.25000333786011,13.31372356414795,59.039998054504395,15.683084487915039
generation,6406,63.40000033378601,15.214920997619629,58.959996700286865,15.987021446228027
generation,6407,65.20000100135803,13.614195823669434,59.359997510910034,15.569443702697754
generation,6408,63.65000009536743,14.698973655700684,59.32999849319458,15.662997245788574
generation,6409,65.00000357627869,14.875103950500488,58.80999565124512,16.243778228759766
generation,6410,63.40000033378601,14.45089340209961,59.2199981212616,15.54457950592041
generation,6411,64.55000042915344,13.821830749511719,58.85999798774719,15.888345718383789
generation,6412,65.10000228881836,14.444523811340332,59.72999930381775,15.946249961853027
generation,6413,65.00000357627869,14.926947593688965,59.64999794960022,15.69030475616455
generation,6414,63.200002908706665,14.946178436279297,58.56999754905701,16.42657470703125
generation,6415,64.65000510215759,14.399214744567871,59.20000076293945,16.2012939453125
generation,6416,63.10000419616699,15.678915023803711,59.529995918273926,15.960925102233887
generation,6417,64.15000557899475,14.767642974853516,59.18999910354614,16.071996688842773
generation,6418,65.80000519752502,13.577452659606934,59.06999707221985,16.39555549621582
generation,6419,64.50000405311584,14.966075897216797,59.369999170303345,16.442169189453125
generation,6420,65.6000018119812,15.030152320861816,58.70000123977661,16.347265243530273
generation,6421,64.70000147819519,14.037860870361328,59.67000126838684,15.859710693359375
generation,6422,65.40000438690186,14.140375137329102,59.130001068115234,15.887940406799316
generation,6423,66.45000576972961,13.140538215637207,59.31000113487244,15.693635940551758
generation,6424,64.55000042915344,15.200538635253906,59.32999849319458,16.044260025024414
generation,6425,65.70000052452087,14.227730751037598,58.969998359680176,16.01740264892578
generation,6426,63.200002908706665,14.142362594604492,59.67000126838684,15.6276216506958
generation,6427,63.25000524520874,15.850260734558105,59.25999879837036,16.294113159179688
generation,6428,64.30000066757202,14.44506549835205,58.789998292922974,15.789995193481445
generation,6429,63.90000581741333,14.724152565002441,59.58999991416931,15.542173385620117
generation,6430,63.75000476837158,14.893970489501953,59.609997272491455,15.849954605102539
generation,6431,63.55000138282776,15.35086441040039,58.67999792098999,16.292455673217773
generation,6432,66.00000262260437,13.528295516967773,59.769999980926514,15.644081115722656
generation,6433,63.10000419616699,15.69186782836914,58.709996938705444,16.073352813720703
generation,6434,64.20000195503235,14.810827255249023,59.13999676704407,15.95700740814209
generation,6435,64.60000276565552,15.008589744567871,59.529995918273926,15.732860565185547
generation,6436,66.15000367164612,13.975069046020508,58.7399959564209,15.584023475646973
generation,6437,65.85000157356262,13.766691207885742,59.06999707221985,15.924824714660645
generation,6438,64.80000019073486,14.51938247680664,59.38999652862549,16.056793212890625
generation,6439,64.45000171661377,15.087196350097656,58.88999700546265,16.193321228027344
generation,6440,64.10000324249268,15.032879829406738,59.09000039100647,15.872904777526855
generation,6441,63.65000009536743,15.792705535888672,58.52000117301941,16.485551834106445
generation,6442,63.600003719329834,15.179512977600098,59.27000045776367,15.747119903564453
generation,6443,66.40000343322754,13.482975959777832,59.00999903678894,15.95322036743164
generation,6444,63.600003719329834,15.493975639343262,58.59000086784363,15.864013671875
generation,6445,63.850003480911255,13.868081092834473,59.0999960899353,15.725774765014648
generation,6446,64.25000429153442,14.73719596862793,58.959996700286865,16.06620216369629
generation,6447,64.40000534057617,14.743152618408203,59.41999554634094,15.599104881286621
generation,6448,64.15000557899475,15.023603439331055,59.63999629020691,16.227136611938477
generation,6449,64.40000534057617,14.430563926696777,58.75999927520752,16.301193237304688
generation,6450,64.85000252723694,14.527018547058105,59.38999652862549,15.777456283569336
generation,6451,64.0500009059906,14.717044830322266,59.43999886512756,15.894453048706055
generation,6452,66.25000238418579,13.249838829040527,59.359997510910034,15.545594215393066
generation,6453,62.90000081062317,14.814802169799805,59.16999578475952,15.642590522766113
generation,6454,64.60000276565552,14.84091567993164,58.93999934196472,16.419559478759766
generation,6455,64.65000510215759,14.81360912322998,59.79999899864197,15.999064445495605
generation,6456,63.40000033378601,14.406071662902832,58.91000032424927,15.82642650604248
generation,6457,64.30000066757202,13.959610939025879,58.93999934196472,15.9164457321167
generation,6458,63.450002670288086,14.516800880432129,59.279996156692505,16.01116371154785
generation,6459,63.50000500679016,14.912734985351562,59.539997577667236,15.85127067565918
generation,6460,64.50000405311584,15.098183631896973,58.3299994468689,16.623355865478516
generation,6461,65.30000567436218,14.451205253601074,58.92999768257141,16.101709365844727
generation,6462,64.0500009059906,14.488093376159668,59.14999842643738,15.718280792236328
generation,6463,64.70000147819519,14.482206344604492,58.980000019073486,15.531572341918945
generation,6464,63.200002908706665,15.27395248413086,59.31999683380127,15.964016914367676
generation,6465,65.9000039100647,13.837599754333496,59.34000015258789,15.766182899475098
generation,6466,63.30000162124634,14.355281829833984,58.709996938705444,15.998502731323242
generation,6467,64.55000042915344,13.710933685302734,58.8699996471405,15.75936222076416
generation,6468,65.5500054359436,13.9558687210083,59.49999690055847,16.066038131713867
generation,6469,65.40000438690186,14.472834587097168,59.279996156692505,16.077890396118164
generation,6470,62.300002574920654,15.630156517028809,58.35999846458435,16.194841384887695
generation,6471,63.25000524520874,15.66577434539795,59.07999873161316,15.840195655822754
generation,6472,63.30000162124634,15.339030265808105,59.039998054504395,15.793081283569336
generation,6473,65.10000228881836,14.706068992614746,59.22999978065491,15.573192596435547
generation,6474,62.65000104904175,15.226713180541992,59.24000144004822,15.724616050720215
generation,6475,63.850003480911255,14.966302871704102,59.130001068115234,15.884456634521484
generation,6476,63.95000219345093,14.699560165405273,59.130001068115234,15.705573081970215
generation,6477,64.95000123977661,13.512410163879395,59.20000076293945,15.72337532043457
generation,6478,65.10000228881836,13.988636016845703,59.32999849319458,15.727487564086914
generation,6479,63.25000524520874,15.690539360046387,59.609997272491455,16.266857147216797
generation,6480,65.9000039100647,13.744840621948242,59.17999744415283,16.155277252197266
generation,6481,64.10000324249268,14.727082252502441,59.359997510910034,15.73879337310791
generation,6482,63.90000581741333,15.555252075195312,59.289997816085815,15.801971435546875
generation,6483,64.25000429153442,14.347352027893066,59.49999690055847,15.797073364257812
generation,6484,63.95000219345093,14.514689445495605,59.32999849319458,15.790929794311523
generation,6485,64.25000429153442,14.94640827178955,58.88999700546265,16.16103744506836
generation,6486,65.45000076293945,14.119037628173828,59.359997510910034,15.854001998901367
generation,6487,66.50000214576721,12.933777809143066,59.78999733924866,15.853195190429688
generation,6488,64.75000381469727,14.147351264953613,59.31999683380127,15.45602035522461
generation,6489,64.85000252723694,14.115979194641113,59.8800003528595,15.310064315795898
generation,6490,63.75000476837158,14.394996643066406,59.56999659538269,15.506194114685059
generation,6491,64.15000557899475,15.221490859985352,58.8699996471405,15.938560485839844
generation,6492,66.70000553131104,13.110809326171875,59.42999720573425,15.718510627746582
generation,6493,63.05000185966492,14.104314804077148,59.279996156692505,15.516968727111816
generation,6494,63.95000219345093,15.336211204528809,58.95000100135803,16.327831268310547
generation,6495,64.3500030040741,15.440889358520508,58.52999687194824,16.694049835205078
generation,6496,64.45000171661377,14.247383117675781,58.559995889663696,15.647231101989746
generation,6497,65.40000438690186,14.41171932220459,58.82999897003174,16.164419174194336
generation,6498,65.40000438690186,13.495772361755371,59.22999978065491,16.02158546447754
generation,6499,64.50000405311584,14.765464782714844,59.49000120162964,16.156700134277344
generation,6500,63.65000009536743,15.231297492980957,59.14999842643738,15.80147933959961
generation,6501,64.15000557899475,14.497902870178223,59.31000113487244,16.018115997314453
generation,6502,63.25000524520874,15.624070167541504,59.630000591278076,15.428842544555664
generation,6503,65.45000076293945,14.759342193603516,58.730000257492065,16.060771942138672
generation,6504,65.35000205039978,14.62494945526123,59.65999960899353,15.986923217773438
generation,6505,65.65000414848328,14.2713041305542,59.25999879837036,15.212724685668945
generation,6506,64.90000486373901,14.191727638244629,59.039998054504395,16.02949333190918
generation,6507,64.75000381469727,14.854494094848633,58.8699996471405,15.807348251342773
generation,6508,67.4500048160553,12.857107162475586,58.91000032424927,15.505127906799316
generation,6509,64.15000557899475,13.841364860534668,59.31999683380127,15.287123680114746
generation,6510,65.6000018119812,13.930241584777832,59.38999652862549,15.857172012329102
generation,6511,65.45000076293945,14.607748031616211,59.18999910354614,15.97146987915039
generation,6512,65.50000309944153,14.417793273925781,58.719998598098755,16.008827209472656
generation,6513,63.450002670288086,14.703563690185547,59.0999960899353,15.51219367980957
generation,6514,64.20000195503235,14.542474746704102,59.65999960899353,16.122203826904297
generation,6515,65.15000462532043,14.441825866699219,59.24000144004822,15.614429473876953
generation,6516,63.80000114440918,14.459181785583496,59.18999910354614,15.681676864624023
generation,6517,64.55000042915344,14.360357284545898,59.78999733924866,15.797780990600586
generation,6518,64.15000557899475,14.057767868041992,59.279996156692505,15.949662208557129
generation,6519,63.850003480911255,14.849924087524414,59.380000829696655,15.58323860168457
generation,6520,63.55000138282776,15.287731170654297,59.95999574661255,15.656702995300293
generation,6521,64.70000147819519,14.011966705322266,59.58999991416931,15.716495513916016
generation,6522,63.90000581741333,14.89476203918457,59.90999937057495,15.72148323059082
generation,6523,64.45000171661377,15.155492782592773,59.16000008583069,15.94216537475586
generation,6524,63.30000162124634,15.45425033569336,59.32999849319458,15.877345085144043
generation,6525,64.15000557899475,13.890104293823242,58.89999866485596,15.818403244018555
generation,6526,64.50000405311584,13.797313690185547,59.09000039100647,15.597987174987793
generation,6527,65.80000519752502,13.44666862487793,58.70000123977661,15.696612358093262
generation,6528,64.3500030040741,14.049670219421387,58.980000019073486,15.634265899658203
generation,6529,64.25000429153442,13.659671783447266,59.25999879837036,15.614629745483398
generation,6530,64.40000534057617,14.680691719055176,59.3999981880188,16.0041446685791
generation,6531,65.5500054359436,12.950310707092285,59.71999764442444,15.323080062866211
generation,6532,63.25000524520874,14.967097282409668,58.959996700286865,15.769411087036133
generation,6533,65.20000100135803,14.864362716674805,58.70000123977661,15.837339401245117
generation,6534,65.15000462532043,14.68612289428711,59.02000069618225,16.03348159790039
generation,6535,64.30000066757202,15.186670303344727,58.99999737739563,15.789982795715332
generation,6536,64.50000405311584,14.737835884094238,59.38999652862549,15.992587089538574
generation,6537,63.70000243186951,14.396907806396484,59.380000829696655,15.638522148132324
generation,6538,64.15000557899475,14.294248580932617,59.31999683380127,16.130693435668945
generation,6539,65.5500054359436,13.809236526489258,59.02000069618225,16.045166015625
generation,6540,62.60000467300415,15.155509948730469,59.56000089645386,15.958942413330078
generation,6541,64.80000019073486,14.216525077819824,59.18999910354614,15.884552955627441
generation,6542,65.20000100135803,14.30138111114502,59.47999954223633,15.64585018157959
generation,6543,63.95000219345093,15.702542304992676,59.3999981880188,15.914319038391113
generation,6544,63.75000476837158,14.630064964294434,59.039998054504395,16.117393493652344
generation,6545,65.70000052452087,12.582152366638184,59.630000591278076,15.440679550170898
generation,6546,64.45000171661377,14.480334281921387,59.939998388290405,15.555700302124023
generation,6547,65.5500054359436,13.747958183288574,59.72999930381775,15.708861351013184
generation,6548,64.30000066757202,14.694891929626465,59.02000069618225,15.982735633850098
generation,6549,64.80000019073486,14.787459373474121,59.43999886512756,16.315706253051758
generation,6550,65.25000333786011,14.552718162536621,59.049999713897705,15.737025260925293
generation,6551,66.05000495910645,13.273510932922363,59.539997577667236,15.623228073120117
generation,6552,63.95000219345093,14.363933563232422,58.80999565124512,15.609434127807617
generation,6553,64.55000042915344,14.930631637573242,59.77999567985535,15.67222785949707
generation,6554,64.000004529953,15.045201301574707,59.79999899864197,15.81915283203125
generation,6555,64.15000557899475,15.081860542297363,59.579998254776,15.865304946899414
generation,6556,65.25000333786011,13.664894104003906,59.16999578475952,15.476770401000977
generation,6557,64.70000147819519,14.974533081054688,59.43999886512756,15.929261207580566
generation,6558,63.850003480911255,14.973811149597168,59.00999903678894,16.219858169555664
generation,6559,62.950003147125244,14.425928115844727,59.34000015258789,15.978057861328125
generation,6560,65.10000228881836,14.259116172790527,59.06999707221985,16.03152084350586
generation,6561,63.95000219345093,14.74185848236084,59.10999774932861,16.10554313659668
generation,6562,63.80000114440918,14.441704750061035,59.24000144004822,15.57912540435791
generation,6563,63.30000162124634,15.38244342803955,58.99999737739563,15.723405838012695
generation,6564,64.45000171661377,14.33890438079834,59.58999991416931,15.551215171813965
generation,6565,65.50000309944153,14.485188484191895,59.209996461868286,15.844998359680176
generation,6566,65.80000519752502,13.984598159790039,59.17999744415283,16.139877319335938
generation,6567,64.000004529953,14.603155136108398,59.24000144004822,15.693246841430664
generation,6568,65.50000309944153,13.900321960449219,59.289997816085815,15.96345043182373
generation,6569,64.3500030040741,14.307374954223633,59.24000144004822,15.693246841430664
generation,6570,64.65000510215759,14.610968589782715,59.38999652862549,15.984010696411133
generation,6571,63.850003480911255,16.184730529785156,59.10999774932861,16.279802322387695
generation,6572,65.10000228881836,14.5724458694458,59.64999794960022,15.90799331665039
generation,6573,66.25000238418579,13.67660903930664,58.629995584487915,16.07663345336914
generation,6574,64.55000042915344,14.505263328552246,59.630000591278076,15.905221939086914
generation,6575,65.65000414848328,13.11998462677002,59.06999707221985,15.529047012329102
generation,6576,64.0500009059906,14.220101356506348,59.06999707221985,15.529047012329102
generation,6577,64.3500030040741,14.672323226928711,59.49999690055847,15.908946990966797
generation,6578,64.45000171661377,14.662435531616211,58.959996700286865,16.318790435791016
generation,6579,64.95000123977661,13.939216613769531,59.349995851516724,15.825993537902832
generation,6580,64.000004529953,14.913971900939941,59.65999960899353,16.055625915527344
generation,6581,63.200002908706665,15.33729076385498,59.049999713897705,15.824254989624023
generation,6582,64.40000534057617,14.592220306396484,59.13999676704407,16.387388229370117
generation,6583,64.75000381469727,14.609516143798828,59.90999937057495,15.778183937072754
generation,6584,66.00000262260437,13.696981430053711,59.52000021934509,15.717537879943848
generation,6585,63.40000033378601,15.8800687789917,59.63999629020691,15.898574829101562
generation,6586,63.15000057220459,15.824848175048828,59.359997510910034,16.0449275970459
generation,6587,65.70000052452087,13.454778671264648,59.96999740600586,15.265790939331055
generation,6588,63.40000033378601,14.83505630493164,59.579998254776,15.890990257263184
generation,6589,65.70000052452087,13.653125762939453,59.96999740600586,15.265790939331055
generation,6590,62.85000443458557,15.631172180175781,58.60999822616577,16.290163040161133
generation,6591,64.95000123977661,13.60909652709961,59.46999788284302,15.946477890014648
generation,6592,64.20000195503235,14.417495727539062,59.16999578475952,16.014657974243164
generation,6593,64.70000147819519,14.227827072143555,59.27000045776367,15.662096977233887
generation,6594,64.3500030040741,15.314650535583496,59.630000591278076,15.835859298706055
generation,6595,64.55000042915344,14.963064193725586,59.43999886512756,15.814874649047852
generation,6596,64.000004529953,14.370110511779785,59.599995613098145,15.377303123474121
generation,6597,64.70000147819519,13.378186225891113,59.24999713897705,15.407373428344727
generation,6598,64.85000252723694,13.555381774902344,59.77999567985535,15.56953239440918
generation,6599,64.15000557899475,14.743837356567383,59.47999954223633,15.931079864501953
generation,6600,64.25000429153442,13.900814056396484,59.539997577667236,16.02383041381836
generation,6601,63.65000009536743,15.3455228805542,59.0999960899353,15.807589530944824
generation,6602,65.80000519752502,13.415165901184082,59.0999960899353,15.838112831115723
generation,6603,63.80000114440918,15.437854766845703,59.56000089645386,16.091686248779297
generation,6604,64.45000171661377,13.624683380126953,59.42999720573425,15.413971900939941
generation,6605,63.40000033378601,15.214831352233887,59.50999855995178,16.269622802734375
generation,6606,64.40000534057617,14.889632225036621,59.279996156692505,15.665616035461426
generation,6607,63.80000114440918,14.369240760803223,59.34000015258789,15.707740783691406
generation,6608,64.50000405311584,14.994518280029297,59.50999855995178,15.869240760803223
generation,6609,64.30000066757202,14.461370468139648,59.38999652862549,15.960518836975098
generation,6610,63.50000500679016,14.606863975524902,59.58999991416931,15.68138313293457
generation,6611,63.50000500679016,14.484387397766113,59.52000021934509,15.715179443359375
generation,6612,63.50000500679016,14.81828784942627,58.67999792098999,16.369173049926758
generation,6613,64.10000324249268,14.716126441955566,59.619998931884766,15.59345817565918
generation,6614,64.000004529953,15.016820907592773,58.84000062942505,16.0191593170166
generation,6615,63.450002670288086,15.789362907409668,59.630000591278076,16.265361785888672
generation,6616,64.30000066757202,14.487264633178711,59.49000120162964,15.474234580993652
generation,6617,64.20000195503235,14.119035720825195,58.77000093460083,15.900799751281738
generation,6618,64.15000557899475,15.851696968078613,59.89999771118164,15.73771858215332
generation,6619,64.55000042915344,14.978515625,59.52000021934509,15.972265243530273
generation,6620,65.35000205039978,14.503028869628906,59.47999954223633,16.206281661987305
generation,6621,64.95000123977661,14.583528518676758,59.609997272491455,15.950776100158691
generation,6622,64.40000534057617,14.113810539245605,59.16000008583069,15.821460723876953
generation,6623,64.60000276565552,14.256841659545898,58.93999934196472,16.0440616607666
generation,6624,64.25000429153442,14.79174518585205,59.289997816085815,16.008371353149414
generation,6625,64.20000195503235,14.956180572509766,59.83999967575073,15.584712028503418
generation,6626,65.00000357627869,14.648445129394531,60.19999980926514,15.57276439666748
generation,6627,63.10000419616699,14.966544151306152,59.41999554634094,15.827970504760742
generation,6628,64.10000324249268,15.509632110595703,59.450000524520874,16.005821228027344
generation,6629,65.50000309944153,13.759929656982422,59.17999744415283,15.627371788024902
generation,6630,65.25000333786011,14.468469619750977,58.980000019073486,15.804471969604492
generation,6631,62.85000443458557,15.579035758972168,59.67000126838684,15.34997844696045
generation,6632,64.15000557899475,14.630367279052734,59.20000076293945,16.069894790649414
generation,6633,64.20000195503235,14.868914604187012,59.40999984741211,15.995672225952148
generation,6634,64.50000405311584,14.814408302307129,59.16999578475952,15.491521835327148
generation,6635,64.85000252723694,15.439818382263184,58.91000032424927,15.911504745483398
generation,6636,64.10000324249268,15.259706497192383,59.70999598503113,15.776710510253906
generation,6637,63.90000581741333,14.176318168640137,59.58999991416931,15.849271774291992
generation,6638,63.05000185966492,15.180789947509766,59.31000113487244,15.513212203979492
generation,6639,63.850003480911255,15.010589599609375,59.49000120162964,16.04705238342285
generation,6640,64.75000381469727,14.438172340393066,59.49999690055847,15.770647048950195
generation,6641,65.35000205039978,13.961711883544922,60.07999777793884,15.962712287902832
generation,6642,66.05000495910645,13.775969505310059,58.88999700546265,16.455732345581055
generation,6643,64.3500030040741,13.99042797088623,58.980000019073486,15.773322105407715
generation,6644,64.60000276565552,15.019444465637207,59.539997577667236,16.060789108276367
generation,6645,64.55000042915344,14.813414573669434,59.16000008583069,15.728259086608887
generation,6646,64.50000405311584,14.141473770141602,59.689998626708984,15.561019897460938
generation,6647,63.65000009536743,14.84763240814209,58.80999565124512,15.685832977294922
generation,6648,64.65000510215759,14.229581832885742,59.31999683380127,15.56316089630127
generation,6649,64.70000147819519,14.726832389831543,59.63999629020691,15.523728370666504
generation,6650,63.50000500679016,15.328929901123047,59.24000144004822,15.643217086791992
generation,6651,66.50000214576721,13.02768325805664,59.52000021934509,16.008155822753906
generation,6652,65.00000357627869,14.704806327819824,59.38999652862549,15.755908012390137
generation,6653,64.30000066757202,13.903646469116211,59.049999713897705,15.808855056762695
generation,6654,65.6000018119812,14.249157905578613,59.38999652862549,16.257863998413086
generation,6655,63.55000138282776,15.337644577026367,59.0999960899353,16.066497802734375
generation,6656,63.850003480911255,14.832470893859863,59.50999855995178,15.891858100891113
generation,6657,64.65000510215759,14.648079872131348,59.8800003528595,15.793632507324219
generation,6658,63.90000581741333,14.012014389038086,59.17999744415283,15.834054946899414
generation,6659,66.75000190734863,12.551994323730469,59.96999740600586,15.723934173583984
generation,6660,65.30000567436218,13.583306312561035,59.17999744415283,15.604528427124023
generation,6661,64.55000042915344,13.314666748046875,59.58999991416931,15.650728225708008
generation,6662,63.25000524520874,15.233000755310059,59.349995851516724,15.550887107849121
generation,6663,65.20000100135803,14.502659797668457,58.93999934196472,15.565184593200684
generation,6664,65.20000100135803,13.815742492675781,59.74000096321106,15.397981643676758
generation,6665,64.15000557899475,14.611384391784668,59.07999873161316,16.06805419921875
generation,6666,63.65000009536743,14.775559425354004,59.119999408721924,15.753042221069336
generation,6667,62.70000338554382,14.789864540100098,60.350000858306885,15.43104076385498
generation,6668,63.95000219345093,14.677931785583496,59.34000015258789,15.687247276306152
generation,6669,65.5500054359436,13.844560623168945,59.78999733924866,15.906009674072266
generation,6670,64.50000405311584,14.625490188598633,59.609997272491455,15.79712963104248
generation,6671,64.3500030040741,14.826147079467773,59.07999873161316,15.832695007324219
generation,6672,63.55000138282776,15.191506385803223,59.060001373291016,15.609671592712402
generation,6673,63.10000419616699,15.58218002319336,59.209996461868286,15.776651382446289
generation,6674,65.65000414848328,14.445853233337402,59.78999733924866,15.906009674072266
generation,6675,64.60000276565552,14.295821189880371,59.769999980926514,15.353713989257812
generation,6676,65.75000286102295,13.693445205688477,59.16000008583069,15.762418746948242
generation,6677,65.50000309944153,13.559642791748047,59.47999954223633,15.37940788269043
generation,6678,65.65000414848328,14.935460090637207,59.14999842643738,16.01618194580078
generation,6679,64.40000534057617,14.690337181091309,59.599995613098145,15.600081443786621
generation,6680,64.85000252723694,13.27346134185791,59.67000126838684,15.568305015563965
generation,6681,63.200002908706665,15.290260314941406,59.119999408721924,16.328439712524414
generation,6682,64.95000123977661,14.012802124023438,59.42999720573425,15.873204231262207
generation,6683,64.15000557899475,15.010530471801758,59.13999676704407,15.616822242736816
generation,6684,62.90000081062317,14.601207733154297,59.77999567985535,15.410537719726562
generation,6685,63.05000185966492,14.320669174194336,58.9199960231781,15.503515243530273
generation,6686,64.30000066757202,14.985452651977539,59.299999475479126,15.746548652648926
generation,6687,63.80000114440918,15.225615501403809,58.969998359680176,15.924737930297852
generation,6688,64.55000042915344,14.226670265197754,59.97999906539917,15.710888862609863
generation,6689,63.15000057220459,15.093945503234863,59.130001068115234,15.466209411621094
generation,6690,65.30000567436218,14.315890312194824,59.209996461868286,15.952057838439941
generation,6691,64.55000042915344,14.466565132141113,59.34000015258789,15.538763999938965
generation,6692,64.60000276565552,14.457898139953613,58.84999632835388,15.57718276977539
generation,6693,64.20000195503235,14.167136192321777,59.82999801635742,15.283127784729004
generation,6694,66.35000109672546,13.161518096923828,59.13999676704407,15.866357803344727
generation,6695,63.200002908706665,15.403308868408203,59.47999954223633,15.851802825927734
generation,6696,64.50000405311584,14.408868789672852,59.18999910354614,15.646785736083984
generation,6697,65.35000205039978,14.09158706665039,59.950000047683716,15.46868896484375
generation,6698,65.5500054359436,13.260008811950684,60.009998083114624,15.4530668258667
generation,6699,64.50000405311584,14.156351089477539,59.060001373291016,16.27682113647461
generation,6700,64.90000486373901,13.966828346252441,59.43999886512756,15.438102722167969
generation,6701,65.25000333786011,13.522191047668457,59.31000113487244,15.864681243896484
generation,6702,62.70000338554382,14.591859817504883,59.359997510910034,15.561793327331543
generation,6703,63.600003719329834,14.720257759094238,58.59000086784363,15.992045402526855
generation,6704,65.00000357627869,15.454058647155762,59.24000144004822,16.506805419921875
generation,6705,65.5500054359436,13.724906921386719,59.71999764442444,16.105501174926758
generation,6706,65.5500054359436,14.22443962097168,58.70000123977661,15.944987297058105
generation,6707,66.30000472068787,12.714820861816406,59.679996967315674,15.834412574768066
generation,6708,64.80000019073486,14.067108154296875,59.689998626708984,15.77807331085205
generation,6709,65.15000462532043,14.069119453430176,59.859997034072876,15.927663803100586
generation,6710,66.10000133514404,15.362483024597168,58.05000066757202,16.724157333374023
generation,6711,64.15000557899475,14.78720474243164,59.06999707221985,16.25895118713379
generation,6712,64.65000510215759,14.52717399597168,59.47999954223633,15.894369125366211
generation,6713,65.9500002861023,14.200292587280273,58.82999897003174,16.23874282836914
generation,6714,66.35000109672546,13.612722396850586,59.599995613098145,15.971981048583984
generation,6715,65.45000076293945,14.770298957824707,59.2199981212616,15.660648345947266
generation,6716,63.65000009536743,14.922733306884766,58.48999619483948,16.044132232666016
generation,6717,63.65000009536743,15.518134117126465,58.980000019073486,16.05196189880371
generation,6718,64.90000486373901,13.705218315124512,58.98999571800232,15.609020233154297
generation,6719,63.50000500679016,14.052413940429688,58.799999952316284,15.900215148925781
generation,6720,64.95000123977661,14.405753135681152,58.61999988555908,15.833626747131348
generation,6721,63.70000243186951,14.846403121948242,59.49000120162964,15.742444038391113
generation,6722,65.75000286102295,14.159059524536133,59.279996156692505,15.66384220123291
generation,6723,64.15000557899475,15.586668014526367,58.88000130653381,15.969481468200684
generation,6724,64.90000486373901,14.530261039733887,58.89999866485596,16.233457565307617
generation,6725,63.850003480911255,14.624297142028809,59.41999554634094,15.811190605163574
generation,6726,65.10000228881836,14.161008834838867,59.79999899864197,15.462059020996094
generation,6727,64.10000324249268,14.952384948730469,58.9199960231781,16.169702529907227
generation,6728,63.850003480911255,14.384428977966309,59.24999713897705,15.906778335571289
generation,6729,65.6000018119812,13.943428993225098,58.89999866485596,16.115652084350586
generation,6730,64.0500009059906,15.170562744140625,59.209996461868286,15.96688461303711
generation,6731,66.95000529289246,13.157231330871582,59.83999967575073,15.189651489257812
generation,6732,66.40000343322754,13.771783828735352,59.579998254776,15.909412384033203
generation,6733,65.15000462532043,14.291715621948242,59.049999713897705,16.247276306152344
generation,6734,65.15000462532043,13.695106506347656,59.679996967315674,15.514415740966797
generation,6735,65.05000591278076,14.528820991516113,59.46999788284302,15.727145195007324
generation,6736,63.90000581741333,14.807670593261719,58.61999988555908,16.099323272705078
generation,6737,63.850003480911255,14.337014198303223,59.31000113487244,15.554100036621094
generation,6738,64.50000405311584,14.081206321716309,59.359997510910034,15.684715270996094
generation,6739,63.00000548362732,15.317995071411133,59.769999980926514,15.425429344177246
generation,6740,65.25000333786011,13.820317268371582,59.67000126838684,15.71853256225586
generation,6741,66.40000343322754,13.332954406738281,59.349995851516724,15.726509094238281
generation,6742,64.65000510215759,14.063196182250977,59.609997272491455,15.670568466186523
generation,6743,63.95000219345093,14.753098487854004,58.93999934196472,15.77709674835205
generation,6744,65.65000414848328,13.717880249023438,59.40999984741211,16.088382720947266
generation,6745,66.55000448226929,13.966269493103027,59.43999886512756,15.917973518371582
generation,6746,63.95000219345093,14.152822494506836,59.74000096321106,15.527020454406738
generation,6747,62.85000443458557,16.12586784362793,59.380000829696655,16.035797119140625
generation,6748,62.60000467300415,15.428224563598633,59.359997510910034,15.850662231445312
generation,6749,64.40000534057617,15.032851219177246,59.71999764442444,15.904359817504883
generation,6750,64.000004529953,14.714942932128906,59.299999475479126,15.907723426818848
generation,6751,62.35000491142273,15.636953353881836,58.730000257492065,15.98399829864502
generation,6752,65.65000414848328,13.421224594116211,59.24000144004822,15.375663757324219
generation,6753,65.15000462532043,14.756440162658691,59.17999744415283,15.818126678466797
generation,6754,63.200002908706665,15.231828689575195,58.709996938705444,16.166759490966797
generation,6755,63.600003719329834,15.340120315551758,59.929996728897095,15.77454662322998
generation,6756,64.95000123977661,14.459609031677246,59.49000120162964,15.764100074768066
generation,6757,65.15000462532043,13.846810340881348,59.13999676704407,15.799676895141602
generation,6758,64.40000534057617,13.988280296325684,59.18999910354614,15.612329483032227
generation,6759,62.65000104904175,15.389312744140625,59.06999707221985,16.02111053466797
generation,6760,64.10000324249268,14.637472152709961,59.67000126838684,15.59217643737793
generation,6761,64.25000429153442,14.34302806854248,59.56000089645386,15.554883003234863
generation,6762,64.60000276565552,14.63355827331543,59.130001068115234,16.472623825073242
generation,6763,65.30000567436218,14.130223274230957,59.02000069618225,15.717056274414062
generation,6764,64.60000276565552,14.621621131896973,59.34000015258789,15.563945770263672
generation,6765,64.000004529953,15.24678897857666,59.10999774932861,15.730531692504883
generation,6766,64.60000276565552,14.633153915405273,59.64999794960022,15.881951332092285
generation,6767,64.85000252723694,14.202373504638672,59.25999879837036,15.805037498474121
generation,6768,63.95000219345093,14.375381469726562,59.16000008583069,15.690689086914062
generation,6769,64.55000042915344,14.63725757598877,59.450000524520874,16.078046798706055
generation,6770,65.6000018119812,13.467802047729492,59.3999981880188,15.723185539245605
generation,6771,63.50000500679016,15.028763771057129,58.88999700546265,16.081363677978516
generation,6772,64.65000510215759,14.161693572998047,59.17999744415283,15.596841812133789
generation,6773,65.30000567436218,14.07294750213623,59.130001068115234,16.079753875732422
generation,6774,64.75000381469727,14.107245445251465,59.24999713897705,15.513995170593262
generation,6775,65.40000438690186,13.992626190185547,58.74999761581421,15.93411922454834
generation,6776,63.850003480911255,14.656041145324707,59.25999879837036,16.04400062561035
generation,6777,65.10000228881836,14.29220962524414,59.119999408721924,16.105905532836914
generation,6778,65.70000052452087,13.936824798583984,59.18999910354614,16.066177368164062
generation,6779,63.850003480911255,15.672944068908691,58.709996938705444,16.24559211730957
generation,6780,63.95000219345093,15.187569618225098,59.349995851516724,15.468870162963867
generation,6781,65.20000100135803,14.773120880126953,59.579998254776,15.717337608337402
generation,6782,65.35000205039978,14.131913185119629,59.18999910354614,15.822162628173828
generation,6783,64.45000171661377,14.781744956970215,59.380000829696655,15.757944107055664
generation,6784,66.05000495910645,13.093182563781738,58.70000123977661,15.854408264160156
generation,6785,63.65000009536743,15.241525650024414,59.359997510910034,15.820768356323242
generation,6786,63.55000138282776,14.618138313293457,59.16999578475952,15.878994941711426
generation,6787,63.75000476837158,15.229063034057617,58.53999853134155,16.0349063873291
generation,6788,63.450002670288086,14.422130584716797,58.410000801086426,15.698721885681152
generation,6789,63.50000500679016,14.642677307128906,59.74999666213989,15.843423843383789
generation,6790,64.3500030040741,14.270551681518555,59.65999960899353,15.373526573181152
generation,6791,64.3500030040741,15.369199752807617,59.20000076293945,15.868144989013672
generation,6792,65.05000591278076,14.328049659729004,59.58999991416931,15.860671997070312
generation,6793,64.65000510215759,14.007890701293945,59.90999937057495,15.596837043762207
generation,6794,63.55000138282776,15.059269905090332,59.70999598503113,15.708395004272461
generation,6795,64.50000405311584,14.28720474243164,59.0999960899353,15.903528213500977
generation,6796,63.70000243186951,14.70081901550293,59.49999690055847,15.435649871826172
generation,6797,64.50000405311584,13.945162773132324,59.67000126838684,16.017223358154297
generation,6798,63.600003719329834,15.672800064086914,59.31000113487244,16.232961654663086
generation,6799,64.40000534057617,14.443157196044922,59.43999886512756,15.823695182800293
generation,6800,65.20000100135803,14.58938217163086,59.769999980926514,15.643065452575684
generation,6801,65.30000567436218,14.473342895507812,59.74000096321106,15.7783842086792
generation,6802,65.5500054359436,13.55856704711914,59.43999886512756,15.779913902282715
generation,6803,63.80000114440918,15.000354766845703,58.88999700546265,15.654783248901367
generation,6804,65.65000414848328,14.637496948242188,59.46999788284302,15.912155151367188
generation,6805,64.45000171661377,15.189582824707031,59.70999598503113,15.605706214904785
generation,6806,65.20000100135803,14.32909870147705,59.90999937057495,15.632932662963867
generation,6807,65.40000438690186,13.80246639251709,59.859997034072876,15.57944393157959
generation,6808,64.30000066757202,14.43910026550293,59.609997272491455,15.811320304870605
generation,6809,64.60000276565552,14.004000663757324,58.91000032424927,15.899325370788574
generation,6810,64.3500030040741,13.3335542678833,59.81999635696411,15.667400360107422
generation,6811,63.80000114440918,14.702548027038574,59.16000008583069,15.597196578979492
generation,6812,65.35000205039978,14.371589660644531,59.599995613098145,15.720380783081055
generation,6813,65.6000018119812,14.081642150878906,59.25999879837036,15.594927787780762
generation,6814,63.10000419616699,15.05345344543457,59.17999744415283,15.782402992248535
generation,6815,64.70000147819519,14.991193771362305,59.619998931884766,16.307313919067383
generation,6816,64.10000324249268,15.409151077270508,58.230000734329224,16.638504028320312
generation,6817,64.10000324249268,14.408285140991211,59.529995918273926,15.66312026977539
generation,6818,64.30000066757202,13.978090286254883,59.86999869346619,15.694676399230957
generation,6819,64.55000042915344,14.662994384765625,59.52000021934509,15.738154411315918
generation,6820,64.45000171661377,14.633391380310059,58.88999700546265,15.888554573059082
generation,6821,65.40000438690186,14.168338775634766,59.24999713897705,16.004974365234375
generation,6822,65.30000567436218,13.0238037109375,59.86999869346619,15.535755157470703
generation,6823,66.45000576972961,13.256387710571289,58.969998359680176,15.429914474487305
generation,6824,64.45000171661377,14.281351089477539,59.209996461868286,15.583654403686523
generation,6825,65.15000462532043,14.275561332702637,58.980000019073486,15.297560691833496
generation,6826,65.05000591278076,14.329547882080078,58.969998359680176,15.429914474487305
generation,6827,64.55000042915344,14.566009521484375,59.81999635696411,15.631072044372559
generation,6828,64.45000171661377,14.659863471984863,59.609997272491455,15.66788101196289
generation,6829,64.75000381469727,14.650554656982422,59.81999635696411,15.741923332214355
generation,6830,65.45000076293945,13.297562599182129,59.41999554634094,15.489913940429688
generation,6831,63.95000219345093,13.5723295211792,60.29999852180481,15.41903305053711
generation,6832,64.0500009059906,14.450440406799316,59.81000065803528,15.73245906829834
generation,6833,63.30000162124634,15.948307037353516,59.299999475479126,15.85342025756836
generation,6834,64.90000486373901,14.588334083557129,59.56000089645386,15.584098815917969
generation,6835,65.35000205039978,14.03062629699707,59.16999578475952,15.259400367736816
generation,6836,64.55000042915344,14.310163497924805,58.89999866485596,15.818490982055664
generation,6837,64.10000324249268,14.45596694946289,58.629995584487915,15.732597351074219
generation,6838,64.3500030040741,14.010590553283691,58.89999866485596,15.501948356628418
generation,6839,64.10000324249268,14.372044563293457,59.859997034072876,15.510396957397461
generation,6840,65.25000333786011,13.517354965209961,59.609997272491455,15.713873863220215
generation,6841,65.5500054359436,13.957910537719727,59.58999991416931,15.66912841796875
generation,6842,65.05000591278076,14.040461540222168,59.279996156692505,16.140178680419922
generation,6843,64.75000381469727,14.688572883605957,59.689998626708984,15.812355995178223
generation,6844,64.85000252723694,13.236394882202148,59.529995918273926,15.575209617614746
generation,6845,64.45000171661377,14.902268409729004,59.060001373291016,15.898432731628418
generation,6846,65.30000567436218,13.898301124572754,59.67000126838684,15.734952926635742
generation,6847,63.95000219345093,14.63476848602295,60.030001401901245,15.420797348022461
generation,6848,65.20000100135803,14.449296951293945,59.78999733924866,15.485487937927246
generation,6849,64.65000510215759,14.114113807678223,59.029996395111084,15.721562385559082
generation,6850,65.30000567436218,12.895298957824707,59.56000089645386,15.388885498046875
generation,6851,62.7500057220459,15.46567153930664,59.32999849319458,15.43736743927002
generation,6852,64.55000042915344,14.268098831176758,59.380000829696655,15.0357027053833
generation,6853,64.20000195503235,14.233933448791504,59.65999960899353,15.610085487365723
generation,6854,64.70000147819519,13.725860595703125,59.71999764442444,15.509320259094238
generation,6855,63.95000219345093,14.624232292175293,59.630000591278076,15.75261402130127
generation,6856,63.30000162124634,14.933375358581543,59.79999899864197,15.415976524353027
generation,6857,64.15000557899475,13.87208366394043,59.349995851516724,15.583245277404785
generation,6858,63.850003480911255,14.268298149108887,59.72999930381775,16.121551513671875
generation,6859,63.200002908706665,14.76021671295166,58.49999785423279,16.314828872680664
generation,6860,65.85000157356262,13.68134880065918,59.279996156692505,15.549229621887207
generation,6861,63.25000524520874,14.616663932800293,59.71999764442444,15.736127853393555
generation,6862,64.85000252723694,13.974051475524902,59.539997577667236,15.632560729980469
generation,6863,64.50000405311584,13.82628345489502,59.16999578475952,15.802690505981445
generation,6864,65.25000333786011,14.300719261169434,59.130001068115234,15.4912109375
generation,6865,64.30000066757202,14.010519027709961,59.14999842643738,16.097652435302734
generation,6866,66.45000576972961,13.4530611038208,59.029996395111084,15.762829780578613
generation,6867,64.70000147819519,14.218179702758789,59.74999666213989,15.503467559814453
generation,6868,64.3500030040741,14.500934600830078,59.31000113487244,15.879931449890137
generation,6869,63.75000476837158,14.687609672546387,59.52000021934509,16.049924850463867
generation,6870,65.40000438690186,14.189208984375,59.31000113487244,15.879931449890137
generation,6871,64.85000252723694,13.151590347290039,59.67000126838684,15.620731353759766
generation,6872,64.55000042915344,14.442971229553223,59.349995851516724,15.669937133789062
generation,6873,65.35000205039978,14.248337745666504,59.00999903678894,15.737854957580566
generation,6874,65.5500054359436,13.37502670288086,59.289997816085815,15.433375358581543
generation,6875,65.25000333786011,14.349605560302734,59.52000021934509,15.547676086425781
generation,6876,64.70000147819519,14.296491622924805,60.019999742507935,15.40804672241211
generation,6877,65.15000462532043,13.920966148376465,59.24000144004822,15.551092147827148
generation,6878,62.5,15.047027587890625,59.64999794960022,14.994691848754883
generation,6879,64.25000429153442,14.691354751586914,59.20000076293945,15.66983413696289
generation,6880,64.90000486373901,14.629828453063965,59.86999869346619,15.715118408203125
generation,6881,63.10000419616699,14.568961143493652,59.56999659538269,15.643254280090332
generation,6882,65.10000228881836,14.035090446472168,59.20000076293945,15.558175086975098
generation,6883,64.40000534057617,13.778205871582031,59.17999744415283,15.918906211853027
generation,6884,64.55000042915344,14.250557899475098,59.16000008583069,15.768048286437988
generation,6885,66.80000424385071,13.001835823059082,59.859997034072876,15.486682891845703
generation,6886,64.95000123977661,14.669740676879883,59.46999788284302,15.534351348876953
generation,6887,64.90000486373901,14.140636444091797,59.92000102996826,15.385187149047852
generation,6888,65.6000018119812,13.222532272338867,58.82999897003174,15.79371452331543
generation,6889,63.90000581741333,15.003299713134766,59.67000126838684,15.633546829223633
generation,6890,64.95000123977661,14.120434761047363,58.77000093460083,15.846236228942871
generation,6891,64.85000252723694,14.466423988342285,59.58999991416931,15.847555160522461
generation,6892,63.95000219345093,14.401581764221191,59.34000015258789,15.655621528625488
generation,6893,64.30000066757202,14.23855209350586,59.7599983215332,15.606011390686035
generation,6894,65.65000414848328,13.434165000915527,59.07999873161316,15.839481353759766
generation,6895,63.450002670288086,14.864473342895508,59.54999923706055,15.24968147277832
generation,6896,66.00000262260437,13.846914291381836,59.049999713897705,15.61347770690918
generation,6897,64.45000171661377,14.341564178466797,58.43999981880188,15.728777885437012
generation,6898,65.65000414848328,14.113499641418457,59.060001373291016,15.935367584228516
generation,6899,63.850003480911255,14.243285179138184,59.40999984741211,15.807044982910156
generation,6900,64.55000042915344,14.510588645935059,59.81000065803528,15.43749713897705
generation,6901,63.50000500679016,14.680373191833496,59.17999744415283,15.729557991027832
generation,6902,64.55000042915344,14.004518508911133,59.45999622344971,15.604812622070312
generation,6903,65.15000462532043,14.214616775512695,59.369999170303345,15.924301147460938
generation,6904,63.50000500679016,14.85749626159668,59.79999899864197,15.475120544433594
generation,6905,66.70000553131104,13.625699043273926,59.7599983215332,15.587560653686523
generation,6906,66.40000343322754,13.884256362915039,59.64999794960022,15.518265724182129
generation,6907,66.75000190734863,14.034421920776367,59.32999849319458,15.96635913848877
generation,6908,65.40000438690186,13.251521110534668,59.32999849319458,15.661396980285645
generation,6909,63.05000185966492,14.770624160766602,59.24000144004822,15.23381233215332
generation,6910,65.25000333786011,13.903916358947754,59.86999869346619,15.292819023132324
generation,6911,63.70000243186951,14.85854721069336,59.119999408721924,15.684114456176758
generation,6912,63.600003719329834,13.868314743041992,59.65999960899353,15.280370712280273
generation,6913,63.50000500679016,15.257791519165039,59.10999774932861,15.649348258972168
generation,6914,63.80000114440918,14.930631637573242,59.49000120162964,15.768445014953613
generation,6915,63.95000219345093,14.481704711914062,59.74000096321106,15.486112594604492
generation,6916,64.25000429153442,14.146270751953125,58.9199960231781,15.828269958496094
generation,6917,64.40000534057617,14.256736755371094,59.209996461868286,15.676953315734863
generation,6918,63.90000581741333,14.004263877868652,59.279996156692505,15.090287208557129
generation,6919,64.90000486373901,15.004587173461914,59.279996156692505,15.833685874938965
generation,6920,64.85000252723694,14.559505462646484,59.17999744415283,15.739194869995117
generation,6921,65.6000018119812,13.259334564208984,59.20000076293945,15.51382827758789
generation,6922,63.80000114440918,14.856821060180664,59.88999605178833,15.456605911254883
generation,6923,64.10000324249268,13.68681526184082,59.679996967315674,15.56381607055664
generation,6924,64.95000123977661,13.791863441467285,59.58999991416931,15.300986289978027
generation,6925,63.40000033378601,14.04270076751709,59.299999475479126,15.495920181274414
generation,6926,66.05000495910645,13.422968864440918,59.46999788284302,15.58519172668457
generation,6927,65.30000567436218,13.592243194580078,59.950000047683716,15.489938735961914
generation,6928,65.65000414848328,13.606818199157715,58.66999626159668,15.963529586791992
generation,6929,62.7500057220459,14.205290794372559,58.959996700286865,15.777934074401855
generation,6930,65.50000309944153,13.096953392028809,59.31000113487244,15.182967185974121
generation,6931,63.200002908706665,15.338436126708984,59.83999967575073,15.507842063903809
generation,6932,65.80000519752502,13.837985038757324,59.060001373291016,15.596298217773438
generation,6933,66.95000529289246,13.967849731445312,59.72999930381775,15.89887809753418
generation,6934,65.40000438690186,13.99553394317627,59.450000524520874,15.51205825805664
generation,6935,64.85000252723694,13.567038536071777,59.619998931884766,15.569537162780762
generation,6936,64.90000486373901,14.480178833007812,59.58999991416931,15.341387748718262
generation,6937,63.05000185966492,15.075743675231934,59.10999774932861,15.962345123291016
generation,6938,64.3500030040741,14.200130462646484,59.85000133514404,15.450888633728027
generation,6939,63.850003480911255,13.445521354675293,58.75999927520752,15.247878074645996
generation,6940,65.65000414848328,12.841986656188965,59.27000045776367,15.430384635925293
generation,6941,65.35000205039978,13.414523124694824,59.579998254776,15.289148330688477
generation,6942,65.30000567436218,13.901995658874512,60.009998083114624,15.72408390045166
generation,6943,64.30000066757202,13.880990028381348,59.54999923706055,15.793678283691406
generation,6944,66.60000085830688,13.240203857421875,59.2199981212616,15.621170043945312
generation,6945,64.85000252723694,13.767134666442871,59.349995851516724,15.779084205627441
generation,6946,63.80000114440918,14.53616714477539,59.70999598503113,15.48261833190918
generation,6947,64.80000019073486,13.651610374450684,59.679996967315674,15.865097999572754
generation,6948,63.90000581741333,13.656755447387695,58.6899995803833,15.543965339660645
generation,6949,65.80000519752502,13.456798553466797,59.42999720573425,15.733160972595215
generation,6950,63.80000114440918,14.462708473205566,59.579998254776,16.03985595703125
generation,6951,64.90000486373901,14.181122779846191,59.50999855995178,15.680254936218262
generation,6952,64.50000405311584,14.146529197692871,59.70999598503113,15.48261833190918
generation,6953,65.15000462532043,14.431171417236328,59.72999930381775,15.711544036865234
generation,6954,64.80000019073486,14.038558959960938,59.32999849319458,15.294784545898438
generation,6955,63.30000162124634,14.771648406982422,59.689998626708984,15.546473503112793
generation,6956,64.55000042915344,14.338411331176758,59.289997816085815,15.68752670288086
generation,6957,62.950003147125244,15.12303638458252,58.84000062942505,15.97479248046875
generation,6958,64.0500009059906,13.892390251159668,59.47999954223633,15.518003463745117
generation,6959,65.85000157356262,13.247514724731445,59.689998626708984,15.546473503112793
generation,6960,64.25000429153442,14.163403511047363,59.09000039100647,15.968926429748535
generation,6961,63.65000009536743,14.292061805725098,59.700000286102295,15.429773330688477
generation,6962,62.65000104904175,15.609627723693848,59.74999666213989,15.477607727050781
generation,6963,64.95000123977661,14.345132827758789,59.81000065803528,15.967612266540527
generation,6964,65.45000076293945,14.249588966369629,59.929996728897095,15.802101135253906
generation,6965,62.550002336502075,15.750027656555176,59.769999980926514,15.731780052185059
generation,6966,66.2000060081482,13.83564567565918,59.599995613098145,15.842313766479492
generation,6967,65.10000228881836,14.181489944458008,59.689998626708984,15.037160873413086
generation,6968,64.40000534057617,14.407036781311035,59.619998931884766,15.623554229736328
generation,6969,63.40000033378601,14.706790924072266,59.58999991416931,16.016542434692383
generation,6970,64.55000042915344,14.485095024108887,59.50999855995178,15.690712928771973
generation,6971,63.450002670288086,15.170421600341797,58.99999737739563,15.531572341918945
generation,6972,64.25000429153442,14.873525619506836,59.82999801635742,15.632509231567383
generation,6973,64.90000486373901,14.586481094360352,60.009998083114624,15.817360877990723
generation,6974,65.85000157356262,12.697929382324219,59.65999960899353,15.149031639099121
generation,6975,63.50000500679016,14.422576904296875,60.22999882698059,15.246554374694824
generation,6976,63.90000581741333,14.269166946411133,59.27000045776367,16.21015739440918
generation,6977,64.60000276565552,13.789863586425781,59.71999764442444,15.21535587310791
generation,6978,61.70000433921814,16.438766479492188,59.41999554634094,15.920798301696777
generation,6979,65.20000100135803,14.114973068237305,59.529995918273926,16.0139217376709
generation,6980,62.90000081062317,15.149998664855957,59.7599983215332,15.583311080932617
generation,6981,65.05000591278076,14.172966003417969,59.71999764442444,15.613303184509277
generation,6982,65.30000567436218,14.200982093811035,59.81000065803528,15.668232917785645
generation,6983,66.30000472068787,13.32748031616211,59.71999764442444,15.613303184509277
generation,6984,64.90000486373901,14.571656227111816,59.82999801635742,15.506540298461914
generation,6985,62.7500057220459,15.280279159545898,59.67000126838684,15.76628303527832
generation,6986,63.35000395774841,15.382367134094238,59.07999873161316,15.920734405517578
generation,6987,63.95000219345093,14.833169937133789,59.450000524520874,15.643187522888184
generation,6988,64.95000123977661,13.801559448242188,59.450000524520874,15.951915740966797
generation,6989,65.15000462532043,14.225913047790527,58.98999571800232,16.1328182220459
generation,6990,64.65000510215759,14.349135398864746,59.41999554634094,16.07012176513672
generation,6991,64.80000019073486,14.374685287475586,59.40999984741211,15.583559036254883
generation,6992,65.50000309944153,14.315855979919434,58.7399959564209,15.9907808303833
generation,6993,64.25000429153442,14.674464225769043,60.11999845504761,15.244359016418457
generation,6994,63.55000138282776,14.790775299072266,60.04999876022339,15.634384155273438
generation,6995,65.15000462532043,14.77946949005127,59.349995851516724,15.530278205871582
generation,6996,65.65000414848328,14.539790153503418,59.96999740600586,15.554067611694336
generation,6997,65.30000567436218,13.42236328125,59.939998388290405,15.555684089660645
generation,6998,65.15000462532043,14.422142028808594,59.31999683380127,16.165559768676758
generation,6999,65.00000357627869,13.78969955444336,59.42999720573425,15.601393699645996
generation,7000,64.75000381469727,14.321494102478027,59.619998931884766,15.623847007751465
generation,7001,64.25000429153442,14.497776985168457,59.349995851516724,15.692221641540527
generation,7002,64.30000066757202,14.437511444091797,59.71999764442444,15.635717391967773
generation,7003,65.40000438690186,14.275413513183594,59.529995918273926,15.779284477233887
generation,7004,64.0500009059906,15.010295867919922,59.619998931884766,15.623847007751465
generation,7005,65.30000567436218,14.340798377990723,59.700000286102295,15.732062339782715
generation,7006,65.05000591278076,13.874908447265625,59.67000126838684,15.541194915771484
generation,7007,65.85000157356262,13.897127151489258,59.58999991416931,15.86291217803955
generation,7008,66.10000133514404,13.667946815490723,59.67000126838684,15.541194915771484
generation,7009,64.85000252723694,13.706705093383789,59.64999794960022,15.668313980102539
generation,7010,66.00000262260437,13.875923156738281,59.380000829696655,16.170974731445312
generation,7011,64.10000324249268,14.8092041015625,59.47999954223633,16.077919006347656
generation,7012,65.15000462532043,14.027198791503906,59.52000021934509,15.68377685546875
generation,7013,62.7500057220459,14.916419982910156,59.689998626708984,15.94875431060791
generation,7014,64.10000324249268,14.728431701660156,59.70999598503113,15.46812629699707
generation,7015,66.55000448226929,13.463644027709961,59.32999849319458,15.600298881530762
generation,7016,65.00000357627869,13.634126663208008,60.0600004196167,15.41812515258789
generation,7017,65.6000018119812,13.421623229980469,59.78999733924866,15.246856689453125
generation,7018,65.25000333786011,14.24642562866211,59.47999954223633,15.372734069824219
generation,7019,65.65000414848328,13.338627815246582,59.64999794960022,15.749457359313965
generation,7020,63.90000581741333,13.796710968017578,59.34000015258789,15.5263671875
generation,7021,64.65000510215759,14.588303565979004,59.209996461868286,16.33323097229004
generation,7022,64.30000066757202,15.130916595458984,59.38999652862549,16.19359016418457
generation,7023,65.00000357627869,14.282025337219238,59.630000591278076,15.566494941711426
generation,7024,63.40000033378601,16.09505271911621,59.119999408721924,16.051555633544922
generation,7025,63.75000476837158,14.003527641296387,58.959996700286865,15.438111305236816
generation,7026,66.45000576972961,13.316695213317871,59.50999855995178,15.446438789367676
generation,7027,64.80000019073486,14.80288314819336,60.13000011444092,15.755034446716309
generation,7028,62.90000081062317,14.36829662322998,59.689998626708984,15.658230781555176
generation,7029,66.05000495910645,13.974114418029785,59.369999170303345,15.833681106567383
generation,7030,64.20000195503235,14.668874740600586,59.32999849319458,15.786593437194824
generation,7031,64.75000381469727,14.126557350158691,58.93999934196472,15.531421661376953
generation,7032,65.85000157356262,15.005882263183594,59.299999475479126,16.00715446472168
generation,7033,65.10000228881836,14.063069343566895,59.630000591278076,15.482412338256836
generation,7034,63.10000419616699,15.715402603149414,59.16000008583069,15.672141075134277
generation,7035,64.20000195503235,15.167658805847168,59.279996156692505,16.189016342163086
generation,7036,63.25000524520874,14.406342506408691,59.349995851516724,15.235295295715332
generation,7037,64.90000486373901,14.830889701843262,59.289997816085815,16.44569969177246
generation,7038,64.15000557899475,13.5498046875,59.72999930381775,15.29444694519043
generation,7039,65.05000591278076,14.637742042541504,59.74999666213989,15.285050392150879
generation,7040,64.3500030040741,14.85391902923584,59.2199981212616,15.775156021118164
generation,7041,65.05000591278076,14.304999351501465,59.90999937057495,15.36831283569336
generation,7042,64.25000429153442,14.372124671936035,59.700000286102295,15.372154235839844
generation,7043,64.65000510215759,13.482346534729004,59.22999978065491,15.614893913269043
generation,7044,64.50000405311584,14.45300579071045,59.039998054504395,15.892960548400879
generation,7045,64.0500009059906,14.48180103302002,59.38999652862549,15.657941818237305
generation,7046,65.45000076293945,14.06944465637207,59.40999984741211,15.549154281616211
generation,7047,65.05000591278076,14.42935848236084,60.14999747276306,15.492676734924316
generation,7048,65.45000076293945,13.391283988952637,59.16000008583069,15.585886001586914
generation,7049,64.95000123977661,13.755311012268066,59.349995851516724,15.492679595947266
generation,7050,64.3500030040741,14.347132682800293,58.709996938705444,15.758925437927246
generation,7051,63.70000243186951,14.956695556640625,59.81999635696411,15.56742000579834
generation,7052,64.55000042915344,14.565999984741211,60.17000079154968,15.924403190612793
generation,7053,64.45000171661377,14.098453521728516,59.700000286102295,15.682573318481445
generation,7054,65.5500054359436,14.567121505737305,59.49000120162964,16.076549530029297
generation,7055,65.15000462532043,14.193856239318848,60.04999876022339,15.546038627624512
generation,7056,64.20000195503235,14.732497215270996,59.24000144004822,15.756324768066406
generation,7057,66.00000262260437,13.910015106201172,59.74000096321106,15.981961250305176
generation,7058,63.65000009536743,14.317313194274902,59.700000286102295,15.7587251663208
generation,7059,63.25000524520874,15.046549797058105,59.299999475479126,15.711857795715332
generation,7060,63.90000581741333,14.576358795166016,58.7399959564209,15.842000007629395
generation,7061,64.20000195503235,15.311964988708496,60.21999716758728,15.781813621520996
generation,7062,64.10000324249268,15.032322883605957,59.83999967575073,15.99524211883545
generation,7063,65.10000228881836,14.152517318725586,59.619998931884766,15.686386108398438
generation,7064,66.2000060081482,13.60574722290039,59.47999954223633,15.971467018127441
generation,7065,64.75000381469727,13.364890098571777,59.579998254776,15.649556159973145
generation,7066,64.75000381469727,14.428150177001953,59.359997510910034,15.96808910369873
generation,7067,65.10000228881836,14.531729698181152,59.529995918273926,15.839742660522461
generation,7068,63.55000138282776,14.33039379119873,59.97999906539917,15.575831413269043
generation,7069,65.6000018119812,14.272396087646484,59.31000113487244,16.137845993041992
generation,7070,65.45000076293945,13.93826961517334,60.1099967956543,15.584604263305664
generation,7071,63.15000057220459,14.629449844360352,59.64999794960022,15.470049858093262
generation,7072,63.80000114440918,14.595739364624023,59.539997577667236,16.577978134155273
generation,7073,64.90000486373901,13.949627876281738,58.92999768257141,15.330351829528809
generation,7074,64.55000042915344,14.654728889465332,59.83999967575073,15.950971603393555
generation,7075,63.90000581741333,14.553397178649902,59.56999659538269,15.459115982055664
generation,7076,63.50000500679016,15.253891944885254,59.31999683380127,16.166152954101562
generation,7077,64.45000171661377,12.804438591003418,59.46999788284302,15.652612686157227
generation,7078,63.10000419616699,15.836465835571289,59.369999170303345,16.266260147094727
generation,7079,64.25000429153442,15.301996231079102,59.63999629020691,15.9219388961792
generation,7080,63.450002670288086,14.958610534667969,59.599995613098145,15.833756446838379
generation,7081,66.75000190734863,13.756875038146973,59.90999937057495,15.566520690917969
generation,7082,65.9000039100647,14.001459121704102,59.99999642372131,15.886432647705078
generation,7083,65.30000567436218,13.49870491027832,60.19999980926514,15.79073715209961
generation,7084,65.6000018119812,14.358901977539062,60.11999845504761,15.821717262268066
generation,7085,64.80000019073486,14.572178840637207,59.49000120162964,15.456220626831055
generation,7086,65.35000205039978,13.567193031311035,59.359997510910034,16.240882873535156
generation,7087,64.95000123977661,14.059814453125,59.92000102996826,15.753987312316895
generation,7088,65.20000100135803,14.680577278137207,59.71999764442444,15.778570175170898
generation,7089,65.9000039100647,13.746057510375977,60.06999611854553,15.908785820007324
generation,7090,65.5500054359436,13.3848876953125,59.529995918273926,15.71997356414795
generation,7091,64.20000195503235,15.01140308380127,59.58999991416931,15.920056343078613
generation,7092,64.20000195503235,14.670047760009766,59.74000096321106,15.662898063659668
generation,7093,64.45000171661377,13.803814888000488,59.74999666213989,15.599007606506348
generation,7094,65.10000228881836,14.067399978637695,59.3999981880188,16.17721939086914
generation,7095,64.95000123977661,14.272939682006836,59.46999788284302,15.865707397460938
generation,7096,66.10000133514404,14.692461967468262,59.380000829696655,16.299142837524414
generation,7097,64.95000123977661,13.56913948059082,60.019999742507935,15.683234214782715
generation,7098,64.000004529953,14.87439250946045,59.43999886512756,15.593647003173828
generation,7099,65.15000462532043,14.763998985290527,60.189998149871826,15.693136215209961
generation,7100,64.30000066757202,14.203746795654297,59.929996728897095,15.858202934265137
generation,7101,65.00000357627869,14.87890625,59.450000524520874,15.978072166442871
generation,7102,66.60000085830688,14.111066818237305,59.64999794960022,16.01259994506836
generation,7103,63.90000581741333,14.69078254699707,59.859997034072876,15.820018768310547
generation,7104,63.10000419616699,14.607122421264648,59.78999733924866,15.56047534942627
generation,7105,63.65000009536743,14.645176887512207,59.859997034072876,15.601975440979004
generation,7106,65.6000018119812,13.963584899902344,59.31999683380127,15.506351470947266
generation,7107,64.000004529953,14.876551628112793,59.769999980926514,15.610321998596191
generation,7108,64.65000510215759,14.031740188598633,59.63999629020691,15.745207786560059
generation,7109,65.15000462532043,14.193157196044922,59.539997577667236,15.824609756469727
generation,7110,65.05000591278076,13.847905158996582,59.54999923706055,15.581218719482422
generation,7111,65.25000333786011,13.250621795654297,60.04999876022339,15.437955856323242
generation,7112,67.30000376701355,13.881641387939453,59.859997034072876,16.070039749145508
generation,7113,63.90000581741333,14.21724796295166,59.2199981212616,15.557839393615723
generation,7114,62.950003147125244,15.771319389343262,59.8800003528595,15.686060905456543
generation,7115,62.90000081062317,15.743841171264648,59.20000076293945,15.817265510559082
generation,7116,65.6000018119812,14.807762145996094,59.07999873161316,16.165599822998047
generation,7117,64.95000123977661,13.917531967163086,59.769999980926514,15.441062927246094
generation,7118,65.20000100135803,13.910744667053223,59.8800003528595,15.686060905456543
generation,7119,62.90000081062317,15.18246078491211,59.7599983215332,15.786479949951172
generation,7120,66.65000319480896,13.328603744506836,59.359997510910034,15.987635612487793
generation,7121,64.90000486373901,14.456409454345703,59.49999690055847,16.316003799438477
generation,7122,64.80000019073486,14.600614547729492,59.529995918273926,15.888267517089844
generation,7123,65.9500002861023,13.588862419128418,60.20999550819397,15.273187637329102
generation,7124,65.25000333786011,13.489236831665039,59.24000144004822,15.850086212158203
generation,7125,65.40000438690186,14.491450309753418,59.289997816085815,16.3043212890625
generation,7126,64.000004529953,14.605117797851562,59.70999598503113,15.831686019897461
generation,7127,66.95000529289246,12.969563484191895,59.43999886512756,15.859206199645996
generation,7128,67.75000095367432,13.23337173461914,58.7399959564209,15.920031547546387
generation,7129,65.80000519752502,13.550738334655762,59.82999801635742,16.169719696044922
generation,7130,63.10000419616699,15.2323579788208,59.47999954223633,15.849465370178223
generation,7131,65.05000591278076,14.36634635925293,58.52000117301941,16.42047119140625
generation,7132,65.05000591278076,14.270926475524902,58.9199960231781,16.28484344482422
generation,7133,65.15000462532043,14.098431587219238,59.83999967575073,15.559714317321777
generation,7134,64.55000042915344,14.5957670211792,59.83999967575073,15.715325355529785
generation,7135,64.10000324249268,15.135039329528809,59.209996461868286,16.01831817626953
generation,7136,65.15000462532043,13.131840705871582,59.71999764442444,15.311141967773438
generation,7137,65.9500002861023,13.320555686950684,59.63999629020691,15.777030944824219
generation,7138,63.65000009536743,15.797778129577637,59.22999978065491,16.100250244140625
generation,7139,63.90000581741333,14.563353538513184,59.17999744415283,16.148340225219727
generation,7140,65.45000076293945,15.088695526123047,59.70999598503113,15.846762657165527
generation,7141,64.25000429153442,15.008685111999512,59.96999740600586,15.463756561279297
generation,7142,64.70000147819519,13.92885971069336,59.74000096321106,15.498673439025879
generation,7143,63.95000219345093,13.976482391357422,59.88999605178833,15.538675308227539
generation,7144,64.80000019073486,13.884245872497559,59.49000120162964,15.907919883728027
generation,7145,64.10000324249268,15.027947425842285,59.67000126838684,15.5087308883667
generation,7146,66.15000367164612,13.999181747436523,59.90999937057495,15.711989402770996
generation,7147,65.40000438690186,14.102535247802734,60.269999504089355,15.588727951049805
generation,7148,65.45000076293945,13.455678939819336,59.13999676704407,15.751412391662598
generation,7149,64.90000486373901,14.027649879455566,59.46999788284302,16.26188850402832
generation,7150,63.80000114440918,14.480022430419922,60.06999611854553,15.603089332580566
generation,7151,65.85000157356262,13.449448585510254,59.65999960899353,15.693696975708008
generation,7152,65.80000519752502,13.854281425476074,59.539997577667236,15.811352729797363
generation,7153,64.10000324249268,15.212902069091797,59.349995851516724,16.402996063232422
generation,7154,63.75000476837158,15.272615432739258,59.34000015258789,16.145278930664062
generation,7155,65.00000357627869,13.711849212646484,59.579998254776,15.834848403930664
generation,7156,64.40000534057617,14.025551795959473,59.78999733924866,15.604523658752441
generation,7157,65.30000567436218,14.39771556854248,59.46999788284302,15.963199615478516
generation,7158,63.65000009536743,15.78227710723877,59.81000065803528,15.68393325805664
generation,7159,63.90000581741333,14.319387435913086,59.299999475479126,15.572108268737793
generation,7160,63.95000219345093,14.431341171264648,59.630000591278076,15.5261812210083
generation,7161,64.50000405311584,15.15577507019043,59.45999622344971,15.812847137451172
generation,7162,65.30000567436218,14.292110443115234,59.40999984741211,16.149063110351562
generation,7163,63.70000243186951,14.514473915100098,59.58999991416931,15.480043411254883
generation,7164,63.10000419616699,15.339212417602539,59.679996967315674,15.65515422821045
generation,7165,66.00000262260437,13.85196590423584,59.16000008583069,15.81520938873291
generation,7166,65.40000438690186,13.668231964111328,59.74999666213989,15.545134544372559
generation,7167,65.9500002861023,13.402227401733398,59.529995918273926,16.01642417907715
generation,7168,63.75000476837158,14.838921546936035,59.24000144004822,16.272829055786133
generation,7169,63.40000033378601,14.984879493713379,59.74000096321106,15.746363639831543
generation,7170,64.95000123977661,14.360407829284668,59.97999906539917,15.639421463012695
generation,7171,65.15000462532043,14.481517791748047,59.96999740600586,15.693482398986816
generation,7172,63.40000033378601,14.539205551147461,59.369999170303345,16.210590362548828
generation,7173,64.90000486373901,14.59606647491455,59.619998931884766,15.906732559204102
generation,7174,65.10000228881836,14.232081413269043,59.63999629020691,15.704566955566406
generation,7175,64.85000252723694,13.668630599975586,59.359997510910034,15.626876831054688
generation,7176,65.70000052452087,12.940780639648438,59.43999886512756,15.850379943847656
generation,7177,64.55000042915344,14.441887855529785,59.99999642372131,15.50444507598877
generation,7178,63.850003480911255,14.56543254852295,59.689998626708984,15.856090545654297
generation,7179,64.000004529953,14.502039909362793,60.179996490478516,15.45804214477539
generation,7180,63.40000033378601,15.120732307434082,59.679996967315674,15.946986198425293
generation,7181,65.6000018119812,13.982298851013184,59.81999635696411,15.978079795837402
generation,7182,64.45000171661377,14.297111511230469,60.36999821662903,15.446690559387207
generation,7183,65.30000567436218,14.246456146240234,60.009998083114624,15.360931396484375
generation,7184,66.55000448226929,13.93712043762207,59.49000120162964,15.763405799865723
generation,7185,64.000004529953,14.559008598327637,59.77999567985535,15.796737670898438
generation,7186,64.65000510215759,14.639971733093262,60.36999821662903,15.446690559387207
generation,7187,62.950003147125244,15.363717079162598,59.58999991416931,15.742341041564941
generation,7188,63.75000476837158,14.294395446777344,59.56000089645386,15.649563789367676
generation,7189,65.85000157356262,13.777660369873047,60.19999980926514,15.478850364685059
generation,7190,65.85000157356262,14.050345420837402,59.99000072479248,16.024642944335938
generation,7191,65.35000205039978,14.249698638916016,59.56999659538269,15.72841739654541
generation,7192,64.20000195503235,14.162919998168945,59.92000102996826,15.992260932922363
generation,7193,64.65000510215759,15.037628173828125,59.42999720573425,16.11070442199707
generation,7194,66.25000238418579,13.15577507019043,59.81000065803528,15.477105140686035
generation,7195,65.6000018119812,13.590473175048828,59.49999690055847,15.641794204711914
generation,7196,64.25000429153442,14.1849946975708,59.89999771118164,15.860993385314941
generation,7197,64.60000276565552,14.278241157531738,59.56999659538269,16.078401565551758
generation,7198,64.50000405311584,13.82436752319336,60.269999504089355,15.423882484436035
generation,7199,63.15000057220459,14.832947731018066,59.279996156692505,15.724271774291992
generation,7200,64.45000171661377,13.848428726196289,59.64999794960022,15.651470184326172
generation,7201,64.40000534057617,14.591390609741211,59.52000021934509,15.792214393615723
generation,7202,64.20000195503235,13.750676155090332,59.3999981880188,15.565295219421387
generation,7203,65.35000205039978,14.258561134338379,59.579998254776,16.149797439575195
generation,7204,65.20000100135803,14.789963722229004,58.88000130653381,16.642324447631836
generation,7205,66.10000133514404,13.941617012023926,59.22999978065491,15.918642044067383
generation,7206,62.800002098083496,15.718039512634277,59.34000015258789,15.974034309387207
generation,7207,65.05000591278076,14.25040054321289,59.43999886512756,15.617799758911133
generation,7208,65.30000567436218,14.93758487701416,59.369999170303345,16.110252380371094
generation,7209,64.55000042915344,15.184585571289062,59.16000008583069,16.152435302734375
generation,7210,63.65000009536743,14.44704818725586,59.579998254776,15.583979606628418
generation,7211,62.7500057220459,15.514935493469238,59.20000076293945,15.99870491027832
generation,7212,65.45000076293945,14.012537002563477,59.450000524520874,16.291616439819336
generation,7213,64.70000147819519,14.068212509155273,59.54999923706055,15.729093551635742
generation,7214,64.60000276565552,14.873345375061035,59.689998626708984,15.560319900512695
generation,7215,64.85000252723694,14.647716522216797,59.56000089645386,15.928951263427734
generation,7216,65.25000333786011,14.0757417678833,59.679996967315674,15.5881986618042
generation,7217,65.25000333786011,14.465767860412598,59.689998626708984,15.801618576049805
generation,7218,65.00000357627869,14.540353775024414,59.43999886512756,15.837651252746582
generation,7219,64.80000019073486,14.482226371765137,59.14999842643738,16.300621032714844
generation,7220,65.40000438690186,13.930929183959961,59.95999574661255,15.854127883911133
generation,7221,65.35000205039978,14.522263526916504,59.049999713897705,16.131675720214844
generation,7222,64.45000171661377,14.001108169555664,59.63999629020691,15.948351860046387
generation,7223,64.0500009059906,14.021039962768555,60.15999913215637,15.602190971374512
generation,7224,64.65000510215759,13.498462677001953,59.56999659538269,15.67042064666748
generation,7225,64.70000147819519,14.026925086975098,60.43999791145325,15.374853134155273
generation,7226,64.50000405311584,14.559830665588379,58.66999626159668,16.386903762817383
generation,7227,64.70000147819519,14.235673904418945,59.689998626708984,15.632712364196777
generation,7228,65.30000567436218,13.272550582885742,59.22999978065491,15.650256156921387
generation,7229,64.20000195503235,14.266130447387695,59.58999991416931,15.95192813873291
generation,7230,66.00000262260437,13.995795249938965,60.100001096725464,15.789490699768066
generation,7231,64.30000066757202,14.495294570922852,59.31999683380127,15.925167083740234
generation,7232,64.75000381469727,14.205430030822754,59.929996728897095,15.959404945373535
generation,7233,65.40000438690186,14.200514793395996,59.380000829696655,15.830284118652344
generation,7234,64.15000557899475,15.13394832611084,60.08999943733215,15.691984176635742
generation,7235,64.80000019073486,13.769675254821777,59.689998626708984,15.486504554748535
generation,7236,64.10000324249268,15.066925048828125,59.45999622344971,15.222890853881836
generation,7237,64.45000171661377,14.340778350830078,60.08999943733215,15.691984176635742
generation,7238,64.40000534057617,14.764643669128418,59.79999899864197,15.70054817199707
generation,7239,64.65000510215759,14.989413261413574,59.79999899864197,15.895368576049805
generation,7240,65.9000039100647,14.238439559936523,58.74999761581421,15.751740455627441
generation,7241,63.15000057220459,15.256669998168945,59.299999475479126,15.885210990905762
generation,7242,63.90000581741333,14.663130760192871,59.579998254776,15.826861381530762
generation,7243,64.15000557899475,14.868258476257324,60.13000011444092,15.966691017150879
generation,7244,65.10000228881836,13.677142143249512,59.630000591278076,15.536115646362305
generation,7245,64.95000123977661,15.133195877075195,59.24999713897705,16.539779663085938
generation,7246,65.30000567436218,13.985288619995117,59.10999774932861,15.59920597076416
generation,7247,65.5500054359436,13.370408058166504,59.74999666213989,15.520512580871582
generation,7248,63.15000057220459,14.641385078430176,60.31000018119812,15.932235717773438
generation,7249,64.50000405311584,14.781397819519043,58.92999768257141,15.99655818939209
generation,7250,64.45000171661377,15.154937744140625,59.77999567985535,16.04998779296875
generation,7251,63.450002670288086,15.299735069274902,59.619998931884766,16.459230422973633
generation,7252,66.25000238418579,13.900826454162598,59.700000286102295,15.722174644470215
generation,7253,63.75000476837158,14.756171226501465,59.82999801635742,15.634273529052734
generation,7254,65.70000052452087,14.023200988769531,59.63999629020691,15.924150466918945
generation,7255,63.70000243186951,15.868102073669434,59.96999740600586,16.242267608642578
generation,7256,63.75000476837158,15.452685356140137,59.49000120162964,16.346580505371094
generation,7257,64.10000324249268,15.093182563781738,59.43999886512756,15.90917682647705
generation,7258,65.05000591278076,14.927332878112793,59.67000126838684,15.526629447937012
generation,7259,65.20000100135803,13.647915840148926,60.259997844696045,15.466755867004395
generation,7260,64.85000252723694,14.06039810180664,58.92999768257141,15.76117992401123
generation,7261,63.450002670288086,14.950041770935059,60.08999943733215,15.738940238952637
generation,7262,65.15000462532043,14.601156234741211,59.700000286102295,15.639699935913086
generation,7263,64.65000510215759,13.806343078613281,59.599995613098145,15.369816780090332
generation,7264,65.20000100135803,13.916894912719727,60.189998149871826,15.978540420532227
generation,7265,65.65000414848328,14.507975578308105,59.45999622344971,16.232749938964844
generation,7266,64.95000123977661,14.008465766906738,59.16000008583069,15.778604507446289
generation,7267,64.10000324249268,15.169795036315918,59.50999855995178,15.801677703857422
generation,7268,64.30000066757202,13.925556182861328,59.929996728897095,15.503947257995605
generation,7269,63.80000114440918,14.290610313415527,59.58999991416931,15.856474876403809
generation,7270,65.80000519752502,14.703903198242188,59.72999930381775,15.983983039855957
generation,7271,63.90000581741333,15.587985038757324,59.130001068115234,16.061527252197266
generation,7272,64.75000381469727,14.238591194152832,59.74000096321106,15.744674682617188
generation,7273,64.25000429153442,14.612393379211426,59.689998626708984,15.897573471069336
generation,7274,64.85000252723694,15.173407554626465,59.679996967315674,15.988690376281738
generation,7275,65.20000100135803,14.450151443481445,59.599995613098145,15.332132339477539
generation,7276,63.600003719329834,15.614177703857422,59.81000065803528,16.040985107421875
generation,7277,65.05000591278076,14.0274658203125,59.929996728897095,15.490670204162598
generation,7278,63.90000581741333,14.49068546295166,59.49000120162964,16.12744903564453
generation,7279,64.45000171661377,14.252209663391113,60.13999581336975,15.769993782043457
generation,7280,65.85000157356262,13.57499885559082,59.43999886512756,16.055238723754883
generation,7281,65.75000286102295,13.780476570129395,59.599995613098145,15.888992309570312
generation,7282,64.10000324249268,15.112117767333984,59.31999683380127,15.76502799987793
generation,7283,64.45000171661377,14.02413558959961,59.50999855995178,15.781637191772461
generation,7284,66.10000133514404,13.173445701599121,59.64999794960022,15.732035636901855
generation,7285,66.35000109672546,13.292978286743164,59.95999574661255,15.454848289489746
generation,7286,65.35000205039978,13.956457138061523,59.58999991416931,16.321456909179688
generation,7287,65.35000205039978,14.326253890991211,60.009998083114624,15.51319408416748
generation,7288,64.000004529953,14.551277160644531,59.49999690055847,15.976359367370605
generation,7289,62.7500057220459,14.804615020751953,59.279996156692505,15.698704719543457
generation,7290,63.65000009536743,15.035407066345215,59.07999873161316,16.169788360595703
generation,7291,65.20000100135803,13.990680694580078,59.599995613098145,15.641751289367676
generation,7292,64.45000171661377,14.793270111083984,59.58999991416931,16.321456909179688
generation,7293,64.90000486373901,14.183892250061035,60.06999611854553,16.091686248779297
generation,7294,62.40000128746033,15.462591171264648,59.90999937057495,15.909231185913086
generation,7295,64.60000276565552,14.811134338378906,59.74000096321106,15.346579551696777
generation,7296,64.80000019073486,15.473209381103516,59.83999967575073,15.770148277282715
generation,7297,64.95000123977661,14.638517379760742,59.16000008583069,16.200456619262695
generation,7298,65.70000052452087,14.163012504577637,60.189998149871826,15.647443771362305
generation,7299,65.00000357627869,14.369586944580078,59.47999954223633,15.978926658630371
generation,7300,65.15000462532043,13.387909889221191,59.49999690055847,15.900155067443848
generation,7301,65.20000100135803,14.715051651000977,59.52000021934509,16.445680618286133
generation,7302,64.80000019073486,15.093480110168457,59.579998254776,16.04500961303711
generation,7303,65.45000076293945,14.08777904510498,60.07999777793884,15.74109172821045
generation,7304,65.85000157356262,13.677311897277832,59.71999764442444,15.597212791442871
generation,7305,63.850003480911255,14.587700843811035,59.90999937057495,15.795827865600586
generation,7306,65.50000309944153,13.44472599029541,60.14999747276306,15.260501861572266
generation,7307,65.05000591278076,14.289377212524414,59.40999984741211,15.64161205291748
generation,7308,64.40000534057617,14.6889066696167,59.86999869346619,15.626639366149902
generation,7309,65.30000567436218,13.782564163208008,59.41999554634094,15.642720222473145
generation,7310,64.85000252723694,13.591387748718262,59.46999788284302,15.63136100769043
generation,7311,65.65000414848328,13.598235130310059,60.1099967956543,15.79800796508789
generation,7312,65.6000018119812,13.251762390136719,60.030001401901245,15.692626953125
generation,7313,65.00000357627869,13.833436965942383,59.95999574661255,15.805150032043457
generation,7314,64.75000381469727,14.35107421875,59.22999978065491,15.618462562561035
generation,7315,64.25000429153442,15.301816940307617,59.630000591278076,15.588250160217285
generation,7316,67.20000505447388,12.704360961914062,59.359997510910034,15.939812660217285
generation,7317,64.3500030040741,13.387195587158203,59.43999886512756,15.86328125
generation,7318,67.35000610351562,12.697761535644531,59.7599983215332,15.746052742004395
generation,7319,64.85000252723694,13.575088500976562,59.18999910354614,15.79312515258789
generation,7320,65.30000567436218,14.57614517211914,59.81999635696411,16.202392578125
generation,7321,65.6000018119812,14.76737117767334,59.72999930381775,15.777115821838379
generation,7322,65.75000286102295,13.743321418762207,60.49000024795532,15.547795295715332
generation,7323,64.25000429153442,14.463318824768066,60.030001401901245,15.79445743560791
generation,7324,66.25000238418579,13.097667694091797,59.939998388290405,15.557779312133789
generation,7325,65.10000228881836,14.098835945129395,60.46000123023987,15.908795356750488
generation,7326,64.0500009059906,14.813688278198242,60.19999980926514,15.83964729309082
generation,7327,64.30000066757202,14.177170753479004,60.2899968624115,15.55469799041748
generation,7328,65.05000591278076,14.045899391174316,59.49000120162964,15.792858123779297
generation,7329,66.65000319480896,13.789060592651367,59.40999984741211,15.86080265045166
generation,7330,63.90000581741333,14.630655288696289,60.06999611854553,15.346381187438965
generation,7331,64.30000066757202,14.067761421203613,59.81999635696411,15.631429672241211
generation,7332,65.35000205039978,14.402393341064453,59.700000286102295,15.599822998046875
generation,7333,64.15000557899475,14.429932594299316,59.279996156692505,15.821218490600586
generation,7334,65.20000100135803,14.081841468811035,59.71999764442444,15.96219539642334
generation,7335,64.3500030040741,14.411741256713867,59.50999855995178,15.52744197845459
generation,7336,65.20000100135803,13.776198387145996,59.679996967315674,15.701401710510254
generation,7337,64.45000171661377,15.059701919555664,59.25999879837036,15.521256446838379
generation,7338,64.30000066757202,14.60712718963623,60.179996490478516,15.801165580749512
generation,7339,63.35000395774841,14.506355285644531,59.25999879837036,15.521256446838379
generation,7340,67.30000376701355,13.429387092590332,59.74000096321106,15.586228370666504
generation,7341,64.15000557899475,14.447654724121094,59.99999642372131,15.2084379196167
generation,7342,65.9500002861023,14.525726318359375,60.17000079154968,15.649773597717285
generation,7343,64.45000171661377,14.092194557189941,60.17000079154968,15.649773597717285
generation,7344,66.35000109672546,13.714520454406738,59.78999733924866,15.244096755981445
generation,7345,64.15000557899475,14.008910179138184,59.99999642372131,15.2084379196167
generation,7346,64.90000486373901,13.540609359741211,59.14999842643738,15.633143424987793
generation,7347,66.60000085830688,13.606322288513184,59.86999869346619,15.622498512268066
generation,7348,66.35000109672546,13.702825546264648,58.9199960231781,15.988256454467773
generation,7349,62.800002098083496,15.463218688964844,60.329997539520264,15.43720817565918
generation,7350,64.20000195503235,14.276111602783203,59.90999937057495,15.437169075012207
generation,7351,64.25000429153442,14.487936973571777,59.90999937057495,15.437169075012207
generation,7352,64.25000429153442,15.20615005493164,60.329997539520264,15.43720817565918
generation,7353,65.10000228881836,14.61015796661377,59.700000286102295,16.245655059814453
generation,7354,65.70000052452087,13.073269844055176,59.90999937057495,15.437169075012207
generation,7355,64.15000557899475,13.488748550415039,59.41999554634094,15.512137413024902
generation,7356,65.25000333786011,14.674361228942871,59.67000126838684,15.778018951416016
generation,7357,64.70000147819519,14.15845775604248,60.03999710083008,15.087200164794922
generation,7358,63.90000581741333,14.62281322479248,59.679996967315674,15.615232467651367
generation,7359,64.30000066757202,14.660196304321289,59.13999676704407,16.67266082763672
generation,7360,64.10000324249268,14.75739574432373,60.2899968624115,15.735834121704102
generation,7361,64.15000557899475,14.199018478393555,59.679996967315674,15.558424949645996
generation,7362,63.05000185966492,15.548847198486328,59.700000286102295,15.369292259216309
generation,7363,63.50000500679016,15.10086727142334,59.88999605178833,15.57774829864502
generation,7364,63.15000057220459,15.128150939941406,59.039998054504395,15.995504379272461
generation,7365,65.30000567436218,14.046199798583984,59.96999740600586,15.814090728759766
generation,7366,64.30000066757202,14.808266639709473,59.3999981880188,16.23183250427246
generation,7367,64.75000381469727,13.7210054397583,59.609997272491455,15.462162971496582
generation,7368,66.05000495910645,13.600214958190918,60.019999742507935,15.513772010803223
generation,7369,66.2000060081482,13.56022834777832,60.04999876022339,15.757183074951172
generation,7370,65.15000462532043,14.246835708618164,60.11999845504761,15.648633003234863
generation,7371,63.850003480911255,13.883785247802734,59.70999598503113,15.58737850189209
generation,7372,64.10000324249268,14.421241760253906,60.07999777793884,15.40959644317627
generation,7373,63.850003480911255,14.309033393859863,59.52000021934509,15.299538612365723
generation,7374,65.85000157356262,13.276569366455078,59.52000021934509,15.30341911315918
generation,7375,65.40000438690186,14.078173637390137,60.100001096725464,15.734329223632812
generation,7376,64.25000429153442,13.998930931091309,60.53000092506409,15.551892280578613
generation,7377,64.15000557899475,13.846510887145996,60.1099967956543,15.351175308227539
generation,7378,66.10000133514404,13.1255521774292,60.14999747276306,15.088143348693848
generation,7379,66.70000553131104,12.348636627197266,60.14999747276306,15.088143348693848
generation,7380,66.40000343322754,13.263704299926758,60.2899968624115,15.287846565246582
generation,7381,65.9000039100647,12.992294311523438,60.2899968624115,15.287846565246582
generation,7382,63.15000057220459,15.010420799255371,59.79999899864197,15.316550254821777
generation,7383,65.75000286102295,14.035139083862305,59.81999635696411,15.60048770904541
generation,7384,65.30000567436218,13.86678695678711,59.49999690055847,15.282346725463867
generation,7385,65.50000309944153,13.719491004943848,59.88999605178833,15.314840316772461
generation,7386,65.35000205039978,13.903240203857422,60.60999631881714,15.430337905883789
generation,7387,64.75000381469727,13.112187385559082,59.79999899864197,15.316550254821777
generation,7388,63.55000138282776,14.490996360778809,60.11999845504761,15.08082389831543
generation,7389,64.85000252723694,14.727744102478027,59.64999794960022,15.530598640441895
generation,7390,65.10000228881836,13.79848861694336,59.92000102996826,15.525581359863281
generation,7391,65.80000519752502,13.796404838562012,60.17000079154968,15.228890419006348
generation,7392,63.35000395774841,15.28211498260498,60.579997301101685,15.319151878356934
generation,7393,65.9000039100647,13.756302833557129,60.17000079154968,15.57103157043457
generation,7394,63.95000219345093,15.161046981811523,59.89999771118164,15.739813804626465
generation,7395,64.15000557899475,14.541318893432617,59.950000047683716,15.712226867675781
generation,7396,67.05000400543213,12.536823272705078,59.79999899864197,15.316550254821777
generation,7397,64.25000429153442,14.300215721130371,59.609997272491455,15.244147300720215
generation,7398,64.20000195503235,15.144953727722168,59.579998254776,15.798150062561035
generation,7399,66.30000472068787,13.70038890838623,59.86999869346619,15.730963706970215
generation,7400,63.95000219345093,15.02804946899414,59.7599983215332,15.659351348876953
generation,7401,65.20000100135803,13.708112716674805,60.259997844696045,15.356019973754883
generation,7402,65.40000438690186,13.412158966064453,59.45999622344971,15.545645713806152
generation,7403,63.90000581741333,14.207565307617188,59.859997034072876,15.462112426757812
generation,7404,64.3500030040741,14.130913734436035,60.19999980926514,15.417876243591309
generation,7405,66.90000295639038,14.152956008911133,60.19999980926514,15.417876243591309
generation,7406,64.45000171661377,14.415709495544434,59.74000096321106,15.703507423400879
generation,7407,63.70000243186951,15.144325256347656,59.630000591278076,15.82429027557373
generation,7408,65.65000414848328,13.65434741973877,59.72999930381775,15.835240364074707
generation,7409,66.10000133514404,13.844722747802734,60.13000011444092,15.226036071777344
generation,7410,63.90000581741333,14.673757553100586,59.56000089645386,15.740900039672852
generation,7411,64.90000486373901,13.420797348022461,59.78999733924866,15.420024871826172
generation,7412,66.10000133514404,13.81726360321045,59.77999567985535,15.819401741027832
generation,7413,64.70000147819519,15.066780090332031,60.189998149871826,15.860466957092285
generation,7414,65.5500054359436,13.243414878845215,60.0600004196167,15.52469539642334
generation,7415,65.00000357627869,14.073335647583008,59.79999899864197,15.829410552978516
generation,7416,66.15000367164612,12.99250602722168,59.96999740600586,15.244476318359375
generation,7417,64.75000381469727,14.760696411132812,59.950000047683716,15.63973617553711
generation,7418,65.5500054359436,13.85477352142334,59.82999801635742,15.67898941040039
generation,7419,64.15000557899475,14.098382949829102,60.29999852180481,15.326154708862305
generation,7420,65.80000519752502,13.199814796447754,60.06999611854553,15.568685531616211
generation,7421,64.90000486373901,13.836658477783203,59.54999923706055,15.65234375
generation,7422,64.25000429153442,15.246644973754883,59.74000096321106,15.805023193359375
generation,7423,66.2000060081482,13.794054985046387,59.689998626708984,15.853314399719238
generation,7424,64.15000557899475,14.170199394226074,59.64999794960022,15.624890327453613
generation,7425,65.9500002861023,13.29549503326416,59.939998388290405,15.523547172546387
generation,7426,65.5500054359436,13.787233352661133,60.36999821662903,15.421562194824219
generation,7427,64.60000276565552,14.608388900756836,60.21999716758728,15.377569198608398
generation,7428,64.75000381469727,13.81351089477539,59.349995851516724,15.590778350830078
generation,7429,65.6000018119812,13.90518856048584,59.85000133514404,15.55713939666748
generation,7430,66.60000085830688,13.7237548828125,60.29999852180481,15.521015167236328
generation,7431,66.45000576972961,13.631916999816895,60.75999736785889,15.695956230163574
generation,7432,64.50000405311584,14.292842864990234,60.13999581336975,15.436023712158203
generation,7433,65.00000357627869,14.314464569091797,59.65999960899353,16.09575843811035
generation,7434,65.65000414848328,13.231904983520508,60.249996185302734,15.625926971435547
generation,7435,66.40000343322754,13.38933277130127,59.38999652862549,15.445448875427246
generation,7436,66.05000495910645,13.527381896972656,59.92000102996826,15.330168724060059
generation,7437,65.25000333786011,13.959039688110352,60.22999882698059,15.803203582763672
generation,7438,67.10000038146973,13.567338943481445,59.529995918273926,15.800480842590332
generation,7439,64.30000066757202,14.06747817993164,59.70999598503113,15.097054481506348
generation,7440,64.55000042915344,14.339249610900879,60.46000123023987,15.44754695892334
generation,7441,66.10000133514404,13.632475852966309,60.909998416900635,15.324972152709961
generation,7442,64.60000276565552,14.350072860717773,60.35999655723572,15.51470947265625
generation,7443,65.75000286102295,14.177068710327148,59.74999666213989,15.796887397766113
generation,7444,65.35000205039978,13.323504447937012,59.99000072479248,15.185745239257812
generation,7445,63.200002908706665,14.815032958984375,59.700000286102295,16.057933807373047
generation,7446,65.50000309944153,14.470369338989258,59.619998931884766,15.87806224822998
generation,7447,64.30000066757202,13.372864723205566,60.36999821662903,15.00736141204834
generation,7448,64.75000381469727,14.13780689239502,60.249996185302734,15.48320198059082
generation,7449,63.850003480911255,14.79487133026123,60.31999588012695,15.567773818969727
generation,7450,64.30000066757202,14.643891334533691,60.78000068664551,15.235623359680176
generation,7451,63.40000033378601,14.439167022705078,59.71999764442444,15.267964363098145
generation,7452,64.10000324249268,15.549558639526367,60.030001401901245,15.814126968383789
generation,7453,64.3500030040741,14.160086631774902,59.65999960899353,15.490376472473145
generation,7454,64.70000147819519,14.09104061126709,59.689998626708984,15.686273574829102
generation,7455,64.95000123977661,13.457042694091797,59.78999733924866,15.64572525024414
generation,7456,65.9500002861023,13.577896118164062,60.13000011444092,15.422523498535156
generation,7457,66.80000424385071,12.811020851135254,59.450000524520874,15.36186695098877
generation,7458,64.3500030040741,14.455431938171387,59.99000072479248,15.172801971435547
generation,7459,64.45000171661377,14.402596473693848,60.329997539520264,15.496964454650879
generation,7460,67.1500027179718,12.829997062683105,59.8800003528595,15.273067474365234
generation,7461,63.450002670288086,14.964982032775879,59.58999991416931,15.675129890441895
generation,7462,65.35000205039978,13.974560737609863,59.279996156692505,15.488581657409668
generation,7463,65.80000519752502,13.478961944580078,59.71999764442444,15.83014965057373
generation,7464,66.30000472068787,13.117212295532227,59.3999981880188,15.472844123840332
generation,7465,65.25000333786011,13.786352157592773,60.03999710083008,15.295818328857422
generation,7466,65.10000228881836,13.160051345825195,60.339999198913574,15.071037292480469
generation,7467,65.30000567436218,13.466636657714844,59.769999980926514,15.441621780395508
generation,7468,64.0500009059906,14.78669548034668,59.38999652862549,16.28203010559082
generation,7469,64.70000147819519,13.810944557189941,60.22999882698059,15.558212280273438
generation,7470,65.40000438690186,14.293179512023926,59.279996156692505,16.035316467285156
generation,7471,64.15000557899475,13.82419204711914,59.85000133514404,15.278841018676758
generation,7472,64.55000042915344,14.303102493286133,60.019999742507935,15.599085807800293
generation,7473,64.85000252723694,13.768660545349121,60.37999987602234,15.536340713500977
generation,7474,65.20000100135803,12.696877479553223,60.2899968624115,14.953944206237793
generation,7475,64.50000405311584,14.758357048034668,60.14999747276306,15.779335975646973
generation,7476,63.05000185966492,15.18600845336914,59.630000591278076,15.603620529174805
generation,7477,65.75000286102295,13.345272064208984,59.950000047683716,15.361002922058105
generation,7478,65.25000333786011,14.229293823242188,59.289997816085815,16.21538734436035
generation,7479,65.30000567436218,13.865464210510254,60.17000079154968,15.613814353942871
generation,7480,65.00000357627869,13.612196922302246,59.56000089645386,15.823701858520508
generation,7481,64.000004529953,14.48317813873291,59.49000120162964,16.06544303894043
generation,7482,64.70000147819519,13.658743858337402,59.47999954223633,16.004783630371094
generation,7483,64.60000276565552,13.931816101074219,59.41999554634094,15.621766090393066
generation,7484,65.45000076293945,13.552210807800293,59.599995613098145,15.582244873046875
generation,7485,64.70000147819519,14.949981689453125,60.49000024795532,15.833492279052734
generation,7486,64.55000042915344,14.719137191772461,59.3999981880188,15.821274757385254
generation,7487,64.70000147819519,14.009265899658203,59.58999991416931,15.55271053314209
generation,7488,64.65000510215759,14.28058910369873,60.0600004196167,15.254324913024902
generation,7489,65.00000357627869,14.210756301879883,60.2400004863739,15.633428573608398
generation,7490,66.15000367164612,13.411531448364258,60.2400004863739,15.633428573608398
generation,7491,65.40000438690186,13.15951156616211,60.03999710083008,15.715181350708008
generation,7492,64.45000171661377,14.207765579223633,59.579998254776,15.766931533813477
generation,7493,64.70000147819519,14.022322654724121,60.31000018119812,15.60597038269043
generation,7494,66.8500006198883,12.707181930541992,59.65999960899353,15.187636375427246
generation,7495,64.55000042915344,14.40925121307373,59.82999801635742,16.131052017211914
generation,7496,66.35000109672546,13.342759132385254,59.81000065803528,15.360114097595215
generation,7497,65.6000018119812,13.812747955322266,59.78999733924866,16.072769165039062
generation,7498,67.10000038146973,13.821236610412598,59.78999733924866,16.072769165039062
generation,7499,63.95000219345093,14.899370193481445,60.08999943733215,15.67435359954834
generation,7500,64.0500009059906,15.133414268493652,58.48999619483948,15.943056106567383
generation,7501,65.45000076293945,14.141024589538574,60.17000079154968,15.772157669067383
generation,7502,65.30000567436218,13.500167846679688,59.8800003528595,15.746932983398438
generation,7503,65.5500054359436,13.644227981567383,59.67000126838684,15.408663749694824
generation,7504,65.05000591278076,14.031743049621582,59.64999794960022,15.682732582092285
generation,7505,64.85000252723694,13.623990058898926,59.85000133514404,15.439407348632812
generation,7506,65.5500054359436,13.423629760742188,59.85000133514404,15.439407348632812
generation,7507,65.70000052452087,14.610718727111816,60.15999913215637,15.594404220581055
generation,7508,65.9000039100647,14.207571029663086,60.15999913215637,15.594404220581055
generation,7509,64.75000381469727,13.329670906066895,60.54999828338623,15.322429656982422
generation,7510,64.90000486373901,13.509748458862305,59.50999855995178,15.578103065490723
generation,7511,63.80000114440918,14.911881446838379,59.81999635696411,15.59018325805664
generation,7512,64.85000252723694,13.437601089477539,60.15999913215637,15.604451179504395
generation,7513,66.45000576972961,12.920522689819336,59.67000126838684,15.507129669189453
generation,7514,64.75000381469727,13.789331436157227,60.280001163482666,15.083761215209961
generation,7515,66.05000495910645,12.939091682434082,59.65999960899353,15.073092460632324
generation,7516,64.25000429153442,13.395466804504395,60.03999710083008,15.351496696472168
generation,7517,66.35000109672546,13.047237396240234,59.72999930381775,15.488631248474121
generation,7518,63.40000033378601,14.46993637084961,60.100001096725464,15.191043853759766
generation,7519,65.75000286102295,13.5813627243042,59.380000829696655,15.801481246948242
generation,7520,65.40000438690186,13.48647689819336,59.65999960899353,15.359623908996582
generation,7521,65.45000076293945,13.84043025970459,60.15999913215637,15.187957763671875
generation,7522,64.50000405311584,13.96690559387207,59.859997034072876,15.609781265258789
generation,7523,66.00000262260437,13.016702651977539,59.71999764442444,15.165434837341309
generation,7524,64.50000405311584,13.489139556884766,59.95999574661255,15.326440811157227
generation,7525,65.05000591278076,13.849573135375977,60.11999845504761,15.851326942443848
generation,7526,64.85000252723694,14.238262176513672,60.21999716758728,15.342819213867188
generation,7527,64.25000429153442,14.236971855163574,59.289997816085815,15.697937965393066
generation,7528,64.30000066757202,14.205644607543945,59.65999960899353,15.216134071350098
generation,7529,66.70000553131104,13.597634315490723,59.50999855995178,15.329644203186035
generation,7530,64.95000123977661,14.87833309173584,59.43999886512756,15.731342315673828
generation,7531,64.80000019073486,14.207969665527344,59.63999629020691,15.491560935974121
generation,7532,64.55000042915344,13.501703262329102,59.74000096321106,15.637179374694824
generation,7533,64.40000534057617,14.411831855773926,59.950000047683716,15.409760475158691
generation,7534,64.75000381469727,13.722867012023926,59.8800003528595,15.57525634765625
generation,7535,66.25000238418579,13.68211555480957,59.8800003528595,15.57525634765625
generation,7536,63.80000114440918,14.040705680847168,60.11999845504761,15.485569953918457
generation,7537,63.90000581741333,14.757411003112793,59.46999788284302,15.542876243591309
generation,7538,63.95000219345093,13.4026460647583,60.019999742507935,15.268811225891113
generation,7539,65.50000309944153,13.357932090759277,59.67000126838684,15.294037818908691
generation,7540,64.75000381469727,13.839420318603516,59.97999906539917,15.496683120727539
generation,7541,64.85000252723694,14.085221290588379,60.17000079154968,15.654143333435059
generation,7542,65.75000286102295,13.153838157653809,59.52000021934509,15.565031051635742
generation,7543,64.20000195503235,13.747758865356445,59.52000021934509,15.565031051635742
generation,7544,65.10000228881836,13.264937400817871,60.06999611854553,15.30992317199707
generation,7545,66.15000367164612,13.32553482055664,59.31000113487244,15.442387580871582
generation,7546,63.850003480911255,14.666372299194336,59.43999886512756,15.926021575927734
generation,7547,64.0500009059906,14.062108993530273,59.67000126838684,15.452138900756836
generation,7548,64.65000510215759,13.628409385681152,59.86999869346619,15.248756408691406
generation,7549,63.80000114440918,14.611746788024902,58.93999934196472,16.089319229125977
generation,7550,64.25000429153442,14.556638717651367,60.0600004196167,15.55043888092041
generation,7551,64.20000195503235,13.706028938293457,59.74000096321106,15.393224716186523
generation,7552,65.40000438690186,13.825319290161133,60.280001163482666,15.169151306152344
generation,7553,66.45000576972961,12.917781829833984,59.81999635696411,15.192967414855957
generation,7554,64.85000252723694,13.27980899810791,59.99000072479248,15.259184837341309
generation,7555,65.30000567436218,13.314251899719238,60.03999710083008,15.39124870300293
generation,7556,64.65000510215759,14.944536209106445,59.130001068115234,15.65527629852295
generation,7557,66.10000133514404,13.315519332885742,59.950000047683716,15.66701602935791
generation,7558,63.40000033378601,14.442401885986328,59.77999567985535,15.3569917678833
generation,7559,65.65000414848328,13.625871658325195,59.450000524520874,15.812199592590332
generation,7560,64.000004529953,14.734182357788086,59.630000591278076,15.507680892944336
generation,7561,62.950003147125244,14.91005802154541,59.49999690055847,15.633468627929688
generation,7562,65.75000286102295,13.63487434387207,59.65999960899353,15.45407772064209
generation,7563,64.10000324249268,15.174715042114258,59.859997034072876,15.69783878326416
generation,7564,64.30000066757202,13.54586124420166,59.38999652862549,15.243736267089844
generation,7565,65.00000357627869,13.45604133605957,60.13999581336975,15.621664047241211
generation,7566,64.25000429153442,15.049837112426758,59.67000126838684,15.652297973632812
generation,7567,63.65000009536743,14.184762954711914,59.95999574661255,15.498908042907715
generation,7568,64.85000252723694,14.40415096282959,59.70999598503113,15.619872093200684
generation,7569,64.45000171661377,13.21811580657959,60.019999742507935,15.616005897521973
generation,7570,63.55000138282776,15.437260627746582,59.56999659538269,15.701934814453125
generation,7571,67.05000400543213,12.930464744567871,60.0600004196167,15.481927871704102
generation,7572,65.15000462532043,14.046871185302734,59.99000072479248,15.735173225402832
generation,7573,63.25000524520874,14.985018730163574,60.1099967956543,15.534605979919434
generation,7574,66.05000495910645,13.042754173278809,59.82999801635742,15.521942138671875
generation,7575,63.90000581741333,14.57262897491455,59.54999923706055,15.089085578918457
generation,7576,63.850003480911255,14.564875602722168,60.29999852180481,15.549084663391113
generation,7577,64.80000019073486,14.724613189697266,59.859997034072876,15.24370002746582
generation,7578,64.85000252723694,13.438849449157715,59.380000829696655,15.792170524597168
generation,7579,64.80000019073486,14.280089378356934,60.13999581336975,15.19719409942627
generation,7580,63.55000138282776,14.249258041381836,59.679996967315674,15.564009666442871
generation,7581,64.75000381469727,14.157146453857422,59.40999984741211,15.46401596069336
generation,7582,63.10000419616699,14.879000663757324,59.450000524520874,15.421578407287598
generation,7583,64.60000276565552,13.890134811401367,59.029996395111084,15.245987892150879
generation,7584,65.70000052452087,12.624649047851562,60.100001096725464,15.365606307983398
generation,7585,65.10000228881836,13.825698852539062,59.63999629020691,15.797119140625
generation,7586,64.65000510215759,13.607088088989258,60.20999550819397,15.21998405456543
generation,7587,64.80000019073486,13.865394592285156,60.07999777793884,15.208221435546875
generation,7588,64.75000381469727,14.082425117492676,60.13000011444092,15.426568984985352
generation,7589,64.30000066757202,14.2732572555542,59.619998931884766,15.371668815612793
generation,7590,65.80000519752502,13.881976127624512,59.630000591278076,15.489974975585938
generation,7591,64.85000252723694,14.158700942993164,59.289997816085815,15.788381576538086
generation,7592,63.450002670288086,15.82579517364502,59.029996395111084,15.844270706176758
generation,7593,64.75000381469727,13.4920015335083,59.95999574661255,15.292301177978516
generation,7594,64.30000066757202,14.794975280761719,59.209996461868286,15.817204475402832
generation,7595,62.90000081062317,14.767065048217773,59.25999879837036,15.376155853271484
generation,7596,65.10000228881836,13.904009819030762,59.77999567985535,15.285018920898438
generation,7597,65.05000591278076,15.005912780761719,60.13000011444092,15.23856258392334
generation,7598,65.05000591278076,13.53882122039795,59.579998254776,15.654074668884277
generation,7599,65.70000052452087,13.282407760620117,59.92000102996826,15.268118858337402
generation,7600,64.90000486373901,13.418825149536133,59.78999733924866,15.6326904296875
generation,7601,66.45000576972961,12.516833305358887,59.8800003528595,15.083928108215332
generation,7602,64.50000405311584,14.727909088134766,59.13999676704407,15.750551223754883
generation,7603,63.00000548362732,14.090190887451172,60.49000024795532,14.988971710205078
generation,7604,66.40000343322754,12.56693172454834,60.49000024795532,14.988971710205078
generation,7605,65.50000309944153,13.201386451721191,59.74999666213989,15.383172988891602
generation,7606,63.40000033378601,13.835762023925781,58.84999632835388,15.419953346252441
generation,7607,64.70000147819519,13.802736282348633,59.86999869346619,15.2393217086792
generation,7608,62.4500036239624,14.698822021484375,59.77999567985535,15.358461380004883
generation,7609,65.40000438690186,13.758234977722168,59.97999906539917,15.24301528930664
generation,7610,67.35000610351562,12.432892799377441,59.79999899864197,15.330718994140625
generation,7611,66.25000238418579,13.052577018737793,60.11999845504761,15.249931335449219
generation,7612,65.65000414848328,13.872815132141113,59.929996728897095,15.832870483398438
generation,7613,62.85000443458557,14.66215991973877,60.22999882698059,15.165998458862305
generation,7614,64.45000171661377,14.53665542602539,59.25999879837036,15.313405990600586
generation,7615,65.70000052452087,13.521307945251465,60.14999747276306,15.248656272888184
generation,7616,64.65000510215759,14.265900611877441,60.14999747276306,15.371987342834473
generation,7617,64.40000534057617,14.477213859558105,59.90999937057495,15.789074897766113
generation,7618,64.20000195503235,14.407635688781738,60.03999710083008,16.007686614990234
generation,7619,66.00000262260437,12.536404609680176,59.700000286102295,15.517698287963867
generation,7620,63.80000114440918,14.613798141479492,60.14999747276306,15.248656272888184
generation,7621,66.90000295639038,13.068183898925781,59.619998931884766,15.998771667480469
generation,7622,65.70000052452087,13.803058624267578,59.67000126838684,15.483301162719727
generation,7623,64.60000276565552,13.747997283935547,60.14999747276306,15.248656272888184
generation,7624,65.35000205039978,14.114814758300781,60.339999198913574,15.091513633728027
generation,7625,63.75000476837158,14.034907341003418,59.81999635696411,15.397957801818848
generation,7626,65.00000357627869,13.947370529174805,59.97999906539917,15.474587440490723
generation,7627,63.70000243186951,14.137433052062988,59.09000039100647,15.460546493530273
generation,7628,62.950003147125244,15.039843559265137,59.65999960899353,15.58476734161377
generation,7629,64.10000324249268,14.058915138244629,59.27000045776367,15.703004837036133
generation,7630,64.85000252723694,13.779013633728027,59.31999683380127,15.341816902160645
generation,7631,65.9500002861023,12.6438570022583,60.21999716758728,15.129500389099121
generation,7632,63.75000476837158,13.83616828918457,59.96999740600586,15.476832389831543
generation,7633,63.65000009536743,14.388736724853516,59.17999744415283,15.264533042907715
generation,7634,64.40000534057617,13.920515060424805,59.70999598503113,15.445215225219727
generation,7635,65.5500054359436,13.350794792175293,59.630000591278076,15.79778003692627
generation,7636,63.850003480911255,15.030296325683594,59.89999771118164,15.378837585449219
generation,7637,66.10000133514404,13.522542953491211,59.34000015258789,15.722986221313477
generation,7638,63.05000185966492,14.638582229614258,59.89999771118164,15.378837585449219
generation,7639,66.10000133514404,13.829484939575195,59.74999666213989,15.240654945373535
generation,7640,66.90000295639038,13.112049102783203,59.67000126838684,15.782025337219238
generation,7641,63.850003480911255,14.671154022216797,59.56999659538269,16.084184646606445
generation,7642,66.00000262260437,13.511371612548828,59.63999629020691,15.579151153564453
generation,7643,64.75000381469727,13.437097549438477,59.95999574661255,15.333512306213379
generation,7644,64.30000066757202,13.748208045959473,59.18999910354614,15.73409652709961
generation,7645,65.10000228881836,14.203323364257812,59.929996728897095,15.55496883392334
generation,7646,64.70000147819519,14.584488868713379,59.56999659538269,15.791106224060059
generation,7647,64.55000042915344,13.86790657043457,60.53999662399292,15.670923233032227
generation,7648,65.9000039100647,13.134355545043945,59.50999855995178,15.65920352935791
generation,7649,63.90000581741333,14.069204330444336,59.22999978065491,15.620345115661621
generation,7650,65.5500054359436,12.88184928894043,59.78999733924866,15.212383270263672
generation,7651,64.0500009059906,14.327507019042969,59.42999720573425,15.318107604980469
generation,7652,65.5500054359436,13.646970748901367,59.78999733924866,15.212383270263672
generation,7653,65.5500054359436,13.949974060058594,59.41999554634094,15.561220169067383
generation,7654,63.30000162124634,14.373871803283691,59.630000591278076,15.815093994140625
generation,7655,65.15000462532043,13.1066312789917,59.579998254776,15.7227201461792
generation,7656,65.50000309944153,12.968597412109375,59.38999652862549,15.362584114074707
generation,7657,64.90000486373901,13.704360961914062,59.539997577667236,15.496859550476074
generation,7658,65.80000519752502,14.195564270019531,59.56999659538269,15.862348556518555
generation,7659,65.6000018119812,13.311119079589844,60.11999845504761,15.19039535522461
generation,7660,66.10000133514404,12.800472259521484,60.08999943733215,15.197409629821777
generation,7661,65.20000100135803,12.885003089904785,60.499995946884155,15.39720630645752
generation,7662,65.40000438690186,13.468997955322266,60.019999742507935,15.113900184631348
generation,7663,64.20000195503235,14.577375411987305,59.209996461868286,15.759594917297363
generation,7664,64.3500030040741,13.170409202575684,60.06999611854553,15.216341018676758
generation,7665,64.90000486373901,13.077696800231934,59.14999842643738,15.554034233093262
generation,7666,65.30000567436218,13.803828239440918,60.53000092506409,15.210695266723633
generation,7667,66.00000262260437,13.151738166809082,60.2899968624115,15.07380485534668
generation,7668,66.10000133514404,13.250732421875,59.45999622344971,15.456977844238281
generation,7669,65.05000591278076,13.721646308898926,60.03999710083008,15.531370162963867
generation,7670,64.3500030040741,14.393411636352539,59.929996728897095,15.178712844848633
generation,7671,65.35000205039978,13.952810287475586,59.369999170303345,15.777131080627441
generation,7672,65.65000414848328,13.061558723449707,59.72999930381775,15.333105087280273
generation,7673,64.45000171661377,13.574005126953125,60.19999980926514,15.076316833496094
generation,7674,65.6000018119812,12.617612838745117,60.47999858856201,15.106770515441895
generation,7675,66.05000495910645,13.123552322387695,59.47999954223633,15.5802640914917
generation,7676,65.40000438690186,13.6870698928833,59.609997272491455,15.443594932556152
generation,7677,66.05000495910645,13.479188919067383,59.64999794960022,15.58052921295166
generation,7678,66.65000319480896,12.654719352722168,60.03999710083008,15.282011032104492
generation,7679,65.6000018119812,13.595725059509277,59.72999930381775,15.681085586547852
generation,7680,64.30000066757202,14.27482795715332,60.2400004863739,15.451703071594238
generation,7681,63.850003480911255,14.380846977233887,59.349995851516724,15.47045612335205
generation,7682,66.35000109672546,12.543350219726562,60.03999710083008,15.31463623046875
generation,7683,65.10000228881836,14.247819900512695,59.24000144004822,15.851668357849121
generation,7684,66.10000133514404,12.788459777832031,60.03999710083008,15.31463623046875
generation,7685,64.90000486373901,13.706978797912598,59.769999980926514,15.473857879638672
generation,7686,65.9500002861023,13.39203929901123,59.539997577667236,15.379297256469727
generation,7687,64.25000429153442,14.683332443237305,59.10999774932861,15.979673385620117
generation,7688,64.80000019073486,13.735980033874512,59.99999642372131,15.460942268371582
generation,7689,66.05000495910645,13.921645164489746,59.45999622344971,15.718073844909668
generation,7690,63.30000162124634,14.384922981262207,59.369999170303345,15.875560760498047
generation,7691,64.95000123977661,13.9303617477417,59.74999666213989,15.462657928466797
generation,7692,64.85000252723694,13.553092956542969,60.08999943733215,15.716104507446289
generation,7693,62.4500036239624,15.843731880187988,60.269999504089355,15.610909461975098
generation,7694,64.15000557899475,14.639169692993164,59.3999981880188,15.744943618774414
generation,7695,64.15000557899475,14.671615600585938,59.38999652862549,15.758825302124023
generation,7696,65.9000039100647,12.827449798583984,59.47999954223633,15.672676086425781
generation,7697,64.75000381469727,13.435261726379395,59.539997577667236,15.300370216369629
generation,7698,64.90000486373901,13.447799682617188,59.54999923706055,15.3301362991333
generation,7699,66.2000060081482,12.819297790527344,59.41999554634094,15.106618881225586
generation,7700,63.80000114440918,14.243382453918457,59.7599983215332,15.26938247680664
generation,7701,64.65000510215759,14.817825317382812,59.38999652862549,16.04547882080078
generation,7702,63.10000419616699,15.415311813354492,59.49000120162964,15.902196884155273
generation,7703,63.35000395774841,14.34923267364502,60.13000011444092,15.353050231933594
generation,7704,64.55000042915344,14.059943199157715,59.679996967315674,15.531274795532227
generation,7705,64.10000324249268,13.652130126953125,59.52000021934509,15.4803466796875
generation,7706,65.35000205039978,13.807008743286133,59.45999622344971,15.603320121765137
generation,7707,63.40000033378601,15.344850540161133,59.38999652862549,15.937553405761719
generation,7708,65.70000052452087,13.406513214111328,59.82999801635742,15.710859298706055
generation,7709,66.15000367164612,13.664443016052246,60.1099967956543,15.702828407287598
generation,7710,64.3500030040741,14.62025260925293,59.289997816085815,15.665964126586914
generation,7711,65.20000100135803,13.805109024047852,59.65999960899353,15.561007499694824
generation,7712,64.70000147819519,14.081052780151367,59.47999954223633,15.484509468078613
generation,7713,64.65000510215759,13.951759338378906,59.24999713897705,15.695082664489746
generation,7714,65.40000438690186,13.13132381439209,59.450000524520874,15.688361167907715
generation,7715,63.10000419616699,15.599616050720215,59.929996728897095,15.590179443359375
generation,7716,65.35000205039978,13.235906600952148,59.43999886512756,15.29810619354248
generation,7717,66.00000262260437,13.752485275268555,59.02000069618225,15.595739364624023
generation,7718,64.95000123977661,13.643033027648926,59.97999906539917,15.323726654052734
generation,7719,64.25000429153442,14.640960693359375,59.97999906539917,15.323726654052734
generation,7720,66.30000472068787,13.37449836730957,59.82999801635742,15.943056106567383
generation,7721,65.45000076293945,14.762944221496582,58.84999632835388,16.03192901611328
generation,7722,63.30000162124634,14.94920539855957,59.06999707221985,15.745672225952148
generation,7723,65.6000018119812,14.057482719421387,59.579998254776,15.595240592956543
generation,7724,63.15000057220459,14.70266056060791,59.130001068115234,15.417019844055176
generation,7725,65.20000100135803,13.913731575012207,59.70999598503113,15.244311332702637
generation,7726,64.50000405311584,14.387272834777832,59.74000096321106,15.495824813842773
generation,7727,64.25000429153442,14.826172828674316,59.3999981880188,15.590156555175781
generation,7728,66.35000109672546,14.067172050476074,59.74999666213989,15.804611206054688
generation,7729,64.70000147819519,14.538697242736816,59.85000133514404,15.106719017028809
generation,7730,64.75000381469727,14.04703140258789,59.8800003528595,15.144804954528809
generation,7731,63.850003480911255,14.23450756072998,59.50999855995178,15.594476699829102
generation,7732,64.30000066757202,14.108993530273438,59.630000591278076,15.644015312194824
generation,7733,66.00000262260437,13.60002326965332,59.679996967315674,15.55912971496582
generation,7734,64.3500030040741,14.069268226623535,59.679996967315674,15.55912971496582
generation,7735,63.05000185966492,14.245396614074707,59.349995851516724,15.539953231811523
generation,7736,64.45000171661377,13.616805076599121,59.32999849319458,15.182806015014648
generation,7737,63.90000581741333,14.07752513885498,59.689998626708984,15.569889068603516
generation,7738,64.60000276565552,13.661309242248535,59.58999991416931,15.558393478393555
generation,7739,64.65000510215759,14.596948623657227,59.83999967575073,15.387392044067383
generation,7740,66.80000424385071,13.147080421447754,59.88999605178833,15.426270484924316
generation,7741,63.05000185966492,14.0208158493042,59.14999842643738,15.70388126373291
generation,7742,65.35000205039978,13.347797393798828,59.65999960899353,15.667383193969727
generation,7743,65.20000100135803,13.71822738647461,59.90999937057495,15.320731163024902
generation,7744,65.15000462532043,13.076478004455566,59.40999984741211,15.231447219848633
generation,7745,65.50000309944153,14.18801212310791,60.04999876022339,15.363235473632812
generation,7746,63.70000243186951,14.950420379638672,59.92000102996826,15.516873359680176
generation,7747,64.90000486373901,14.387519836425781,59.689998626708984,15.487545013427734
generation,7748,64.15000557899475,14.486693382263184,60.13000011444092,15.264814376831055
generation,7749,65.70000052452087,13.220954895019531,59.24000144004822,15.843657493591309
generation,7750,64.90000486373901,13.470590591430664,59.81999635696411,15.799176216125488
generation,7751,65.10000228881836,13.179801940917969,59.380000829696655,15.61810302734375
generation,7752,65.20000100135803,13.308380126953125,59.17999744415283,15.695340156555176
generation,7753,65.50000309944153,14.560891151428223,59.119999408721924,16.216554641723633
generation,7754,64.75000381469727,14.503509521484375,59.630000591278076,15.963343620300293
generation,7755,65.15000462532043,13.641982078552246,60.259997844696045,15.479910850524902
generation,7756,65.65000414848328,14.249136924743652,60.13000011444092,15.776957511901855
generation,7757,64.45000171661377,14.191014289855957,60.13000011444092,15.369216918945312
generation,7758,63.95000219345093,14.879179000854492,59.8800003528595,15.156403541564941
generation,7759,65.50000309944153,14.447428703308105,59.74999666213989,15.573745727539062
generation,7760,64.10000324249268,15.064271926879883,60.13000011444092,16.09041976928711
generation,7761,64.0500009059906,14.650924682617188,58.6899995803833,15.484368324279785
generation,7762,62.20000386238098,15.780805587768555,59.289997816085815,15.777142524719238
generation,7763,63.95000219345093,14.3567533493042,59.96999740600586,15.295524597167969
generation,7764,64.95000123977661,14.006340980529785,59.31000113487244,15.711505889892578
generation,7765,66.50000214576721,12.981369018554688,59.599995613098145,15.098909378051758
generation,7766,64.45000171661377,13.912592887878418,59.86999869346619,15.83120346069336
generation,7767,64.80000019073486,14.013726234436035,59.38999652862549,15.444847106933594
generation,7768,65.10000228881836,13.816768646240234,59.679996967315674,15.448342323303223
generation,7769,65.40000438690186,13.323102951049805,59.85000133514404,15.654619216918945
generation,7770,65.20000100135803,13.670866966247559,60.499995946884155,15.29845142364502
generation,7771,64.65000510215759,13.823423385620117,60.670000314712524,15.152302742004395
generation,7772,65.25000333786011,14.650955200195312,59.349995851516724,15.878307342529297
generation,7773,66.75000190734863,13.4005708694458,60.030001401901245,15.672656059265137
generation,7774,65.6000018119812,13.695535659790039,59.299999475479126,15.770796775817871
generation,7775,64.70000147819519,13.189087867736816,59.679996967315674,15.394377708435059
generation,7776,66.30000472068787,13.982932090759277,59.88999605178833,15.92917537689209
generation,7777,65.75000286102295,13.535518646240234,59.82999801635742,15.561970710754395
generation,7778,65.05000591278076,14.367048263549805,59.54999923706055,15.796195030212402
generation,7779,63.75000476837158,14.7997465133667,59.82999801635742,15.768898010253906
generation,7780,65.00000357627869,14.49997615814209,60.100001096725464,15.492958068847656
generation,7781,64.65000510215759,14.139558792114258,59.95999574661255,15.492962837219238
generation,7782,66.25000238418579,13.366682052612305,59.95999574661255,15.712895393371582
generation,7783,63.850003480911255,14.18441390991211,60.100001096725464,15.492958068847656
generation,7784,64.60000276565552,15.467506408691406,58.98999571800232,16.175384521484375
generation,7785,63.600003719329834,15.04649543762207,58.789998292922974,16.18303680419922
generation,7786,66.05000495910645,13.279861450195312,59.49000120162964,15.252145767211914
generation,7787,64.70000147819519,14.200302124023438,59.49999690055847,15.36623764038086
generation,7788,64.60000276565552,13.659475326538086,59.42999720573425,15.579218864440918
generation,7789,64.65000510215759,14.550244331359863,60.17000079154968,15.69411563873291
generation,7790,64.000004529953,14.028398513793945,59.49000120162964,15.633977890014648
generation,7791,65.10000228881836,12.964303970336914,59.31000113487244,15.399176597595215
generation,7792,63.95000219345093,13.80760383605957,59.97999906539917,15.490180969238281
generation,7793,65.80000519752502,13.145957946777344,59.689998626708984,15.710309028625488
generation,7794,63.90000581741333,14.780689239501953,60.11999845504761,15.45183277130127
generation,7795,65.10000228881836,13.799962997436523,60.11999845504761,15.45183277130127
generation,7796,64.0500009059906,13.844400405883789,59.95999574661255,15.825136184692383
generation,7797,64.000004529953,14.672311782836914,59.22999978065491,15.690510749816895
generation,7798,64.60000276565552,13.768769264221191,59.369999170303345,15.382006645202637
generation,7799,65.9000039100647,13.045008659362793,59.56000089645386,15.659553527832031
generation,7800,65.00000357627869,13.757052421569824,60.519999265670776,15.314974784851074
generation,7801,64.95000123977661,14.01448917388916,59.359997510910034,15.590871810913086
generation,7802,65.5500054359436,14.019104957580566,60.019999742507935,14.98728084564209
generation,7803,66.55000448226929,13.481685638427734,59.49999690055847,15.836662292480469
generation,7804,64.50000405311584,14.22933578491211,60.019999742507935,14.98728084564209
generation,7805,63.90000581741333,13.694416046142578,59.7599983215332,15.517049789428711
generation,7806,64.50000405311584,13.950288772583008,59.99000072479248,15.272832870483398
generation,7807,63.95000219345093,14.473770141601562,59.56999659538269,15.333351135253906
generation,7808,64.40000534057617,14.343050956726074,59.99000072479248,15.272832870483398
generation,7809,64.0500009059906,14.912460327148438,60.03999710083008,15.432418823242188
generation,7810,64.65000510215759,14.003946304321289,59.38999652862549,15.46863079071045
generation,7811,63.70000243186951,14.334359169006348,59.10999774932861,15.178751945495605
generation,7812,65.9500002861023,12.917101860046387,60.009998083114624,15.17909049987793
generation,7813,64.000004529953,14.10953140258789,59.67000126838684,15.326390266418457
generation,7814,65.25000333786011,14.155950546264648,59.18999910354614,15.497116088867188
generation,7815,64.65000510215759,14.921225547790527,59.86999869346619,15.324923515319824
generation,7816,65.05000591278076,14.324409484863281,59.72999930381775,15.594651222229004
generation,7817,64.95000123977661,13.95677375793457,60.030001401901245,15.573887825012207
generation,7818,65.80000519752502,13.140077590942383,59.49000120162964,15.62113094329834
generation,7819,64.80000019073486,13.992334365844727,59.96999740600586,15.431941032409668
generation,7820,64.60000276565552,13.748367309570312,59.77999567985535,15.381381034851074
generation,7821,62.90000081062317,15.09319019317627,59.96999740600586,15.367461204528809
generation,7822,64.90000486373901,14.255088806152344,59.79999899864197,15.198492050170898
generation,7823,64.60000276565552,13.686832427978516,60.29999852180481,15.238651275634766
generation,7824,63.30000162124634,14.122370719909668,59.45999622344971,15.834510803222656
generation,7825,65.9000039100647,13.531789779663086,59.32999849319458,15.414498329162598
generation,7826,63.95000219345093,14.06342601776123,59.58999991416931,15.240400314331055
generation,7827,65.80000519752502,13.385279655456543,59.539997577667236,15.62846565246582
generation,7828,63.65000009536743,14.934821128845215,59.349995851516724,15.382259368896484
generation,7829,64.85000252723694,14.268959999084473,59.58999991416931,15.879807472229004
generation,7830,64.50000405311584,14.77060604095459,59.34000015258789,15.827155113220215
generation,7831,64.60000276565552,13.920768737792969,59.71999764442444,15.233381271362305
generation,7832,65.5500054359436,14.13193130493164,59.700000286102295,15.605934143066406
generation,7833,64.75000381469727,14.289344787597656,59.63999629020691,15.901131629943848
generation,7834,64.000004529953,14.876096725463867,59.74000096321106,15.646717071533203
generation,7835,66.2000060081482,12.987675666809082,59.02000069618225,15.67906379699707
generation,7836,65.6000018119812,14.116251945495605,59.539997577667236,15.648193359375
generation,7837,65.05000591278076,14.669933319091797,59.52000021934509,15.662304878234863
generation,7838,65.15000462532043,14.021918296813965,59.27000045776367,16.06052589416504
generation,7839,64.15000557899475,14.023829460144043,60.36999821662903,15.063762664794922
generation,7840,63.70000243186951,14.380733489990234,59.99999642372131,15.327726364135742
generation,7841,65.70000052452087,13.531438827514648,58.95000100135803,15.600791931152344
generation,7842,64.55000042915344,13.767166137695312,59.539997577667236,15.267837524414062
generation,7843,65.5500054359436,13.001964569091797,59.96999740600586,15.182879447937012
generation,7844,63.95000219345093,14.470195770263672,58.980000019073486,15.531683921813965
generation,7845,64.95000123977661,14.132147789001465,59.00999903678894,15.86640739440918
generation,7846,64.45000171661377,14.932609558105469,59.78999733924866,15.58042049407959
generation,7847,65.00000357627869,14.64465618133545,59.56000089645386,15.9719877243042
generation,7848,64.45000171661377,13.998913764953613,59.539997577667236,15.198301315307617
generation,7849,65.9000039100647,13.70701789855957,59.029996395111084,15.747207641601562
generation,7850,64.40000534057617,15.189567565917969,59.029996395111084,15.747207641601562
generation,7851,64.45000171661377,14.560254096984863,59.06999707221985,16.018360137939453
generation,7852,64.25000429153442,14.817197799682617,58.84000062942505,15.812800407409668
generation,7853,65.9500002861023,13.985122680664062,59.619998931884766,15.676530838012695
generation,7854,63.850003480911255,15.717686653137207,59.679996967315674,16.058156967163086
generation,7855,64.70000147819519,13.364520072937012,60.21999716758728,15.254841804504395
generation,7856,63.600003719329834,14.470771789550781,60.21999716758728,15.254841804504395
generation,7857,63.450002670288086,14.24167251586914,59.619998931884766,15.392436027526855
generation,7858,64.0500009059906,14.889678001403809,58.52999687194824,16.214170455932617
generation,7859,64.50000405311584,13.883708000183105,60.15999913215637,15.03492546081543
generation,7860,64.85000252723694,14.868744850158691,59.34000015258789,15.778050422668457
generation,7861,63.50000500679016,14.60048770904541,59.49999690055847,15.79097843170166
generation,7862,64.3500030040741,13.46475601196289,59.45999622344971,15.420267105102539
generation,7863,65.25000333786011,13.281325340270996,60.009998083114624,15.413884162902832
generation,7864,65.85000157356262,12.349346160888672,59.939998388290405,15.517354965209961
generation,7865,63.30000162124634,14.501106262207031,60.17000079154968,15.281416893005371
generation,7866,64.90000486373901,14.769129753112793,59.859997034072876,15.666759490966797
generation,7867,64.15000557899475,14.501593589782715,59.79999899864197,15.796738624572754
generation,7868,66.60000085830688,13.407387733459473,59.700000286102295,15.312399864196777
generation,7869,64.90000486373901,14.328128814697266,59.43999886512756,15.981707572937012
generation,7870,64.70000147819519,14.190492630004883,59.63999629020691,15.566068649291992
generation,7871,64.90000486373901,14.374709129333496,58.85999798774719,16.4248104095459
generation,7872,63.80000114440918,14.62385368347168,60.11999845504761,14.899974822998047
generation,7873,64.75000381469727,14.493631362915039,59.039998054504395,16.029075622558594
generation,7874,65.35000205039978,13.871295928955078,59.279996156692505,15.900030136108398
generation,7875,63.55000138282776,13.71299934387207,59.599995613098145,15.227840423583984
generation,7876,63.200002908706665,14.343173027038574,58.99999737739563,15.885232925415039
generation,7877,65.35000205039978,14.41740894317627,59.70999598503113,15.663555145263672
generation,7878,65.9500002861023,12.938368797302246,60.19999980926514,15.467628479003906
generation,7879,64.30000066757202,13.867691040039062,59.50999855995178,15.283614158630371
generation,7880,64.10000324249268,14.118305206298828,59.79999899864197,15.696390151977539
generation,7881,66.35000109672546,13.524641990661621,59.88999605178833,15.592917442321777
generation,7882,62.550002336502075,14.495737075805664,59.07999873161316,15.55412483215332
generation,7883,65.15000462532043,13.279151916503906,60.07999777793884,15.433077812194824
generation,7884,64.55000042915344,15.175305366516113,59.24999713897705,16.250123977661133
generation,7885,65.40000438690186,13.56851577758789,59.299999475479126,15.649351119995117
generation,7886,66.40000343322754,13.56191349029541,59.46999788284302,15.434122085571289
generation,7887,62.7500057220459,15.353708267211914,59.31000113487244,15.843287467956543
generation,7888,66.45000576972961,12.351327896118164,59.42999720573425,15.449686050415039
generation,7889,64.50000405311584,14.177719116210938,59.529995918273926,15.4591703414917
generation,7890,63.50000500679016,14.263494491577148,59.279996156692505,15.18176555633545
generation,7891,66.60000085830688,14.231027603149414,59.16999578475952,15.628171920776367
generation,7892,64.95000123977661,14.082396507263184,59.17999744415283,16.070024490356445
generation,7893,65.6000018119812,13.294864654541016,59.17999744415283,15.66144847869873
generation,7894,64.85000252723694,15.208205223083496,59.3999981880188,15.619118690490723
generation,7895,65.00000357627869,13.882967948913574,59.50999855995178,15.335122108459473
generation,7896,64.15000557899475,13.372130393981934,59.689998626708984,15.132146835327148
generation,7897,65.9500002861023,13.325407028198242,60.53999662399292,15.268721580505371
generation,7898,66.40000343322754,13.387364387512207,58.959996700286865,16.15869140625
generation,7899,64.20000195503235,14.124602317810059,59.31000113487244,15.345901489257812
generation,7900,64.75000381469727,13.471870422363281,59.279996156692505,15.382883071899414
generation,7901,66.45000576972961,12.765201568603516,59.56999659538269,15.34211540222168
generation,7902,64.50000405311584,14.437448501586914,59.769999980926514,15.390501976013184
generation,7903,64.3500030040741,13.94286823272705,59.579998254776,15.62891674041748
generation,7904,64.90000486373901,14.056497573852539,59.49000120162964,15.852015495300293
generation,7905,65.80000519752502,13.289172172546387,59.349995851516724,15.729756355285645
generation,7906,64.3500030040741,13.695352554321289,59.77999567985535,15.55052375793457
generation,7907,64.20000195503235,14.288318634033203,59.40999984741211,15.519137382507324
generation,7908,65.6000018119812,13.743522644042969,59.49000120162964,15.787545204162598
generation,7909,65.75000286102295,13.705964088439941,59.20000076293945,15.329706192016602
generation,7910,65.05000591278076,13.274458885192871,59.65999960899353,15.605851173400879
generation,7911,64.65000510215759,14.30348014831543,59.539997577667236,15.27048110961914
generation,7912,63.850003480911255,13.914429664611816,58.99999737739563,15.610204696655273
generation,7913,64.10000324249268,14.256771087646484,60.15999913215637,15.534463882446289
generation,7914,65.40000438690186,13.334335327148438,59.679996967315674,15.399348258972168
generation,7915,63.80000114440918,14.13869571685791,59.96999740600586,15.139898300170898
generation,7916,65.20000100135803,13.631197929382324,58.95000100135803,15.99892520904541
generation,7917,63.90000581741333,15.076375007629395,60.21999716758728,15.323266983032227
generation,7918,62.4500036239624,14.830872535705566,60.21999716758728,15.323266983032227
generation,7919,64.000004529953,14.845237731933594,60.07999777793884,15.493176460266113
generation,7920,63.30000162124634,14.847437858581543,59.539997577667236,15.431924819946289
generation,7921,65.30000567436218,13.418983459472656,59.619998931884766,15.27321720123291
generation,7922,65.10000228881836,13.521193504333496,59.049999713897705,15.552840232849121
generation,7923,65.5500054359436,14.151422500610352,59.78999733924866,15.784730911254883
generation,7924,62.90000081062317,15.276677131652832,59.209996461868286,15.531057357788086
generation,7925,65.85000157356262,12.966438293457031,59.49000120162964,15.24323558807373
generation,7926,64.50000405311584,13.55761432647705,59.450000524520874,15.615405082702637
generation,7927,64.75000381469727,13.999717712402344,59.060001373291016,16.081209182739258
generation,7928,63.95000219345093,14.659756660461426,58.99999737739563,15.483882904052734
generation,7929,63.75000476837158,13.886929512023926,60.179996490478516,15.014782905578613
generation,7930,63.850003480911255,15.105355262756348,59.450000524520874,15.802727699279785
generation,7931,64.55000042915344,14.194158554077148,59.77999567985535,15.575428009033203
generation,7932,66.45000576972961,12.762189865112305,59.79999899864197,15.474364280700684
generation,7933,65.6000018119812,13.105589866638184,59.99000072479248,15.061295509338379
generation,7934,64.25000429153442,13.701984405517578,59.42999720573425,15.818140983581543
generation,7935,65.35000205039978,13.280193328857422,59.299999475479126,15.486743927001953
generation,7936,64.40000534057617,14.00235652923584,60.06999611854553,15.119094848632812
generation,7937,62.40000128746033,15.150554656982422,59.700000286102295,15.682007789611816
generation,7938,64.40000534057617,13.95927906036377,59.88999605178833,15.507391929626465
generation,7939,65.00000357627869,15.01488971710205,60.269999504089355,15.468295097351074
generation,7940,63.90000581741333,14.737305641174316,59.20000076293945,15.597208976745605
generation,7941,64.60000276565552,13.396489143371582,59.46999788284302,15.419873237609863
generation,7942,65.65000414848328,14.320539474487305,59.450000524520874,15.526490211486816
generation,7943,65.9000039100647,13.865826606750488,60.31000018119812,15.233227729797363
generation,7944,63.15000057220459,14.715758323669434,59.950000047683716,15.473398208618164
generation,7945,64.0500009059906,14.462332725524902,59.96999740600586,14.929596900939941
generation,7946,65.30000567436218,14.38622760772705,59.630000591278076,16.273897171020508
generation,7947,64.3500030040741,14.882774353027344,59.49999690055847,15.968169212341309
generation,7948,63.850003480911255,14.504825592041016,59.09000039100647,15.894712448120117
generation,7949,66.40000343322754,14.030315399169922,59.16000008583069,15.801565170288086
generation,7950,66.10000133514404,13.203571319580078,59.380000829696655,15.771581649780273
generation,7951,65.20000100135803,13.318361282348633,59.47999954223633,15.37360954284668
generation,7952,63.95000219345093,14.005398750305176,59.56000089645386,15.255295753479004
generation,7953,65.20000100135803,13.772249221801758,59.56000089645386,15.255295753479004
generation,7954,65.9000039100647,13.413447380065918,59.85000133514404,15.742637634277344
generation,7955,64.15000557899475,13.41540813446045,59.49999690055847,15.440376281738281
generation,7956,65.35000205039978,13.970325469970703,59.71999764442444,15.406332969665527
generation,7957,64.20000195503235,13.86497688293457,59.45999622344971,14.918790817260742
generation,7958,64.60000276565552,13.851459503173828,59.71999764442444,15.406332969665527
generation,7959,64.45000171661377,13.395153999328613,59.279996156692505,15.485185623168945
generation,7960,64.70000147819519,13.634588241577148,60.019999742507935,15.204047203063965
generation,7961,64.70000147819519,13.684168815612793,59.450000524520874,15.605223655700684
generation,7962,65.75000286102295,14.468730926513672,59.579998254776,15.755105018615723
generation,7963,65.10000228881836,13.375633239746094,60.0600004196167,15.335212707519531
generation,7964,64.3500030040741,14.04221248626709,59.769999980926514,15.691165924072266
generation,7965,66.65000319480896,13.587213516235352,59.00999903678894,15.897351264953613
generation,7966,64.15000557899475,13.834198951721191,59.579998254776,15.747759819030762
generation,7967,64.50000405311584,13.99605941772461,59.86999869346619,15.419434547424316
generation,7968,65.20000100135803,13.835576057434082,59.45999622344971,15.246428489685059
generation,7969,66.00000262260437,14.708182334899902,59.52000021934509,15.872956275939941
generation,7970,63.50000500679016,14.187681198120117,59.45999622344971,15.292795181274414
generation,7971,65.70000052452087,13.9146089553833,59.13999676704407,16.031124114990234
generation,7972,65.80000519752502,13.182951927185059,59.90999937057495,15.864054679870605
generation,7973,64.55000042915344,14.495360374450684,59.630000591278076,16.40159034729004
generation,7974,64.70000147819519,14.511584281921387,58.980000019073486,16.373291015625
generation,7975,64.70000147819519,13.794720649719238,59.630000591278076,15.437193870544434
generation,7976,64.40000534057617,14.385576248168945,59.27000045776367,16.01390266418457
generation,7977,65.35000205039978,13.645402908325195,59.689998626708984,15.634285926818848
generation,7978,65.85000157356262,14.478048324584961,59.88999605178833,15.857074737548828
generation,7979,65.5500054359436,13.309489250183105,59.83999967575073,15.592053413391113
generation,7980,66.50000214576721,13.603240966796875,59.43999886512756,15.477350234985352
generation,7981,64.45000171661377,13.009511947631836,59.619998931884766,15.088726997375488
generation,7982,65.40000438690186,13.815874099731445,59.74000096321106,15.52192211151123
generation,7983,63.70000243186951,13.770099639892578,59.43999886512756,15.477350234985352
generation,7984,65.15000462532043,13.57278823852539,59.95999574661255,15.568795204162598
generation,7985,64.85000252723694,14.929457664489746,59.43999886512756,15.477350234985352
generation,7986,65.10000228881836,14.734114646911621,59.380000829696655,15.520812034606934
generation,7987,64.95000123977661,13.237539291381836,59.859997034072876,15.181966781616211
generation,7988,65.15000462532043,14.447486877441406,59.619998931884766,15.308082580566406
generation,7989,66.60000085830688,12.524456024169922,60.030001401901245,15.318768501281738
generation,7990,64.65000510215759,14.01058578491211,59.599995613098145,15.76150894165039
generation,7991,64.75000381469727,14.228083610534668,59.8800003528595,15.519002914428711
generation,7992,65.10000228881836,13.6007080078125,59.299999475479126,15.401442527770996
generation,7993,65.65000414848328,14.126214981079102,59.32999849319458,15.66604232788086
generation,7994,66.00000262260437,13.764667510986328,59.679996967315674,15.277130126953125
generation,7995,66.80000424385071,13.160686492919922,59.380000829696655,15.358417510986328
generation,7996,64.90000486373901,14.362029075622559,59.27000045776367,16.024789810180664
generation,7997,66.80000424385071,12.485422134399414,59.349995851516724,15.48503589630127
generation,7998,66.75000190734863,12.983357429504395,59.349995851516724,15.48503589630127
generation,7999,65.10000228881836,13.935924530029297,59.70999598503113,15.70119857788086
generation,8000,63.95000219345093,13.92679214477539,59.82999801635742,14.979886054992676
generation,8001,65.75000286102295,13.85881233215332,59.349995851516724,15.48503589630127
generation,8002,63.70000243186951,14.379290580749512,59.63999629020691,15.050715446472168
generation,8003,66.75000190734863,13.694762229919434,59.89999771118164,15.745741844177246
generation,8004,65.30000567436218,13.452537536621094,59.63999629020691,15.452537536621094
generation,8005,65.00000357627869,14.999194145202637,59.369999170303345,15.872535705566406
generation,8006,65.05000591278076,13.617405891418457,59.54999923706055,15.159549713134766
generation,8007,64.50000405311584,14.255051612854004,58.649998903274536,15.770108222961426
generation,8008,66.10000133514404,12.97082233428955,60.21999716758728,14.939690589904785
generation,8009,65.9500002861023,12.752107620239258,59.599995613098145,15.101648330688477
generation,8010,64.50000405311584,13.595645904541016,59.09000039100647,15.466679573059082
generation,8011,63.95000219345093,14.34920883178711,59.14999842643738,15.705862045288086
generation,8012,65.5500054359436,13.870925903320312,59.31000113487244,15.60738754272461
generation,8013,66.10000133514404,13.633016586303711,59.56999659538269,15.469344139099121
generation,8014,64.70000147819519,14.105098724365234,60.13000011444092,15.141587257385254
generation,8015,66.2000060081482,13.2462739944458,60.019999742507935,14.970566749572754
generation,8016,64.55000042915344,13.932340621948242,59.72999930381775,15.379281044006348
generation,8017,64.30000066757202,14.643134117126465,59.32999849319458,15.915335655212402
generation,8018,65.05000591278076,13.702695846557617,59.46999788284302,15.631390571594238
generation,8019,64.65000510215759,14.155163764953613,60.07999777793884,15.036681175231934
generation,8020,63.70000243186951,14.30345630645752,59.49999690055847,15.597475051879883
generation,8021,65.25000333786011,14.43775463104248,59.579998254776,15.523326873779297
generation,8022,66.50000214576721,13.422667503356934,59.279996156692505,15.921826362609863
generation,8023,66.00000262260437,13.123628616333008,59.67000126838684,15.351410865783691
generation,8024,64.30000066757202,14.045231819152832,59.689998626708984,15.0968017578125
generation,8025,65.10000228881836,14.064379692077637,59.54999923706055,15.334796905517578
generation,8026,67.05000400543213,13.403247833251953,60.2899968624115,15.319195747375488
generation,8027,64.60000276565552,13.924497604370117,60.2899968624115,15.319195747375488
generation,8028,64.25000429153442,13.882101058959961,59.18999910354614,15.137602806091309
generation,8029,65.70000052452087,13.296741485595703,60.030001401901245,15.373381614685059
generation,8030,64.15000557899475,13.743297576904297,60.15999913215637,14.983743667602539
generation,8031,64.0500009059906,15.101598739624023,59.78999733924866,15.634623527526855
generation,8032,65.5500054359436,13.840991973876953,59.859997034072876,15.639753341674805
generation,8033,64.95000123977661,14.364221572875977,59.90999937057495,15.198628425598145
generation,8034,65.30000567436218,13.307133674621582,60.08999943733215,15.35212230682373
generation,8035,65.9500002861023,13.591851234436035,59.90999937057495,15.198628425598145
generation,8036,66.2000060081482,12.749417304992676,59.65999960899353,15.61560344696045
generation,8037,66.15000367164612,13.752074241638184,59.599995613098145,15.850446701049805
generation,8038,65.40000438690186,14.013616561889648,59.679996967315674,15.580584526062012
generation,8039,65.45000076293945,14.56433391571045,59.599995613098145,15.64786434173584
generation,8040,65.00000357627869,13.877066612243652,59.17999744415283,15.670695304870605
generation,8041,64.45000171661377,14.193794250488281,59.83999967575073,15.7334623336792
generation,8042,66.2000060081482,13.505988121032715,60.350000858306885,15.25201416015625
generation,8043,64.50000405311584,14.748112678527832,59.78999733924866,15.561711311340332
generation,8044,64.85000252723694,13.81149673461914,59.599995613098145,15.625126838684082
generation,8045,67.65000224113464,13.570566177368164,60.179996490478516,15.5743408203125
generation,8046,63.95000219345093,14.934955596923828,59.49999690055847,15.77419376373291
generation,8047,64.25000429153442,13.801897048950195,59.56999659538269,15.298086166381836
generation,8048,65.80000519752502,12.805254936218262,59.56999659538269,15.298086166381836
generation,8049,63.95000219345093,14.793671607971191,58.91000032424927,16.154733657836914
generation,8050,64.30000066757202,14.774438858032227,59.67000126838684,15.522078514099121
generation,8051,64.60000276565552,13.669175148010254,59.609997272491455,15.41101360321045
generation,8052,63.50000500679016,15.736001968383789,59.50999855995178,15.471273422241211
generation,8053,64.15000557899475,14.671460151672363,59.299999475479126,15.656685829162598
generation,8054,61.60000562667847,15.142123222351074,59.67000126838684,15.622880935668945
generation,8055,66.25000238418579,13.646958351135254,59.56999659538269,15.298086166381836
generation,8056,64.95000123977661,13.903337478637695,60.08999943733215,15.690999984741211
generation,8057,64.45000171661377,14.247365951538086,59.09000039100647,16.017900466918945
generation,8058,65.40000438690186,13.957975387573242,60.13000011444092,15.698895454406738
generation,8059,65.70000052452087,13.849265098571777,59.83999967575073,15.610929489135742
generation,8060,64.90000486373901,13.6951322555542,59.929996728897095,15.976231575012207
generation,8061,65.9000039100647,13.065055847167969,59.359997510910034,15.599045753479004
generation,8062,65.20000100135803,13.441136360168457,59.89999771118164,15.855938911437988
generation,8063,64.50000405311584,14.480831146240234,59.38999652862549,15.6251859664917
generation,8064,64.85000252723694,13.973584175109863,59.630000591278076,15.424254417419434
generation,8065,65.20000100135803,13.950350761413574,60.019999742507935,15.412545204162598
generation,8066,65.05000591278076,13.66467571258545,59.24999713897705,15.500215530395508
generation,8067,65.80000519752502,13.77873706817627,59.599995613098145,15.346362113952637
generation,8068,64.70000147819519,14.283156394958496,59.579998254776,15.98704719543457
generation,8069,64.10000324249268,15.097286224365234,59.90999937057495,15.271031379699707
generation,8070,64.55000042915344,14.248371124267578,59.450000524520874,15.290345191955566
generation,8071,65.85000157356262,13.857972145080566,59.99000072479248,15.60763168334961
generation,8072,64.30000066757202,15.216476440429688,59.700000286102295,15.722538948059082
generation,8073,66.60000085830688,12.995389938354492,59.40999984741211,15.688220024108887
generation,8074,65.00000357627869,14.592531204223633,60.030001401901245,15.562521934509277
generation,8075,65.25000333786011,13.750052452087402,59.3999981880188,15.636652946472168
generation,8076,64.80000019073486,13.886943817138672,59.67000126838684,15.524884223937988
generation,8077,64.60000276565552,13.940502166748047,59.929996728897095,15.800325393676758
generation,8078,65.20000100135803,13.432229042053223,59.579998254776,15.695375442504883
generation,8079,64.75000381469727,13.830438613891602,60.36999821662903,15.206717491149902
generation,8080,66.35000109672546,13.878012657165527,59.539997577667236,16.012388229370117
generation,8081,64.30000066757202,14.3132963180542,59.16000008583069,15.782731056213379
generation,8082,65.50000309944153,14.083416938781738,59.92000102996826,15.445789337158203
generation,8083,65.25000333786011,13.760446548461914,59.85000133514404,15.51990795135498
generation,8084,64.75000381469727,15.129343032836914,59.42999720573425,15.62156867980957
generation,8085,65.80000519752502,13.514565467834473,59.619998931884766,15.578210830688477
generation,8086,66.15000367164612,13.338072776794434,59.79999899864197,15.246040344238281
generation,8087,64.25000429153442,14.876270294189453,59.54999923706055,15.652073860168457
generation,8088,65.70000052452087,14.710633277893066,59.78999733924866,15.915178298950195
generation,8089,64.40000534057617,13.661903381347656,59.85000133514404,15.51990795135498
generation,8090,66.30000472068787,13.828295707702637,59.47999954223633,15.509160995483398
generation,8091,64.15000557899475,14.729779243469238,60.19999980926514,15.444806098937988
generation,8092,66.10000133514404,13.429790496826172,59.609997272491455,15.694713592529297
generation,8093,64.3500030040741,15.122200012207031,59.450000524520874,15.727235794067383
generation,8094,64.70000147819519,14.107028007507324,59.99000072479248,15.619823455810547
generation,8095,64.60000276565552,15.189591407775879,59.77999567985535,15.823234558105469
generation,8096,64.75000381469727,14.49140739440918,60.21999716758728,15.48499870300293
generation,8097,65.30000567436218,14.733246803283691,59.359997510910034,15.639126777648926
generation,8098,64.55000042915344,15.100488662719727,59.78999733924866,16.509227752685547
generation,8099,65.15000462532043,14.450780868530273,59.89999771118164,15.260220527648926
generation,8100,64.75000381469727,13.891657829284668,59.71999764442444,15.537581443786621
generation,8101,65.70000052452087,13.970046997070312,60.19999980926514,15.567715644836426
generation,8102,65.65000414848328,14.20678997039795,59.99999642372131,16.411418914794922
generation,8103,64.60000276565552,14.370748519897461,60.60999631881714,15.602267265319824
generation,8104,63.850003480911255,15.711434364318848,59.83999967575073,15.895537376403809
generation,8105,65.70000052452087,14.482884407043457,59.92000102996826,15.837185859680176
generation,8106,65.75000286102295,13.945796966552734,59.43999886512756,15.962234497070312
generation,8107,63.90000581741333,13.817306518554688,59.929996728897095,15.469101905822754
generation,8108,66.10000133514404,13.425882339477539,59.95999574661255,15.581884384155273
generation,8109,63.70000243186951,14.29230785369873,59.96999740600586,15.968186378479004
generation,8110,65.40000438690186,13.723079681396484,59.96999740600586,15.518660545349121
generation,8111,64.95000123977661,14.817545890808105,59.78999733924866,15.901321411132812
generation,8112,64.65000510215759,14.826090812683105,59.65999960899353,16.290494918823242
generation,8113,64.3500030040741,14.627639770507812,60.2899968624115,15.399009704589844
generation,8114,62.5,15.191325187683105,59.209996461868286,15.724408149719238
generation,8115,63.90000581741333,14.654231071472168,59.7599983215332,15.862837791442871
generation,8116,65.25000333786011,14.02279281616211,59.52000021934509,15.663524627685547
generation,8117,67.00000166893005,13.07482624053955,59.95999574661255,15.899619102478027
generation,8118,66.55000448226929,12.83350658416748,59.689998626708984,15.581539154052734
generation,8119,64.95000123977661,14.93384838104248,59.71999764442444,15.862953186035156
generation,8120,65.20000100135803,14.307601928710938,59.16999578475952,16.186662673950195
generation,8121,66.75000190734863,13.867605209350586,59.72999930381775,15.369043350219727
generation,8122,64.80000019073486,14.143951416015625,59.7599983215332,15.758140563964844
generation,8123,65.5500054359436,13.538418769836426,59.92000102996826,15.548251152038574
generation,8124,65.85000157356262,14.3214693069458,59.09000039100647,16.047048568725586
generation,8125,66.25000238418579,14.621805191040039,59.630000591278076,15.620002746582031
generation,8126,64.45000171661377,14.040590286254883,60.499995946884155,15.6018705368042
generation,8127,65.25000333786011,14.343384742736816,59.86999869346619,15.41160774230957
generation,8128,63.95000219345093,15.951851844787598,59.89999771118164,15.913249969482422
generation,8129,65.35000205039978,13.641127586364746,59.86999869346619,15.41160774230957
generation,8130,66.40000343322754,13.882051467895508,59.63999629020691,16.448932647705078
generation,8131,65.45000076293945,13.622485160827637,59.41999554634094,15.332834243774414
generation,8132,64.60000276565552,14.885859489440918,59.78999733924866,15.854425430297852
generation,8133,65.00000357627869,14.305610656738281,60.08999943733215,15.691937446594238
generation,8134,66.55000448226929,12.658736228942871,60.13999581336975,15.225581169128418
generation,8135,64.75000381469727,14.341597557067871,59.950000047683716,15.522626876831055
generation,8136,63.850003480911255,15.372925758361816,59.349995851516724,16.093772888183594
generation,8137,65.6000018119812,14.182283401489258,59.86999869346619,16.00689125061035
generation,8138,65.70000052452087,13.898761749267578,60.19999980926514,15.813190460205078
generation,8139,65.35000205039978,13.47519302368164,60.249996185302734,15.519156455993652
generation,8140,65.15000462532043,13.780818939208984,59.70999598503113,16.01534652709961
generation,8141,65.5500054359436,14.30678939819336,59.99999642372131,15.619294166564941
generation,8142,64.40000534057617,14.303509712219238,59.349995851516724,16.17877769470215
generation,8143,65.05000591278076,13.606255531311035,59.74999666213989,15.7205171585083
generation,8144,64.55000042915344,14.949304580688477,60.019999742507935,16.067415237426758
generation,8145,65.75000286102295,13.218162536621094,59.81000065803528,15.88170337677002
generation,8146,65.05000591278076,14.019230842590332,60.19999980926514,15.679060935974121
generation,8147,64.65000510215759,14.31298542022705,59.52000021934509,15.68791675567627
generation,8148,66.00000262260437,13.626103401184082,60.4200005531311,15.426429748535156
generation,8149,65.9500002861023,13.055574417114258,60.17000079154968,15.182477951049805
generation,8150,66.75000190734863,13.614849090576172,59.90999937057495,15.750066757202148
generation,8151,65.6000018119812,14.220443725585938,59.79999899864197,15.732561111450195
generation,8152,63.90000581741333,13.684896469116211,59.99000072479248,15.728890419006348
generation,8153,66.30000472068787,13.569354057312012,59.82999801635742,15.79293155670166
generation,8154,65.5500054359436,14.743329048156738,59.99000072479248,15.79422378540039
generation,8155,65.75000286102295,13.865534782409668,59.82999801635742,15.79293155670166
generation,8156,66.35000109672546,13.04151725769043,59.769999980926514,15.583805084228516
generation,8157,65.6000018119812,14.001235008239746,59.579998254776,16.00446891784668
generation,8158,64.85000252723694,13.989093780517578,59.82999801635742,15.381103515625
generation,8159,63.35000395774841,15.489697456359863,60.009998083114624,16.04425621032715
generation,8160,65.6000018119812,14.838285446166992,59.71999764442444,15.96392822265625
generation,8161,64.55000042915344,14.268952369689941,59.82999801635742,15.339814186096191
generation,8162,61.75000071525574,15.622867584228516,60.350000858306885,15.59012508392334
generation,8163,64.65000510215759,14.433306694030762,60.11999845504761,15.53343391418457
generation,8164,66.2000060081482,13.304190635681152,59.85000133514404,15.367772102355957
generation,8165,62.4500036239624,16.093524932861328,59.72999930381775,15.614786148071289
generation,8166,65.15000462532043,14.52488899230957,59.20000076293945,15.980015754699707
generation,8167,64.45000171661377,14.563103675842285,59.86999869346619,15.528026580810547
generation,8168,64.80000019073486,14.077070236206055,59.369999170303345,15.631806373596191
generation,8169,66.45000576972961,13.884294509887695,59.56999659538269,15.704804420471191
generation,8170,63.450002670288086,15.000207901000977,60.100001096725464,15.634971618652344
generation,8171,64.000004529953,14.25696849822998,59.529995918273926,15.840974807739258
generation,8172,63.10000419616699,15.143438339233398,59.95999574661255,16.046920776367188
generation,8173,64.60000276565552,13.897759437561035,59.7599983215332,15.54857349395752
generation,8174,66.60000085830688,12.934576988220215,59.8800003528595,15.633135795593262
generation,8175,65.35000205039978,13.556483268737793,59.90999937057495,15.57181453704834
generation,8176,65.25000333786011,15.013473510742188,59.81999635696411,15.761833190917969
generation,8177,64.50000405311584,14.62316608428955,60.19999980926514,16.103010177612305
generation,8178,63.10000419616699,15.925829887390137,59.3999981880188,16.461740493774414
generation,8179,65.9500002861023,13.428999900817871,59.630000591278076,15.398797035217285
generation,8180,65.05000591278076,14.875715255737305,59.81000065803528,15.636006355285645
generation,8181,66.65000319480896,12.949825286865234,59.24999713897705,15.687292098999023
generation,8182,65.5500054359436,13.781774520874023,59.52000021934509,15.743592262268066
generation,8183,65.6000018119812,14.11556339263916,59.90999937057495,15.770275115966797
generation,8184,65.15000462532043,13.908100128173828,60.14999747276306,15.565067291259766
generation,8185,65.00000357627869,13.854695320129395,59.96999740600586,15.506202697753906
generation,8186,65.9500002861023,13.489770889282227,59.7599983215332,15.834559440612793
generation,8187,65.9000039100647,14.022688865661621,59.679996967315674,15.535959243774414
generation,8188,63.25000524520874,15.040618896484375,59.70999598503113,15.798044204711914
generation,8189,65.10000228881836,14.19443416595459,59.74999666213989,15.9286527633667
generation,8190,64.25000429153442,14.870993614196777,59.8800003528595,15.742523193359375
generation,8191,64.80000019073486,14.436209678649902,59.89999771118164,15.787385940551758
generation,8192,64.50000405311584,14.347557067871094,60.04999876022339,15.855072021484375
generation,8193,64.65000510215759,14.156265258789062,59.82999801635742,15.561843872070312
generation,8194,65.85000157356262,13.021023750305176,60.04999876022339,15.424510955810547
generation,8195,64.45000171661377,14.43812370300293,59.49000120162964,15.616795539855957
generation,8196,64.75000381469727,13.826988220214844,60.4699969291687,15.544319152832031
generation,8197,64.10000324249268,15.005227088928223,59.72999930381775,15.78687858581543
generation,8198,65.40000438690186,13.361276626586914,59.81999635696411,15.579821586608887
generation,8199,66.75000190734863,13.843194961547852,60.100001096725464,15.810070037841797
generation,8200,65.9000039100647,13.679084777832031,60.11999845504761,15.51222038269043
generation,8201,65.40000438690186,13.273616790771484,59.630000591278076,15.492911338806152
generation,8202,65.15000462532043,13.2900972366333,59.630000591278076,15.492911338806152
generation,8203,64.80000019073486,14.225516319274902,59.96999740600586,15.666872024536133
generation,8204,64.3500030040741,14.539606094360352,59.97999906539917,15.649157524108887
generation,8205,66.30000472068787,13.943740844726562,59.689998626708984,15.983312606811523
generation,8206,65.6000018119812,14.114298820495605,59.689998626708984,15.438366889953613
generation,8207,67.1500027179718,13.10244369506836,60.179996490478516,15.364497184753418
generation,8208,64.20000195503235,14.578758239746094,59.49000120162964,15.838500022888184
generation,8209,65.70000052452087,13.65597915649414,60.030001401901245,15.539463996887207
generation,8210,66.65000319480896,13.841118812561035,59.82999801635742,15.369813919067383
generation,8211,64.20000195503235,15.279352188110352,60.4200005531311,15.77064037322998
generation,8212,64.10000324249268,14.29198169708252,59.609997272491455,15.541644096374512
generation,8213,66.90000295639038,13.589444160461426,60.49000024795532,15.805030822753906
generation,8214,65.45000076293945,13.861529350280762,59.89999771118164,15.676168441772461
generation,8215,65.15000462532043,14.54455280303955,60.009998083114624,15.732955932617188
generation,8216,64.25000429153442,15.169388771057129,59.579998254776,16.270166397094727
generation,8217,65.5500054359436,13.603693008422852,59.88999605178833,15.487876892089844
generation,8218,64.3500030040741,14.557150840759277,60.20999550819397,15.45426082611084
generation,8219,66.10000133514404,14.429119110107422,59.88999605178833,16.220327377319336
generation,8220,64.60000276565552,14.927220344543457,59.58999991416931,16.03498649597168
generation,8221,64.0500009059906,14.712791442871094,60.030001401901245,15.432337760925293
generation,8222,65.50000309944153,13.00261402130127,59.31000113487244,15.739657402038574
generation,8223,65.35000205039978,14.004705429077148,59.99000072479248,15.998964309692383
generation,8224,66.70000553131104,13.207054138183594,59.67000126838684,15.986817359924316
generation,8225,66.90000295639038,13.64688777923584,60.19999980926514,15.904118537902832
generation,8226,66.65000319480896,12.780292510986328,60.06999611854553,15.802431106567383
generation,8227,63.55000138282776,14.66684341430664,59.74000096321106,15.85301399230957
generation,8228,64.70000147819519,14.447929382324219,60.15999913215637,15.753600120544434
generation,8229,65.6000018119812,13.35334587097168,60.39999723434448,15.581928253173828
generation,8230,63.70000243186951,15.212141990661621,59.859997034072876,16.010000228881836
generation,8231,65.65000414848328,13.377326011657715,59.38999652862549,15.5603609085083
generation,8232,65.80000519752502,14.282454490661621,60.4200005531311,15.622581481933594
generation,8233,64.10000324249268,14.838006019592285,59.96999740600586,16.001253128051758
generation,8234,65.65000414848328,13.125479698181152,60.06999611854553,15.063077926635742
generation,8235,64.90000486373901,14.098607063293457,59.769999980926514,15.647109031677246
generation,8236,66.25000238418579,13.461331367492676,60.36999821662903,15.371259689331055
generation,8237,66.70000553131104,13.21475887298584,59.47999954223633,16.161128997802734
generation,8238,65.40000438690186,14.384248733520508,58.8699996471405,16.79191017150879
generation,8239,65.5500054359436,13.634955406188965,60.07999777793884,15.268945693969727
generation,8240,66.80000424385071,13.522553443908691,60.61999797821045,15.650094032287598
generation,8241,65.6000018119812,14.051790237426758,59.70999598503113,15.834059715270996
generation,8242,65.45000076293945,13.906477928161621,59.49000120162964,15.46556282043457
generation,8243,65.45000076293945,14.096914291381836,60.249996185302734,15.615384101867676
generation,8244,66.05000495910645,14.121150016784668,59.579998254776,16.118072509765625
generation,8245,63.75000476837158,14.374810218811035,59.63999629020691,15.624765396118164
generation,8246,64.90000486373901,14.000425338745117,60.0600004196167,15.961448669433594
generation,8247,65.45000076293945,14.566176414489746,59.95999574661255,15.493309020996094
generation,8248,62.950003147125244,14.78416633605957,60.17000079154968,15.492429733276367
generation,8249,64.85000252723694,13.892860412597656,59.539997577667236,15.879638671875
generation,8250,64.50000405311584,14.25297737121582,59.689998626708984,15.497878074645996
generation,8251,66.45000576972961,13.416743278503418,59.92000102996826,15.462240219116211
generation,8252,65.40000438690186,14.461143493652344,59.85000133514404,15.712926864624023
generation,8253,64.80000019073486,13.736989974975586,60.15999913215637,15.594961166381836
generation,8254,65.85000157356262,13.234814643859863,60.29999852180481,15.325569152832031
generation,8255,64.60000276565552,14.490270614624023,59.40999984741211,16.142911911010742
generation,8256,64.60000276565552,14.032098770141602,60.15999913215637,15.238826751708984
generation,8257,65.05000591278076,14.832511901855469,59.95999574661255,16.156320571899414
generation,8258,66.8500006198883,12.50045108795166,60.15999913215637,15.488168716430664
generation,8259,64.90000486373901,14.186150550842285,59.679996967315674,15.84204387664795
generation,8260,66.25000238418579,14.48873519897461,59.7599983215332,15.260828018188477
generation,8261,64.10000324249268,15.145601272583008,60.0600004196167,15.540648460388184
generation,8262,63.35000395774841,15.269853591918945,60.14999747276306,15.593389511108398
generation,8263,64.75000381469727,14.174534797668457,59.769999980926514,15.57018756866455
generation,8264,65.80000519752502,14.595812797546387,59.38999652862549,15.702559471130371
generation,8265,64.45000171661377,14.66952896118164,59.31000113487244,15.880704879760742
generation,8266,63.95000219345093,14.998278617858887,60.189998149871826,15.0938138961792
generation,8267,64.80000019073486,13.97386360168457,60.31999588012695,15.621113777160645
generation,8268,65.50000309944153,13.9080228805542,60.569995641708374,15.468717575073242
generation,8269,66.2000060081482,13.143210411071777,59.31000113487244,15.948412895202637
generation,8270,66.8500006198883,13.06447696685791,60.31000018119812,15.390774726867676
generation,8271,65.70000052452087,13.808886528015137,59.70999598503113,15.75364875793457
generation,8272,64.70000147819519,14.938508987426758,60.030001401901245,16.43071937561035
generation,8273,65.75000286102295,13.902715682983398,59.769999980926514,15.549532890319824
generation,8274,64.70000147819519,14.438619613647461,60.6499969959259,16.065597534179688
generation,8275,65.35000205039978,13.660880088806152,60.64000129699707,15.208627700805664
generation,8276,65.30000567436218,14.573385238647461,59.58999991416931,15.93551254272461
generation,8277,65.45000076293945,13.890948295593262,60.04999876022339,15.50576400756836
generation,8278,65.70000052452087,13.27474308013916,59.950000047683716,15.91134262084961
generation,8279,66.75000190734863,13.508481979370117,59.18999910354614,16.174610137939453
generation,8280,66.25000238418579,13.684110641479492,60.53999662399292,15.38168716430664
generation,8281,65.05000591278076,14.479737281799316,59.63999629020691,15.441776275634766
generation,8282,64.70000147819519,13.793353080749512,60.21999716758728,15.273667335510254
generation,8283,65.30000567436218,14.595563888549805,59.86999869346619,15.72857666015625
generation,8284,65.45000076293945,13.77708911895752,60.53999662399292,15.38168716430664
generation,8285,65.10000228881836,14.615312576293945,60.53999662399292,15.555343627929688
generation,8286,66.75000190734863,13.050393104553223,60.04999876022339,15.811606407165527
generation,8287,66.15000367164612,13.048334121704102,60.19999980926514,15.13656234741211
generation,8288,64.70000147819519,13.660406112670898,60.44999957084656,15.534257888793945
generation,8289,68.05000305175781,13.314885139465332,60.82000136375427,15.668098449707031
generation,8290,64.000004529953,14.810164451599121,60.04999876022339,15.811606407165527
generation,8291,65.65000414848328,13.989410400390625,60.47999858856201,15.04959487915039
generation,8292,63.65000009536743,15.404504776000977,59.689998626708984,15.633973121643066
generation,8293,65.15000462532043,14.0222806930542,59.56999659538269,15.94865608215332
generation,8294,67.20000505447388,12.619383811950684,60.74000000953674,15.208900451660156
generation,8295,65.50000309944153,12.783963203430176,60.11999845504761,15.441734313964844
generation,8296,65.30000567436218,14.129863739013672,60.08999943733215,15.55084228515625
generation,8297,66.10000133514404,13.808609962463379,60.49000024795532,15.1578950881958
generation,8298,66.90000295639038,12.888995170593262,59.939998388290405,15.32352352142334
generation,8299,66.40000343322754,13.75383186340332,59.939998388290405,15.32352352142334
generation,8300,65.85000157356262,14.912939071655273,60.13000011444092,15.829412460327148
generation,8301,66.2000060081482,14.32731819152832,59.99999642372131,15.69365119934082
generation,8302,66.80000424385071,13.405394554138184,60.44999957084656,15.42074966430664
generation,8303,64.95000123977661,14.16199016571045,60.009998083114624,15.640074729919434
generation,8304,66.00000262260437,14.196175575256348,59.97999906539917,15.502018928527832
generation,8305,65.35000205039978,14.024921417236328,60.21999716758728,15.244272232055664
generation,8306,65.05000591278076,14.378259658813477,59.450000524520874,15.63269329071045
generation,8307,66.35000109672546,14.262337684631348,60.08999943733215,15.889543533325195
generation,8308,66.40000343322754,13.33470630645752,59.450000524520874,15.660951614379883
generation,8309,65.40000438690186,13.783894538879395,59.64999794960022,16.101722717285156
generation,8310,66.2000060081482,13.272013664245605,60.53000092506409,15.456982612609863
generation,8311,64.25000429153442,14.097796440124512,59.630000591278076,15.891926765441895
generation,8312,66.45000576972961,13.565410614013672,60.07999777793884,15.644149780273438
generation,8313,64.55000042915344,14.789259910583496,58.84000062942505,16.04778289794922
generation,8314,65.85000157356262,13.945972442626953,60.53999662399292,15.381211280822754
generation,8315,67.05000400543213,13.390135765075684,60.509997606277466,15.576720237731934
generation,8316,66.10000133514404,13.596359252929688,60.37999987602234,15.48311996459961
generation,8317,65.70000052452087,13.898194313049316,60.0600004196167,15.121247291564941
generation,8318,64.70000147819519,14.356534004211426,60.21999716758728,15.666913986206055
generation,8319,64.85000252723694,14.606799125671387,60.04999876022339,15.657033920288086
generation,8320,66.40000343322754,12.70009994506836,59.950000047683716,15.473179817199707
generation,8321,64.25000429153442,14.32677936553955,59.95999574661255,15.902164459228516
generation,8322,65.30000567436218,14.117053031921387,60.13000011444092,15.488442420959473
generation,8323,65.70000052452087,13.864069938659668,60.31999588012695,15.638973236083984
generation,8324,65.20000100135803,14.488429069519043,60.569995641708374,15.563623428344727
generation,8325,66.90000295639038,12.793083190917969,60.15999913215637,15.589187622070312
generation,8326,66.45000576972961,13.373917579650879,59.929996728897095,15.503191947937012
generation,8327,66.15000367164612,13.699997901916504,60.31999588012695,15.69040584564209
generation,8328,64.40000534057617,14.254585266113281,60.72999835014343,15.582674980163574
generation,8329,66.25000238418579,13.300847053527832,60.749995708465576,15.220115661621094
generation,8330,64.70000147819519,14.948892593383789,60.72999835014343,15.582674980163574
generation,8331,64.70000147819519,14.193238258361816,60.329997539520264,15.273012161254883
generation,8332,66.15000367164612,13.525976181030273,60.19999980926514,15.454850196838379
generation,8333,67.00000166893005,13.295825958251953,60.87999939918518,15.148768424987793
generation,8334,64.90000486373901,14.539054870605469,59.86999869346619,15.736846923828125
generation,8335,66.35000109672546,13.350205421447754,59.49999690055847,15.548565864562988
generation,8336,65.10000228881836,14.242449760437012,60.03999710083008,16.248449325561523
generation,8337,66.50000214576721,13.391274452209473,59.71999764442444,15.287703514099121
generation,8338,65.9500002861023,13.878692626953125,60.39999723434448,15.282976150512695
generation,8339,64.75000381469727,14.280679702758789,60.249996185302734,15.27772045135498
generation,8340,65.35000205039978,14.819528579711914,60.100001096725464,15.77025318145752
generation,8341,65.25000333786011,14.324807167053223,60.49000024795532,15.746771812438965
generation,8342,65.50000309944153,13.525059700012207,59.96999740600586,15.589374542236328
generation,8343,64.90000486373901,14.401189804077148,59.88999605178833,15.947615623474121
generation,8344,64.0500009059906,13.672746658325195,59.81999635696411,15.512879371643066
generation,8345,64.90000486373901,14.252615928649902,60.29999852180481,15.557982444763184
generation,8346,65.50000309944153,14.355125427246094,60.350000858306885,15.355231285095215
generation,8347,66.45000576972961,13.720624923706055,60.13999581336975,15.644037246704102
generation,8348,64.65000510215759,14.847884178161621,59.81000065803528,15.880675315856934
generation,8349,65.75000286102295,13.92453384399414,59.79999899864197,16.237220764160156
generation,8350,65.05000591278076,14.074951171875,60.31999588012695,15.698434829711914
generation,8351,66.65000319480896,13.339898109436035,60.670000314712524,15.848042488098145
generation,8352,65.50000309944153,14.286369323730469,59.8800003528595,15.698442459106445
generation,8353,65.10000228881836,14.632184028625488,60.06999611854553,15.335597038269043
generation,8354,66.45000576972961,13.657868385314941,60.20999550819397,15.34819507598877
generation,8355,66.35000109672546,14.1376314163208,59.679996967315674,15.747748374938965
generation,8356,66.50000214576721,14.261601448059082,60.509997606277466,16.052566528320312
generation,8357,63.00000548362732,15.070782661437988,60.15999913215637,15.305765151977539
generation,8358,66.10000133514404,13.51984977722168,59.38999652862549,16.05461311340332
generation,8359,64.65000510215759,14.581002235412598,59.619998931884766,15.835565567016602
generation,8360,67.30000376701355,13.286956787109375,59.619998931884766,15.835565567016602
generation,8361,66.2000060081482,13.991988182067871,60.4699969291687,14.989395141601562
generation,8362,67.5000011920929,13.011605262756348,60.35999655723572,15.699458122253418
generation,8363,65.10000228881836,14.306044578552246,60.249996185302734,15.63888931274414
generation,8364,65.75000286102295,13.62467098236084,60.21999716758728,15.518853187561035
generation,8365,64.40000534057617,13.775081634521484,59.81000065803528,16.00774574279785
generation,8366,65.30000567436218,14.490948677062988,59.71999764442444,15.836446762084961
generation,8367,66.70000553131104,12.809207916259766,60.71999669075012,15.208974838256836
generation,8368,65.45000076293945,14.310286521911621,60.509997606277466,15.743247985839844
generation,8369,64.90000486373901,13.657977104187012,59.97999906539917,15.698962211608887
generation,8370,65.70000052452087,13.742051124572754,60.43999791145325,15.700949668884277
generation,8371,66.05000495910645,13.547784805297852,60.030001401901245,15.744915962219238
generation,8372,66.50000214576721,13.437790870666504,60.15999913215637,15.421639442443848
generation,8373,66.15000367164612,13.51414966583252,60.39999723434448,15.593549728393555
generation,8374,65.65000414848328,14.043871879577637,59.769999980926514,15.719733238220215
generation,8375,64.85000252723694,14.691783905029297,60.509997606277466,15.406869888305664
generation,8376,64.10000324249268,14.286864280700684,60.13000011444092,15.551870346069336
generation,8377,65.65000414848328,14.291375160217285,59.599995613098145,16.26315689086914
generation,8378,64.55000042915344,14.056558609008789,60.579997301101685,15.590024948120117
generation,8379,66.55000448226929,13.458806037902832,59.950000047683716,15.721919059753418
generation,8380,67.55000352859497,13.100089073181152,60.19999980926514,15.716960906982422
generation,8381,66.55000448226929,13.7802152633667,59.92000102996826,15.83503246307373
generation,8382,64.70000147819519,14.665775299072266,60.339999198913574,15.58797836303711
generation,8383,66.40000343322754,13.778626441955566,60.2899968624115,16.142107009887695
generation,8384,64.45000171661377,14.94369125366211,61.01999878883362,15.364595413208008
generation,8385,66.00000262260437,14.632739067077637,60.249996185302734,15.523884773254395
generation,8386,66.55000448226929,12.955183029174805,60.49000024795532,15.650373458862305
generation,8387,66.00000262260437,13.690145492553711,59.96999740600586,15.569852828979492
generation,8388,67.25000143051147,12.977659225463867,60.29999852180481,15.832420349121094
generation,8389,65.40000438690186,14.589055061340332,60.749995708465576,15.852020263671875
generation,8390,65.9000039100647,14.020855903625488,60.71000099182129,15.236562728881836
generation,8391,66.10000133514404,13.707052230834961,60.60999631881714,15.247249603271484
generation,8392,65.9500002861023,13.902990341186523,60.53999662399292,16.0173282623291
generation,8393,66.10000133514404,14.14942455291748,60.60999631881714,15.247249603271484
generation,8394,63.95000219345093,15.392498016357422,60.31999588012695,15.454195022583008
generation,8395,64.75000381469727,14.633362770080566,60.009998083114624,16.182992935180664
generation,8396,65.80000519752502,14.224300384521484,60.1099967956543,15.678754806518555
generation,8397,66.60000085830688,13.911964416503906,59.81000065803528,16.240589141845703
generation,8398,65.75000286102295,14.172844886779785,60.0600004196167,15.327799797058105
generation,8399,65.6000018119812,13.993450164794922,60.31999588012695,15.657074928283691
generation,8400,64.20000195503235,14.762478828430176,59.79999899864197,15.64784049987793
generation,8401,66.50000214576721,13.795663833618164,60.179996490478516,15.133429527282715
generation,8402,66.55000448226929,13.316176414489746,60.21999716758728,15.425957679748535
generation,8403,64.000004529953,14.41974925994873,60.2899968624115,15.466532707214355
generation,8404,65.05000591278076,14.131159782409668,60.569995641708374,15.395578384399414
generation,8405,66.30000472068787,13.699899673461914,59.97999906539917,15.583056449890137
generation,8406,66.00000262260437,14.518892288208008,59.939998388290405,15.654951095581055
generation,8407,65.00000357627869,15.02460765838623,59.579998254776,15.808834075927734
generation,8408,65.15000462532043,13.573047637939453,60.2899968624115,15.406457901000977
generation,8409,66.05000495910645,13.448942184448242,60.29999852180481,15.873162269592285
generation,8410,65.10000228881836,14.337691307067871,59.939998388290405,15.686491966247559
generation,8411,65.75000286102295,13.798577308654785,60.35999655723572,15.87083625793457
generation,8412,65.05000591278076,14.204874038696289,60.53000092506409,15.525989532470703
generation,8413,66.8500006198883,13.00815200805664,60.13999581336975,16.00870704650879
generation,8414,66.10000133514404,14.1427001953125,60.08999943733215,16.188329696655273
generation,8415,66.30000472068787,13.681736946105957,60.36999821662903,15.80361270904541
generation,8416,64.50000405311584,14.531149864196777,59.74999666213989,15.750763893127441
generation,8417,65.80000519752502,14.366515159606934,60.21999716758728,15.664043426513672
generation,8418,65.25000333786011,14.17686939239502,60.36999821662903,15.563640594482422
generation,8419,66.35000109672546,14.264789581298828,59.49999690055847,15.837926864624023
generation,8420,66.40000343322754,13.42581558227539,60.179996490478516,15.523337364196777
generation,8421,64.10000324249268,15.007255554199219,60.31999588012695,15.484463691711426
generation,8422,66.25000238418579,13.830897331237793,60.2400004863739,15.597428321838379
generation,8423,65.80000519752502,13.449323654174805,60.749995708465576,15.358574867248535
generation,8424,66.65000319480896,13.163196563720703,60.03999710083008,15.308828353881836
generation,8425,64.80000019073486,14.172896385192871,59.97999906539917,15.81961441040039
generation,8426,65.85000157356262,14.05683708190918,60.08999943733215,15.512846946716309
generation,8427,65.05000591278076,14.253292083740234,60.82000136375427,15.389261245727539
generation,8428,64.20000195503235,15.449178695678711,60.179996490478516,15.706010818481445
generation,8429,64.80000019073486,13.692368507385254,60.009998083114624,15.402115821838379
generation,8430,65.45000076293945,13.651878356933594,59.58999991416931,15.71329402923584
generation,8431,65.05000591278076,14.738810539245605,60.1099967956543,15.732950210571289
generation,8432,65.6000018119812,13.965928077697754,60.61999797821045,15.901394844055176
generation,8433,66.00000262260437,13.916926383972168,60.569995641708374,15.397965431213379
generation,8434,63.40000033378601,14.249968528747559,60.14999747276306,15.477960586547852
generation,8435,65.9000039100647,14.069381713867188,60.37999987602234,15.342266082763672
generation,8436,65.50000309944153,14.290573120117188,60.659998655319214,15.58603572845459
generation,8437,65.5500054359436,13.666630744934082,60.4200005531311,15.640554428100586
generation,8438,64.65000510215759,13.684478759765625,59.95999574661255,15.280378341674805
generation,8439,68.35000514984131,12.579811096191406,60.189998149871826,15.48383903503418
generation,8440,66.40000343322754,13.670114517211914,60.54999828338623,15.46463394165039
generation,8441,67.40000247955322,12.794801712036133,60.4699969291687,15.356049537658691
generation,8442,66.10000133514404,13.626787185668945,60.17000079154968,15.808295249938965
generation,8443,66.75000190734863,14.228798866271973,60.329997539520264,15.904434204101562
generation,8444,64.55000042915344,14.64432144165039,60.350000858306885,15.437005043029785
generation,8445,65.5500054359436,13.438920974731445,60.47999858856201,15.255142211914062
generation,8446,65.70000052452087,14.21211051940918,60.519999265670776,15.776335716247559
generation,8447,64.95000123977661,13.635257720947266,60.339999198913574,15.196512222290039
generation,8448,65.25000333786011,15.026453971862793,60.64000129699707,15.689390182495117
generation,8449,65.80000519752502,13.698861122131348,60.329997539520264,15.477304458618164
generation,8450,63.65000009536743,15.091471672058105,60.030001401901245,15.674826622009277
generation,8451,64.95000123977661,13.629997253417969,60.339999198913574,15.291657447814941
generation,8452,63.65000009536743,15.490966796875,60.329997539520264,15.56345272064209
generation,8453,65.00000357627869,14.323932647705078,60.249996185302734,15.813660621643066
generation,8454,65.65000414848328,14.26179027557373,59.79999899864197,15.764278411865234
generation,8455,66.75000190734863,13.654491424560547,60.0600004196167,15.922645568847656
generation,8456,64.60000276565552,13.782509803771973,59.77999567985535,15.75825309753418
generation,8457,66.75000190734863,13.779993057250977,60.61999797821045,15.639171600341797
generation,8458,66.50000214576721,13.144627571105957,60.72999835014343,15.482237815856934
generation,8459,65.45000076293945,14.458444595336914,60.47999858856201,15.449223518371582
generation,8460,64.60000276565552,13.816001892089844,60.47999858856201,15.59809398651123
generation,8461,65.85000157356262,13.375151634216309,59.70999598503113,15.433587074279785
generation,8462,64.95000123977661,13.667860984802246,60.87999939918518,15.539032936096191
generation,8463,65.65000414848328,13.425020217895508,60.519999265670776,15.299006462097168
generation,8464,66.35000109672546,14.264660835266113,60.11999845504761,15.785367012023926
generation,8465,67.1500027179718,13.885944366455078,60.179996490478516,16.180662155151367
generation,8466,64.55000042915344,14.59443473815918,60.17000079154968,16.096223831176758
generation,8467,66.00000262260437,13.61081600189209,60.54999828338623,15.545502662658691
generation,8468,65.80000519752502,14.158674240112305,60.37999987602234,15.745315551757812
generation,8469,66.25000238418579,14.260956764221191,60.04999876022339,15.596319198608398
generation,8470,63.850003480911255,15.250627517700195,60.11999845504761,16.200363159179688
generation,8471,64.55000042915344,15.237048149108887,60.829997062683105,16.28459358215332
generation,8472,65.85000157356262,14.14689826965332,59.939998388290405,15.763443946838379
generation,8473,64.95000123977661,14.247438430786133,59.950000047683716,15.956622123718262
generation,8474,67.10000038146973,13.54398250579834,60.179996490478516,15.323993682861328
generation,8475,65.00000357627869,14.220191955566406,59.99000072479248,15.446884155273438
generation,8476,66.75000190734863,13.621426582336426,59.78999733924866,15.792031288146973
generation,8477,65.6000018119812,14.029565811157227,60.46000123023987,15.260215759277344
generation,8478,65.30000567436218,13.079497337341309,60.36999821662903,15.393305778503418
generation,8479,65.50000309944153,14.406923294067383,60.0600004196167,15.676082611083984
generation,8480,65.70000052452087,13.629287719726562,60.909998416900635,15.88364028930664
generation,8481,66.2000060081482,13.62602710723877,59.70999598503113,15.751026153564453
generation,8482,64.45000171661377,14.76016616821289,60.280001163482666,16.157764434814453
generation,8483,65.9000039100647,14.310178756713867,60.46000123023987,15.616507530212402
generation,8484,65.10000228881836,14.819637298583984,60.21999716758728,16.160818099975586
generation,8485,66.30000472068787,13.635222434997559,60.280001163482666,15.171453475952148
generation,8486,64.85000252723694,14.73673152923584,60.37999987602234,15.587384223937988
generation,8487,66.40000343322754,14.108235359191895,60.07999777793884,15.965420722961426
generation,8488,66.15000367164612,13.689064025878906,60.29999852180481,15.734023094177246
generation,8489,65.05000591278076,14.163372993469238,59.96999740600586,16.024219512939453
generation,8490,65.9000039100647,13.975748062133789,60.11999845504761,15.793009757995605
generation,8491,64.50000405311584,14.03465747833252,60.55999994277954,15.02357006072998
generation,8492,66.45000576972961,12.94801139831543,60.47999858856201,15.013738632202148
generation,8493,66.75000190734863,12.719428062438965,60.989999771118164,14.810855865478516
generation,8494,65.85000157356262,13.625819206237793,59.99000072479248,15.42462158203125
generation,8495,66.95000529289246,13.446943283081055,60.61999797821045,15.143564224243164
generation,8496,64.3500030040741,14.014016151428223,60.08999943733215,15.496312141418457
generation,8497,66.05000495910645,13.361772537231445,60.989999771118164,14.810855865478516
generation,8498,64.55000042915344,14.861915588378906,59.47999954223633,15.955426216125488
generation,8499,66.75000190734863,13.461424827575684,60.509997606277466,15.16408634185791
generation,8500,67.40000247955322,12.321486473083496,59.97999906539917,15.28180980682373
generation,8501,65.10000228881836,13.833996772766113,60.31000018119812,15.723520278930664
generation,8502,64.25000429153442,15.158968925476074,60.53000092506409,15.337793350219727
generation,8503,65.15000462532043,14.70524787902832,60.53000092506409,15.337793350219727
generation,8504,64.70000147819519,14.143546104431152,59.99000072479248,15.873364448547363
generation,8505,64.10000324249268,14.524212837219238,60.19999980926514,15.50173282623291
generation,8506,65.50000309944153,13.447334289550781,59.86999869346619,15.798583984375
generation,8507,64.85000252723694,14.052614212036133,59.92000102996826,15.559218406677246
generation,8508,66.50000214576721,13.384675025939941,60.44999957084656,15.702706336975098
generation,8509,65.10000228881836,14.020949363708496,60.35999655723572,15.632305145263672
generation,8510,65.05000591278076,14.262429237365723,60.009998083114624,15.749992370605469
generation,8511,65.6000018119812,13.791990280151367,60.920000076293945,15.11038589477539
generation,8512,65.20000100135803,13.892427444458008,60.249996185302734,15.869488716125488
generation,8513,65.50000309944153,13.524418830871582,60.06999611854553,15.109084129333496
generation,8514,64.85000252723694,14.073200225830078,60.920000076293945,15.11038589477539
generation,8515,64.65000510215759,15.005749702453613,60.71000099182129,15.503928184509277
generation,8516,66.45000576972961,13.652503967285156,60.670000314712524,15.394639015197754
generation,8517,64.20000195503235,14.749380111694336,60.9499990940094,15.48222541809082
generation,8518,64.25000429153442,14.24682331085205,59.74000096321106,15.600549697875977
generation,8519,64.70000147819519,14.584003448486328,60.899996757507324,15.499820709228516
generation,8520,65.85000157356262,13.81696891784668,60.08999943733215,15.379209518432617
generation,8521,64.75000381469727,14.143065452575684,60.499995946884155,15.44119644165039
generation,8522,65.70000052452087,13.384421348571777,60.29999852180481,15.558588981628418
generation,8523,65.20000100135803,14.322452545166016,60.350000858306885,15.622998237609863
generation,8524,67.40000247955322,13.04712963104248,60.47999858856201,15.51829719543457
generation,8525,66.30000472068787,13.445808410644531,60.600000619888306,15.378771781921387
generation,8526,65.80000519752502,13.620491981506348,60.38999557495117,15.51940631866455
generation,8527,65.9000039100647,13.97994613647461,60.31999588012695,15.399840354919434
generation,8528,65.05000591278076,13.183823585510254,60.75999736785889,15.433687210083008
generation,8529,64.25000429153442,14.551844596862793,60.42999625205994,15.501760482788086
generation,8530,65.05000591278076,14.131668090820312,60.350000858306885,15.729498863220215
generation,8531,64.55000042915344,14.28237247467041,60.22999882698059,15.598199844360352
generation,8532,66.30000472068787,13.21550178527832,60.21999716758728,15.91648006439209
generation,8533,64.15000557899475,15.090567588806152,60.43999791145325,15.231303215026855
generation,8534,66.15000367164612,13.317866325378418,60.55999994277954,14.929012298583984
generation,8535,63.30000162124634,14.704217910766602,60.40999889373779,15.26099681854248
generation,8536,64.45000171661377,14.651304244995117,60.670000314712524,15.064276695251465
generation,8537,64.55000042915344,14.6904296875,60.589998960494995,15.157979965209961
generation,8538,64.90000486373901,13.16100025177002,59.78999733924866,15.488356590270996
generation,8539,67.35000610351562,12.650757789611816,59.52000021934509,15.972673416137695
generation,8540,66.00000262260437,13.0926513671875,60.350000858306885,15.201749801635742
generation,8541,64.65000510215759,14.1023530960083,59.74999666213989,15.466604232788086
generation,8542,65.05000591278076,14.777901649475098,59.90999937057495,15.296884536743164
generation,8543,63.95000219345093,15.29958724975586,60.189998149871826,15.63109016418457
generation,8544,64.80000019073486,14.99718189239502,60.60999631881714,15.760744094848633
generation,8545,65.80000519752502,13.334197044372559,59.99999642372131,15.554401397705078
generation,8546,67.95000433921814,12.185907363891602,60.37999987602234,15.566753387451172
generation,8547,66.25000238418579,14.228243827819824,59.82999801635742,15.828959465026855
generation,8548,65.25000333786011,14.335888862609863,59.95999574661255,15.437392234802246
generation,8549,65.65000414848328,14.006712913513184,60.659998655319214,15.265401840209961
generation,8550,63.75000476837158,14.678970336914062,60.179996490478516,15.622180938720703
generation,8551,64.95000123977661,14.219596862792969,60.7699990272522,15.68976879119873
generation,8552,66.05000495910645,13.036627769470215,59.95999574661255,15.639183044433594
generation,8553,64.60000276565552,14.309221267700195,60.13000011444092,15.41623592376709
generation,8554,65.30000567436218,13.977789878845215,60.35999655723572,15.641162872314453
generation,8555,65.6000018119812,13.380208969116211,60.44999957084656,15.289008140563965
generation,8556,68.25000047683716,13.010961532592773,60.499995946884155,15.634603500366211
generation,8557,66.55000448226929,12.58500862121582,60.600000619888306,15.094403266906738
generation,8558,64.25000429153442,15.550957679748535,60.600000619888306,15.898307800292969
generation,8559,65.10000228881836,13.833130836486816,60.259997844696045,15.53842544555664
generation,8560,65.75000286102295,14.752480506896973,60.07999777793884,15.457839012145996
generation,8561,65.75000286102295,13.760357856750488,60.17000079154968,15.310358047485352
generation,8562,66.15000367164612,13.304193496704102,59.609997272491455,16.01007080078125
generation,8563,65.00000357627869,14.050809860229492,60.39999723434448,15.377303123474121
generation,8564,64.55000042915344,14.33520221710205,60.44999957084656,15.469698905944824
generation,8565,64.80000019073486,14.538575172424316,60.47999858856201,15.638879776000977
generation,8566,68.20000410079956,12.368335723876953,59.81000065803528,15.625832557678223
generation,8567,65.75000286102295,13.575193405151367,60.04999876022339,15.647749900817871
generation,8568,67.05000400543213,12.578052520751953,59.83999967575073,15.832422256469727
generation,8569,67.5000011920929,13.346437454223633,60.14999747276306,15.670421600341797
generation,8570,64.90000486373901,15.307140350341797,59.939998388290405,15.733442306518555
generation,8571,64.55000042915344,14.156572341918945,60.78999638557434,15.596309661865234
generation,8572,65.80000519752502,14.51307487487793,60.78999638557434,15.596309661865234
generation,8573,64.85000252723694,14.08851432800293,60.78999638557434,15.596309661865234
generation,8574,65.15000462532043,14.224630355834961,60.31000018119812,15.647401809692383
generation,8575,64.55000042915344,13.77446460723877,59.599995613098145,15.53368091583252
generation,8576,65.00000357627869,13.401724815368652,60.55999994277954,15.519501686096191
generation,8577,65.65000414848328,14.130277633666992,59.939998388290405,15.031575202941895
generation,8578,66.30000472068787,13.459662437438965,60.15999913215637,15.352286338806152
generation,8579,65.75000286102295,13.349710464477539,60.36999821662903,15.262347221374512
generation,8580,64.85000252723694,14.552596092224121,59.88999605178833,15.729264259338379
generation,8581,66.05000495910645,13.371854782104492,59.79999899864197,15.7182035446167
generation,8582,64.85000252723694,14.112951278686523,60.600000619888306,15.056846618652344
generation,8583,66.2000060081482,12.814453125,60.4200005531311,15.008355140686035
generation,8584,66.65000319480896,12.490823745727539,60.31000018119812,14.969863891601562
generation,8585,64.75000381469727,14.998692512512207,60.6499969959259,15.248543739318848
generation,8586,66.65000319480896,13.129653930664062,60.569995641708374,15.155587196350098
generation,8587,63.600003719329834,14.936266899108887,60.69999933242798,15.215534210205078
generation,8588,66.40000343322754,14.191737174987793,59.929996728897095,16.27297592163086
generation,8589,65.85000157356262,13.438190460205078,60.31999588012695,15.481423377990723
generation,8590,65.10000228881836,14.007847785949707,59.89999771118164,15.603145599365234
generation,8591,65.85000157356262,14.264068603515625,60.60999631881714,15.530197143554688
generation,8592,64.20000195503235,15.169026374816895,59.79999899864197,15.875809669494629
generation,8593,66.10000133514404,13.556816101074219,60.569995641708374,15.380558967590332
generation,8594,66.60000085830688,13.196850776672363,60.69999933242798,15.117008209228516
generation,8595,65.6000018119812,13.787348747253418,60.339999198913574,15.690840721130371
generation,8596,64.80000019073486,14.317837715148926,60.55999994277954,15.504249572753906
generation,8597,67.05000400543213,12.790417671203613,60.49000024795532,15.478202819824219
generation,8598,64.85000252723694,14.843474388122559,59.06999707221985,15.905457496643066
generation,8599,65.75000286102295,13.475591659545898,60.009998083114624,15.126524925231934
generation,8600,65.9000039100647,14.62732219696045,60.53000092506409,15.346342086791992
generation,8601,67.70000457763672,12.737592697143555,60.69999933242798,15.097553253173828
generation,8602,66.55000448226929,13.224089622497559,60.69999933242798,15.097553253173828
generation,8603,65.9000039100647,13.838141441345215,59.79999899864197,15.815180778503418
generation,8604,66.70000553131104,12.796506881713867,60.46000123023987,15.165604591369629
generation,8605,66.75000190734863,13.671283721923828,60.7699990272522,15.71021842956543
generation,8606,66.95000529289246,13.076889991760254,59.859997034072876,15.576157569885254
generation,8607,64.40000534057617,14.654460906982422,60.11999845504761,15.953485488891602
generation,8608,67.10000038146973,13.296745300292969,60.009998083114624,15.303367614746094
generation,8609,66.00000262260437,13.823201179504395,60.4699969291687,15.82424259185791
generation,8610,66.45000576972961,14.06773853302002,59.56999659538269,15.811229705810547
generation,8611,65.05000591278076,15.409425735473633,60.030001401901245,15.502866744995117
generation,8612,65.20000100135803,14.010912895202637,59.299999475479126,15.957305908203125
generation,8613,65.00000357627869,14.704195976257324,59.13999676704407,15.714584350585938
generation,8614,65.70000052452087,13.341643333435059,59.81999635696411,15.788262367248535
generation,8615,66.80000424385071,13.93538761138916,60.37999987602234,15.86113166809082
generation,8616,65.35000205039978,13.827726364135742,60.07999777793884,15.665559768676758
generation,8617,65.45000076293945,14.496356010437012,60.46000123023987,15.458620071411133
generation,8618,65.75000286102295,12.870328903198242,60.509997606277466,14.885497093200684
generation,8619,64.0500009059906,14.61036205291748,60.19999980926514,15.589673042297363
generation,8620,66.45000576972961,13.691252708435059,59.54999923706055,15.496500015258789
generation,8621,65.75000286102295,14.087323188781738,60.0600004196167,15.645241737365723
generation,8622,66.95000529289246,13.397505760192871,60.11999845504761,15.47656536102295
generation,8623,66.25000238418579,13.61439323425293,60.43999791145325,15.875602722167969
generation,8624,64.95000123977661,13.691603660583496,60.249996185302734,15.237608909606934
generation,8625,64.75000381469727,14.09642505645752,60.13000011444092,15.694206237792969
generation,8626,66.75000190734863,13.474333763122559,60.659998655319214,15.783614158630371
generation,8627,66.15000367164612,13.746208190917969,60.35999655723572,15.169692039489746
generation,8628,65.20000100135803,14.492050170898438,60.31999588012695,15.539876937866211
generation,8629,65.85000157356262,13.747908592224121,59.769999980926514,15.541465759277344
generation,8630,65.05000591278076,13.930753707885742,60.82000136375427,15.894572257995605
generation,8631,65.10000228881836,14.450361251831055,60.249996185302734,16.02961540222168
generation,8632,64.55000042915344,15.296598434448242,60.19999980926514,15.816802978515625
generation,8633,64.85000252723694,13.98951530456543,60.78000068664551,15.533249855041504
generation,8634,64.85000252723694,13.465899467468262,59.90999937057495,15.515471458435059
generation,8635,64.40000534057617,15.005378723144531,59.8800003528595,15.997079849243164
generation,8636,67.10000038146973,13.89030933380127,59.579998254776,15.986656188964844
generation,8637,67.00000166893005,13.503634452819824,60.39999723434448,15.801167488098145
generation,8638,64.55000042915344,13.804088592529297,60.13000011444092,15.408109664916992
generation,8639,66.35000109672546,13.242729187011719,59.579998254776,15.986656188964844
generation,8640,64.000004529953,14.20661735534668,60.19999980926514,15.626542091369629
generation,8641,66.35000109672546,13.339617729187012,59.65999960899353,15.93075942993164
generation,8642,65.85000157356262,13.89793872833252,60.07999777793884,16.06816291809082
generation,8643,66.50000214576721,14.313401222229004,59.99999642372131,15.736818313598633
generation,8644,65.50000309944153,13.435465812683105,59.86999869346619,15.720184326171875
generation,8645,65.85000157356262,13.664868354797363,59.679996967315674,15.93469524383545
generation,8646,65.00000357627869,14.799365043640137,60.179996490478516,15.684098243713379
generation,8647,66.50000214576721,13.53229808807373,60.03999710083008,15.62392807006836
generation,8648,66.55000448226929,13.163474082946777,59.950000047683716,16.046268463134766
generation,8649,64.95000123977661,15.31606674194336,60.13000011444092,15.797826766967773
generation,8650,65.25000333786011,14.550167083740234,60.6499969959259,15.387815475463867
generation,8651,65.9000039100647,13.5875244140625,60.2400004863739,15.988425254821777
generation,8652,64.85000252723694,14.100639343261719,60.21999716758728,15.553343772888184
generation,8653,66.25000238418579,13.661895751953125,59.52000021934509,15.725987434387207
generation,8654,67.05000400543213,13.157095909118652,60.96999645233154,15.386479377746582
generation,8655,66.15000367164612,12.872258186340332,60.11999845504761,15.33313274383545
generation,8656,66.00000262260437,14.425440788269043,59.81999635696411,15.84986400604248
generation,8657,65.85000157356262,13.214692115783691,60.2400004863739,15.316337585449219
generation,8658,65.05000591278076,14.726140022277832,59.689998626708984,15.665283203125
generation,8659,65.85000157356262,14.274130821228027,60.829997062683105,15.402446746826172
generation,8660,66.65000319480896,13.00171184539795,60.49000024795532,15.248995780944824
generation,8661,65.50000309944153,13.817564964294434,59.88999605178833,15.646687507629395
generation,8662,64.0500009059906,15.662447929382324,60.35999655723572,15.558145523071289
generation,8663,66.10000133514404,14.086217880249023,60.509997606277466,15.460528373718262
generation,8664,64.60000276565552,14.74309253692627,59.96999740600586,16.25447654724121
generation,8665,64.15000557899475,14.362481117248535,60.659998655319214,15.535185813903809
generation,8666,65.20000100135803,14.356954574584961,59.769999980926514,16.180870056152344
generation,8667,65.75000286102295,13.743529319763184,60.189998149871826,15.391390800476074
generation,8668,65.9500002861023,13.392738342285156,59.74999666213989,15.58706283569336
generation,8669,64.0500009059906,14.880035400390625,60.100001096725464,15.31917953491211
generation,8670,65.80000519752502,13.09070110321045,60.249996185302734,15.62386417388916
generation,8671,64.70000147819519,14.181276321411133,60.249996185302734,15.709887504577637
generation,8672,65.45000076293945,14.942678451538086,60.030001401901245,15.619260787963867
generation,8673,65.20000100135803,14.762127876281738,60.179996490478516,15.516263961791992
generation,8674,65.05000591278076,13.991131782531738,60.189998149871826,15.634525299072266
generation,8675,65.6000018119812,13.883566856384277,59.92000102996826,15.340999603271484
generation,8676,65.70000052452087,14.754084587097168,59.99999642372131,15.758370399475098
generation,8677,66.30000472068787,13.867719650268555,60.4699969291687,15.654267311096191
generation,8678,65.00000357627869,14.46182632446289,59.74999666213989,15.65661907196045
generation,8679,64.65000510215759,14.23552131652832,60.87999939918518,15.29045295715332
generation,8680,66.95000529289246,13.014902114868164,60.07999777793884,15.534059524536133
generation,8681,65.5500054359436,13.433215141296387,60.4200005531311,15.418539047241211
generation,8682,65.85000157356262,14.174745559692383,59.41999554634094,16.32716178894043
generation,8683,66.25000238418579,13.396903991699219,60.2400004863739,15.284623146057129
generation,8684,65.35000205039978,13.755393028259277,59.95999574661255,15.539921760559082
generation,8685,64.0500009059906,15.146393775939941,60.030001401901245,16.179384231567383
generation,8686,67.00000166893005,12.765778541564941,59.83999967575073,15.377521514892578
generation,8687,66.80000424385071,13.075864791870117,60.47999858856201,15.431816101074219
generation,8688,66.45000576972961,13.375097274780273,60.07999777793884,15.782803535461426
generation,8689,63.25000524520874,15.62913703918457,60.21999716758728,15.6234769821167
generation,8690,65.20000100135803,13.899338722229004,59.929996728897095,15.861726760864258
generation,8691,64.95000123977661,14.186494827270508,59.97999906539917,15.302602767944336
generation,8692,66.70000553131104,12.25029182434082,59.700000286102295,15.962158203125
generation,8693,65.65000414848328,14.210304260253906,59.78999733924866,15.655356407165527
generation,8694,65.50000309944153,14.170649528503418,59.380000829696655,15.705724716186523
generation,8695,64.3500030040741,13.971628189086914,60.39999723434448,15.844334602355957
generation,8696,66.35000109672546,14.36369514465332,59.54999923706055,15.603253364562988
generation,8697,65.30000567436218,13.763352394104004,59.56999659538269,15.953693389892578
generation,8698,65.00000357627869,14.364036560058594,59.769999980926514,15.550270080566406
generation,8699,65.20000100135803,13.751519203186035,60.44999957084656,15.326333045959473
generation,8700,65.80000519752502,13.78182601928711,60.569995641708374,15.215996742248535
generation,8701,66.50000214576721,13.487855911254883,60.17000079154968,15.496208190917969
generation,8702,64.90000486373901,13.865850448608398,60.350000858306885,15.379493713378906
generation,8703,66.90000295639038,13.398716926574707,59.96999740600586,15.599804878234863
generation,8704,64.0500009059906,14.313222885131836,60.17000079154968,15.539505004882812
generation,8705,67.35000610351562,13.116374015808105,59.689998626708984,16.033449172973633
generation,8706,65.45000076293945,13.444299697875977,60.61999797821045,15.30991268157959
generation,8707,66.40000343322754,13.930482864379883,59.8800003528595,15.677078247070312
generation,8708,65.30000567436218,13.52872085571289,60.35999655723572,15.424628257751465
generation,8709,65.65000414848328,14.297861099243164,60.1099967956543,15.401729583740234
generation,8710,64.3500030040741,14.74355411529541,60.339999198913574,15.350434303283691
generation,8711,63.70000243186951,14.897503852844238,59.450000524520874,15.875590324401855
generation,8712,64.10000324249268,15.350961685180664,60.15999913215637,16.031871795654297
generation,8713,65.9000039100647,13.995841979980469,59.859997034072876,15.604467391967773
generation,8714,67.25000143051147,12.984106063842773,60.019999742507935,15.52269172668457
generation,8715,65.05000591278076,13.352413177490234,60.350000858306885,15.529083251953125
generation,8716,66.35000109672546,12.598654747009277,60.329997539520264,15.155234336853027
generation,8717,65.65000414848328,13.343587875366211,61.000001430511475,15.117682456970215
generation,8718,65.65000414848328,14.403253555297852,59.89999771118164,15.603165626525879
generation,8719,65.65000414848328,14.258584022521973,60.31999588012695,16.092304229736328
generation,8720,65.45000076293945,13.964493751525879,59.74000096321106,16.049623489379883
generation,8721,65.50000309944153,13.628748893737793,60.31999588012695,15.46298599243164
generation,8722,66.05000495910645,12.999217987060547,59.99000072479248,15.057788848876953
generation,8723,65.15000462532043,13.182588577270508,59.86999869346619,15.16989803314209
generation,8724,63.600003719329834,13.974053382873535,59.54999923706055,15.690865516662598
generation,8725,65.00000357627869,14.057417869567871,60.44999957084656,15.163257598876953
generation,8726,65.9000039100647,13.089004516601562,59.99000072479248,15.065065383911133
generation,8727,64.55000042915344,14.694042205810547,60.36999821662903,15.44811725616455
generation,8728,65.75000286102295,14.149328231811523,60.509997606277466,15.069167137145996
generation,8729,65.35000205039978,13.95162296295166,60.53999662399292,15.161643981933594
generation,8730,64.85000252723694,13.768239974975586,60.600000619888306,15.376791000366211
generation,8731,65.85000157356262,13.660457611083984,60.43999791145325,15.376131057739258
generation,8732,65.05000591278076,14.631396293640137,60.030001401901245,15.837357521057129
generation,8733,66.10000133514404,13.501996040344238,60.53999662399292,15.161643981933594
generation,8734,65.05000591278076,14.727538108825684,60.61999797821045,15.252264022827148
generation,8735,65.15000462532043,14.073646545410156,60.249996185302734,15.50662612915039
generation,8736,65.20000100135803,14.171722412109375,60.519999265670776,15.437478065490723
generation,8737,66.60000085830688,13.57153034210205,60.21999716758728,14.967727661132812
generation,8738,64.25000429153442,14.524230003356934,59.3999981880188,15.850218772888184
generation,8739,63.55000138282776,14.965311050415039,60.350000858306885,15.538070678710938
generation,8740,66.15000367164612,12.734078407287598,60.36999821662903,15.4081392288208
generation,8741,66.65000319480896,12.643186569213867,60.44999957084656,14.96458625793457
generation,8742,64.65000510215759,14.093104362487793,60.009998083114624,15.25583553314209
generation,8743,65.5500054359436,14.295624732971191,60.280001163482666,15.28940200805664
generation,8744,64.45000171661377,14.128012657165527,59.85000133514404,15.57301139831543
generation,8745,66.60000085830688,12.751669883728027,60.0600004196167,15.172699928283691
generation,8746,64.3500030040741,14.185392379760742,60.31000018119812,14.943366050720215
generation,8747,64.60000276565552,13.517168045043945,59.8800003528595,15.87777328491211
generation,8748,65.20000100135803,13.823863983154297,59.7599983215332,15.532346725463867
generation,8749,65.65000414848328,13.456746101379395,60.71000099182129,15.068102836608887
generation,8750,65.70000052452087,13.902559280395508,60.71000099182129,15.068102836608887
generation,8751,66.50000214576721,13.445084571838379,59.74999666213989,15.55947208404541
generation,8752,66.2000060081482,13.131745338439941,60.40999889373779,15.277640342712402
generation,8753,64.50000405311584,15.146723747253418,59.71999764442444,15.46464729309082
generation,8754,65.80000519752502,12.779372215270996,60.589998960494995,15.239809036254883
generation,8755,66.60000085830688,13.941402435302734,60.15999913215637,15.66266918182373
generation,8756,64.90000486373901,13.896172523498535,59.67000126838684,15.816144943237305
generation,8757,65.45000076293945,13.51101016998291,60.6499969959259,15.182003021240234
generation,8758,66.50000214576721,13.205450057983398,59.92000102996826,15.319705963134766
generation,8759,62.90000081062317,15.020853042602539,60.40999889373779,15.361849784851074
generation,8760,66.05000495910645,13.53640079498291,60.839998722076416,14.939126968383789
generation,8761,67.20000505447388,13.231199264526367,60.29999852180481,15.520284652709961
generation,8762,66.60000085830688,13.407438278198242,60.13999581336975,15.603385925292969
generation,8763,65.10000228881836,14.245878219604492,60.659998655319214,15.539740562438965
generation,8764,65.85000157356262,13.929081916809082,60.670000314712524,15.150596618652344
generation,8765,64.0500009059906,14.846237182617188,60.1099967956543,15.74241828918457
generation,8766,66.35000109672546,13.036819458007812,60.67999601364136,15.303311347961426
generation,8767,66.45000576972961,13.951004028320312,60.6499969959259,15.661856651306152
generation,8768,65.65000414848328,13.572057723999023,60.519999265670776,15.41482925415039
generation,8769,64.10000324249268,15.075918197631836,59.619998931884766,15.886582374572754
generation,8770,65.6000018119812,14.177448272705078,60.13000011444092,15.17052936553955
generation,8771,65.5500054359436,13.309941291809082,59.769999980926514,15.615185737609863
generation,8772,65.35000205039978,13.64749813079834,59.63999629020691,15.478889465332031
generation,8773,64.65000510215759,14.18315315246582,60.47999858856201,15.328634262084961
generation,8774,65.75000286102295,14.17399787902832,60.47999858856201,15.425979614257812
generation,8775,66.15000367164612,12.950246810913086,60.46000123023987,15.530116081237793
generation,8776,65.75000286102295,13.654412269592285,60.749995708465576,15.246970176696777
generation,8777,64.3500030040741,14.289131164550781,60.659998655319214,15.191381454467773
generation,8778,65.75000286102295,14.697808265686035,60.07999777793884,15.738751411437988
generation,8779,65.35000205039978,14.000130653381348,60.20999550819397,15.722681045532227
generation,8780,66.05000495910645,13.266073226928711,60.79999804496765,15.250555038452148
generation,8781,64.20000195503235,15.238457679748535,60.0600004196167,15.835136413574219
generation,8782,66.35000109672546,13.699684143066406,59.72999930381775,15.240053176879883
generation,8783,66.30000472068787,12.644092559814453,60.87999939918518,14.946662902832031
generation,8784,65.10000228881836,14.129491806030273,59.950000047683716,15.74760913848877
generation,8785,62.70000338554382,15.03467845916748,60.08999943733215,15.54094409942627
generation,8786,65.00000357627869,13.696539878845215,60.670000314712524,15.500201225280762
generation,8787,64.25000429153442,14.016439437866211,60.07999777793884,15.308918952941895
generation,8788,64.70000147819519,13.575251579284668,59.83999967575073,15.794280052185059
generation,8789,63.90000581741333,14.421260833740234,59.77999567985535,15.513243675231934
generation,8790,64.55000042915344,13.87926959991455,60.0600004196167,15.564186096191406
generation,8791,65.05000591278076,13.747486114501953,59.77999567985535,15.513243675231934
generation,8792,65.10000228881836,13.953133583068848,59.78999733924866,15.632298469543457
generation,8793,65.75000286102295,12.877508163452148,59.74000096321106,15.251859664916992
generation,8794,65.20000100135803,14.624566078186035,59.359997510910034,16.321256637573242
generation,8795,64.30000066757202,14.62024974822998,60.19999980926514,15.927166938781738
generation,8796,65.15000462532043,14.460115432739258,60.269999504089355,15.157576560974121
generation,8797,64.25000429153442,14.394948959350586,60.29999852180481,15.211196899414062
generation,8798,65.45000076293945,12.857897758483887,60.37999987602234,15.579960823059082
generation,8799,66.25000238418579,13.541228294372559,59.929996728897095,15.375849723815918
generation,8800,65.20000100135803,14.109691619873047,60.21999716758728,15.157747268676758
generation,8801,65.40000438690186,13.279991149902344,60.15999913215637,15.099824905395508
generation,8802,64.45000171661377,13.71035099029541,60.47999858856201,15.066648483276367
generation,8803,64.70000147819519,13.678001403808594,60.36999821662903,15.50001049041748
generation,8804,65.80000519752502,13.761758804321289,60.44999957084656,15.41495132446289
generation,8805,65.20000100135803,13.925483703613281,60.009998083114624,15.037344932556152
generation,8806,65.80000519752502,13.086675643920898,60.350000858306885,15.44524097442627
generation,8807,66.80000424385071,13.746280670166016,60.39999723434448,15.619060516357422
generation,8808,65.65000414848328,13.930548667907715,59.8800003528595,15.45762825012207
generation,8809,64.0500009059906,14.351880073547363,59.99999642372131,15.303743362426758
generation,8810,65.50000309944153,13.860740661621094,60.339999198913574,15.430042266845703
generation,8811,64.70000147819519,14.503589630126953,60.42999625205994,15.52680492401123
generation,8812,65.6000018119812,14.325394630432129,60.2400004863739,15.44228744506836
generation,8813,67.65000224113464,12.28549575805664,59.77999567985535,15.36410903930664
generation,8814,65.75000286102295,13.572866439819336,60.61999797821045,15.609429359436035
generation,8815,65.75000286102295,13.129034996032715,60.269999504089355,15.113107681274414
generation,8816,64.90000486373901,14.513836860656738,60.009998083114624,15.684345245361328
generation,8817,66.40000343322754,13.123712539672852,60.100001096725464,15.477066993713379
generation,8818,66.00000262260437,13.35434341430664,60.47999858856201,15.523085594177246
generation,8819,66.2000060081482,14.043190956115723,60.15999913215637,15.261231422424316
generation,8820,64.70000147819519,13.40122127532959,60.97999811172485,14.956169128417969
generation,8821,66.40000343322754,14.103428840637207,60.39999723434448,15.568012237548828
generation,8822,64.40000534057617,15.596074104309082,60.22999882698059,15.70366096496582
generation,8823,66.10000133514404,13.346231460571289,60.499995946884155,14.97319221496582
generation,8824,66.15000367164612,13.181998252868652,59.96999740600586,15.424763679504395
generation,8825,65.9000039100647,12.870756149291992,60.67999601364136,15.134611129760742
generation,8826,66.05000495910645,14.313530921936035,60.19999980926514,15.64664363861084
generation,8827,65.9500002861023,13.575675010681152,59.97999906539917,15.483465194702148
generation,8828,66.30000472068787,12.994157791137695,60.2400004863739,15.574110984802246
generation,8829,66.60000085830688,13.875953674316406,60.40999889373779,15.775859832763672
generation,8830,64.3500030040741,13.762701988220215,60.839998722076416,15.215537071228027
generation,8831,64.40000534057617,13.314143180847168,60.68999767303467,15.059684753417969
generation,8832,65.6000018119812,14.470932006835938,60.04999876022339,15.695319175720215
generation,8833,65.40000438690186,13.706473350524902,60.31999588012695,15.492301940917969
generation,8834,65.05000591278076,14.63441276550293,60.62999963760376,15.404206275939941
generation,8835,64.000004529953,13.722434043884277,60.08999943733215,15.714794158935547
generation,8836,63.05000185966492,14.5391263961792,59.859997034072876,15.160503387451172
generation,8837,66.65000319480896,13.685515403747559,60.659998655319214,15.357745170593262
generation,8838,64.90000486373901,15.039717674255371,60.17000079154968,15.556562423706055
generation,8839,65.65000414848328,13.72591495513916,60.75999736785889,14.880756378173828
generation,8840,65.65000414848328,13.232402801513672,60.80999970436096,15.057839393615723
generation,8841,65.40000438690186,13.373887062072754,61.01999878883362,14.941230773925781
generation,8842,65.65000414848328,14.422079086303711,60.08999943733215,15.857534408569336
generation,8843,64.60000276565552,15.05457878112793,60.71000099182129,15.120484352111816
generation,8844,64.95000123977661,13.714312553405762,60.600000619888306,15.217301368713379
generation,8845,65.5500054359436,13.829997062683105,60.499995946884155,15.439433097839355
generation,8846,63.30000162124634,15.053929328918457,60.55999994277954,15.61900806427002
generation,8847,66.2000060081482,14.116334915161133,60.11999845504761,15.444117546081543
generation,8848,65.30000567436218,14.003488540649414,60.579997301101685,15.377457618713379
generation,8849,65.45000076293945,14.06429672241211,60.97999811172485,15.12755298614502
generation,8850,67.00000166893005,14.242043495178223,60.1099967956543,15.640151977539062
generation,8851,66.05000495910645,13.864790916442871,59.81000065803528,15.681026458740234
generation,8852,66.60000085830688,13.056239128112793,60.71000099182129,14.900094032287598
generation,8853,64.000004529953,14.043219566345215,60.71000099182129,14.900094032287598
generation,8854,64.3500030040741,14.567928314208984,59.939998388290405,15.324610710144043
generation,8855,66.05000495910645,13.472423553466797,60.2899968624115,15.252486228942871
generation,8856,64.60000276565552,14.11174488067627,60.350000858306885,15.153543472290039
generation,8857,65.30000567436218,13.560016632080078,60.659998655319214,15.20743465423584
generation,8858,66.75000190734863,12.914128303527832,59.539997577667236,15.14834976196289
generation,8859,67.10000038146973,12.628015518188477,60.1099967956543,15.352375030517578
generation,8860,65.50000309944153,12.859289169311523,60.60999631881714,15.17108154296875
generation,8861,64.0500009059906,14.508188247680664,60.08999943733215,15.531335830688477
generation,8862,66.60000085830688,13.937313079833984,60.14999747276306,15.165234565734863
generation,8863,65.9000039100647,14.76401424407959,60.29999852180481,15.451598167419434
generation,8864,64.000004529953,14.269886016845703,60.009998083114624,15.083562850952148
generation,8865,65.5500054359436,14.191079139709473,60.79999804496765,15.469858169555664
generation,8866,67.05000400543213,13.930920600891113,60.22999882698059,15.626456260681152
generation,8867,65.05000591278076,14.242050170898438,61.26999855041504,15.06165599822998
generation,8868,65.15000462532043,14.05173110961914,60.62999963760376,15.44584846496582
generation,8869,65.80000519752502,13.851282119750977,60.7699990272522,15.487317085266113
generation,8870,66.8500006198883,13.085915565490723,60.39999723434448,15.534921646118164
generation,8871,67.55000352859497,13.397672653198242,60.350000858306885,15.789934158325195
generation,8872,66.45000576972961,13.224003791809082,60.17000079154968,15.256787300109863
generation,8873,66.05000495910645,13.381271362304688,60.67999601364136,15.540373802185059
generation,8874,64.90000486373901,14.843562126159668,60.2400004863739,15.465601921081543
generation,8875,66.30000472068787,13.865226745605469,60.31000018119812,15.519758224487305
generation,8876,66.00000262260437,13.683515548706055,60.40999889373779,15.209919929504395
generation,8877,66.60000085830688,13.245046615600586,60.96999645233154,15.443532943725586
generation,8878,66.60000085830688,13.309584617614746,60.06999611854553,15.134432792663574
generation,8879,66.35000109672546,13.536434173583984,60.54999828338623,15.278996467590332
generation,8880,65.5500054359436,14.932549476623535,60.31999588012695,15.97124195098877
generation,8881,64.90000486373901,14.138208389282227,60.67999601364136,15.043546676635742
generation,8882,66.60000085830688,12.699191093444824,60.569995641708374,15.489834785461426
generation,8883,65.80000519752502,13.846522331237793,60.85000038146973,15.796613693237305
generation,8884,65.70000052452087,14.220848083496094,60.17000079154968,16.02776336669922
generation,8885,65.9000039100647,14.24123477935791,60.40999889373779,15.729217529296875
generation,8886,65.50000309944153,13.610907554626465,60.189998149871826,15.558735847473145
generation,8887,65.9500002861023,13.509651184082031,60.64000129699707,15.391307830810547
generation,8888,65.5500054359436,14.181910514831543,59.929996728897095,15.714422225952148
generation,8889,64.80000019073486,13.79430103302002,59.97999906539917,15.892154693603516
generation,8890,64.90000486373901,14.449095726013184,61.04999780654907,15.618660926818848
generation,8891,63.30000162124634,14.34157943725586,60.749995708465576,15.32207202911377
generation,8892,64.40000534057617,13.29612922668457,60.659998655319214,15.244292259216309
generation,8893,66.55000448226929,13.149103164672852,60.80999970436096,15.07474422454834
generation,8894,65.50000309944153,14.190624237060547,60.82000136375427,15.519597053527832
generation,8895,64.25000429153442,14.63115406036377,60.280001163482666,15.382296562194824
generation,8896,65.35000205039978,14.649923324584961,60.249996185302734,15.756919860839844
generation,8897,65.85000157356262,13.603948593139648,59.88999605178833,15.419534683227539
generation,8898,65.85000157356262,13.011899948120117,61.03000044822693,15.441329956054688
generation,8899,66.10000133514404,13.075299263000488,60.509997606277466,15.014740943908691
generation,8900,65.50000309944153,14.006497383117676,60.96000075340271,15.247690200805664
generation,8901,65.9500002861023,13.67654037475586,59.89999771118164,15.845257759094238
generation,8902,65.10000228881836,13.20012378692627,60.96000075340271,15.425101280212402
generation,8903,64.90000486373901,14.527693748474121,60.569995641708374,15.255212783813477
generation,8904,64.70000147819519,14.715812683105469,60.670000314712524,15.363616943359375
generation,8905,65.5500054359436,13.45195484161377,60.329997539520264,15.037522315979004
generation,8906,65.00000357627869,14.223033905029297,60.749995708465576,14.985381126403809
generation,8907,64.25000429153442,14.181280136108398,61.00999712944031,15.144357681274414
generation,8908,65.20000100135803,14.658818244934082,60.97999811172485,15.160045623779297
generation,8909,64.65000510215759,13.87619400024414,60.179996490478516,15.405435562133789
generation,8910,67.05000400543213,13.6154146194458,60.4200005531311,15.587063789367676
generation,8911,66.05000495910645,13.365283012390137,60.259997844696045,15.617588996887207
generation,8912,68.30000281333923,13.306124687194824,60.509997606277466,15.286226272583008
generation,8913,65.50000309944153,13.623417854309082,60.35999655723572,15.347373008728027
generation,8914,66.15000367164612,13.410141944885254,60.519999265670776,15.347734451293945
generation,8915,64.20000195503235,14.674060821533203,60.670000314712524,15.407054901123047
generation,8916,64.50000405311584,14.814920425415039,60.339999198913574,15.187675476074219
generation,8917,65.75000286102295,13.550122261047363,60.13000011444092,15.297473907470703
generation,8918,65.65000414848328,13.306022644042969,61.00999712944031,15.243242263793945
generation,8919,64.000004529953,14.352437973022461,60.15999913215637,15.224892616271973
generation,8920,65.6000018119812,13.089746475219727,60.64000129699707,15.351741790771484
generation,8921,65.30000567436218,12.924073219299316,60.75999736785889,15.246204376220703
generation,8922,65.9000039100647,13.550615310668945,60.280001163482666,15.603376388549805
generation,8923,65.35000205039978,14.043554306030273,60.60999631881714,15.189770698547363
generation,8924,66.2000060081482,13.806072235107422,60.03999710083008,15.977998733520508
generation,8925,66.45000576972961,12.385519027709961,60.40999889373779,15.18114185333252
generation,8926,66.15000367164612,13.456299781799316,60.07999777793884,15.29489803314209
generation,8927,65.00000357627869,14.914852142333984,60.659998655319214,15.595718383789062
generation,8928,66.10000133514404,13.715241432189941,60.14999747276306,15.51878547668457
generation,8929,63.80000114440918,14.380989074707031,60.68999767303467,15.17650032043457
generation,8930,65.5500054359436,13.892735481262207,60.19999980926514,15.455531120300293
generation,8931,66.60000085830688,12.792550086975098,60.249996185302734,15.095852851867676
generation,8932,65.5500054359436,14.122572898864746,60.31000018119812,15.141914367675781
generation,8933,66.05000495910645,13.217060089111328,60.2899968624115,15.54393482208252
generation,8934,64.45000171661377,14.245648384094238,60.259997844696045,15.11365795135498
generation,8935,65.9500002861023,13.653938293457031,60.600000619888306,15.526330947875977
generation,8936,65.45000076293945,14.649589538574219,60.589998960494995,15.763419151306152
generation,8937,64.75000381469727,13.739492416381836,60.67999601364136,15.48620319366455
generation,8938,64.60000276565552,14.408439636230469,60.6499969959259,15.592413902282715
generation,8939,65.9000039100647,13.79000186920166,60.64000129699707,15.307918548583984
generation,8940,65.9000039100647,13.657014846801758,60.29999852180481,15.330628395080566
generation,8941,64.90000486373901,13.958796501159668,60.36999821662903,15.125673294067383
generation,8942,64.0500009059906,14.531722068786621,60.08999943733215,15.335247993469238
generation,8943,64.60000276565552,14.176968574523926,60.46000123023987,15.395437240600586
generation,8944,65.10000228881836,15.289982795715332,60.46000123023987,15.395437240600586
generation,8945,66.95000529289246,13.407878875732422,60.85999608039856,15.061450004577637
generation,8946,66.8500006198883,13.011896133422852,61.03999614715576,15.03537368774414
generation,8947,65.05000591278076,13.8046293258667,61.03999614715576,15.374740600585938
generation,8948,65.05000591278076,13.69650936126709,61.03999614715576,15.374740600585938
generation,8949,64.75000381469727,12.893157958984375,60.659998655319214,14.972122192382812
generation,8950,64.000004529953,14.018272399902344,60.42999625205994,15.322348594665527
generation,8951,65.20000100135803,14.400139808654785,60.9499990940094,15.339339256286621
generation,8952,65.30000567436218,14.516844749450684,60.42999625205994,15.322348594665527
generation,8953,65.35000205039978,14.391033172607422,60.15999913215637,15.859187126159668
generation,8954,63.80000114440918,15.298008918762207,60.569995641708374,15.36286735534668
generation,8955,66.45000576972961,14.055992126464844,60.15999913215637,15.859187126159668
generation,8956,65.35000205039978,14.428193092346191,60.72999835014343,15.508526802062988
generation,8957,66.70000553131104,13.43586540222168,59.97999906539917,15.596657752990723
generation,8958,67.30000376701355,12.600641250610352,60.569995641708374,15.577640533447266
generation,8959,66.30000472068787,13.841392517089844,60.79999804496765,15.300387382507324
generation,8960,63.40000033378601,15.582514762878418,60.78000068664551,15.632820129394531
generation,8961,64.30000066757202,14.534015655517578,60.78999638557434,15.76747989654541
generation,8962,65.85000157356262,13.552892684936523,60.4699969291687,15.537148475646973
generation,8963,66.15000367164612,13.054226875305176,59.81000065803528,16.137256622314453
generation,8964,65.25000333786011,13.769789695739746,60.6499969959259,15.313101768493652
generation,8965,66.2000060081482,12.979341506958008,60.4699969291687,15.842663764953613
generation,8966,66.25000238418579,13.596359252929688,60.68999767303467,15.297560691833496
generation,8967,66.45000576972961,13.328286170959473,60.46000123023987,15.680436134338379
generation,8968,64.30000066757202,14.990236282348633,60.80999970436096,15.19254207611084
generation,8969,65.10000228881836,14.42937183380127,60.78000068664551,15.691437721252441
generation,8970,64.70000147819519,14.442842483520508,60.899996757507324,15.392379760742188
generation,8971,65.70000052452087,13.952305793762207,60.86999773979187,15.362443923950195
generation,8972,66.8500006198883,12.863025665283203,60.46000123023987,15.593189239501953
generation,8973,66.65000319480896,12.653573036193848,60.339999198913574,15.418076515197754
generation,8974,65.25000333786011,14.037732124328613,60.179996490478516,15.120223045349121
generation,8975,65.10000228881836,13.67724895477295,60.53000092506409,14.925588607788086
generation,8976,65.65000414848328,14.340392112731934,60.64000129699707,15.433943748474121
generation,8977,66.25000238418579,12.740726470947266,60.44999957084656,15.264984130859375
generation,8978,64.85000252723694,13.923762321472168,60.659998655319214,14.980728149414062
generation,8979,67.5000011920929,13.411532402038574,60.13999581336975,15.675658226013184
generation,8980,66.70000553131104,13.421804428100586,60.17000079154968,15.59058952331543
generation,8981,65.40000438690186,13.5109224319458,60.839998722076416,15.136706352233887
generation,8982,65.20000100135803,14.300697326660156,61.320000886917114,15.274171829223633
generation,8983,65.85000157356262,14.126258850097656,60.4699969291687,15.141204833984375
generation,8984,65.75000286102295,14.06676197052002,60.519999265670776,15.707573890686035
generation,8985,67.35000610351562,13.093524932861328,61.03999614715576,15.252518653869629
generation,8986,65.10000228881836,13.39041805267334,60.49000024795532,15.10925006866455
generation,8987,65.70000052452087,13.376789093017578,60.280001163482666,15.205801963806152
generation,8988,65.65000414848328,13.338363647460938,60.13000011444092,15.539848327636719
generation,8989,66.70000553131104,13.454583168029785,60.2899968624115,15.02092170715332
generation,8990,65.50000309944153,13.221729278564453,60.100001096725464,15.246674537658691
generation,8991,63.55000138282776,14.466585159301758,60.74000000953674,15.389562606811523
generation,8992,64.95000123977661,14.428071022033691,59.81000065803528,15.845406532287598
generation,8993,67.10000038146973,13.522640228271484,60.42999625205994,15.478094100952148
generation,8994,66.45000576972961,14.66769027709961,60.71999669075012,15.649125099182129
generation,8995,64.40000534057617,14.716170310974121,60.11999845504761,15.789799690246582
generation,8996,65.35000205039978,14.207646369934082,60.189998149871826,15.219322204589844
generation,8997,65.9500002861023,14.031901359558105,60.269999504089355,15.623252868652344
generation,8998,64.95000123977661,13.604002952575684,60.64000129699707,15.160971641540527
generation,8999,65.80000519752502,13.333672523498535,61.25999689102173,15.280525207519531
generation,9000,67.35000610351562,12.458481788635254,60.71999669075012,15.178946495056152
generation,9001,65.00000357627869,13.153669357299805,60.13000011444092,15.340736389160156
generation,9002,63.40000033378601,15.841374397277832,60.53000092506409,15.560187339782715
generation,9003,66.35000109672546,13.082392692565918,60.69999933242798,15.274981498718262
generation,9004,64.75000381469727,14.302430152893066,60.47999858856201,15.195767402648926
generation,9005,66.15000367164612,13.174808502197266,60.249996185302734,15.51228141784668
generation,9006,65.9000039100647,12.291805267333984,60.44999957084656,14.81521987915039
generation,9007,65.15000462532043,13.832270622253418,60.36999821662903,15.658812522888184
generation,9008,65.35000205039978,14.474394798278809,60.19999980926514,15.916150093078613
generation,9009,64.95000123977661,14.196152687072754,61.079996824264526,15.42599868774414
generation,9010,65.00000357627869,14.14120864868164,60.60999631881714,15.200711250305176
generation,9011,64.25000429153442,14.7236909866333,60.44999957084656,15.381610870361328
generation,9012,64.65000510215759,14.063901901245117,60.49000024795532,15.794721603393555
generation,9013,65.6000018119812,13.629338264465332,60.4200005531311,15.076906204223633
generation,9014,66.90000295639038,13.284436225891113,60.499995946884155,15.643648147583008
generation,9015,63.55000138282776,15.069939613342285,60.71000099182129,15.351873397827148
generation,9016,66.10000133514404,13.985333442687988,60.71999669075012,15.298368453979492
generation,9017,64.85000252723694,14.519855499267578,60.4699969291687,15.116151809692383
generation,9018,66.05000495910645,14.532679557800293,60.14999747276306,15.513557434082031
generation,9019,65.30000567436218,13.495738983154297,60.43999791145325,15.07254409790039
generation,9020,65.80000519752502,13.985313415527344,60.53000092506409,14.983647346496582
generation,9021,66.35000109672546,13.578479766845703,60.39999723434448,15.294310569763184
generation,9022,65.45000076293945,12.803248405456543,61.03999614715576,14.782509803771973
generation,9023,64.20000195503235,14.803369522094727,60.749995708465576,15.127337455749512
generation,9024,67.1500027179718,13.617310523986816,61.00999712944031,15.390318870544434
generation,9025,65.20000100135803,12.842204093933105,60.44999957084656,15.170332908630371
generation,9026,65.15000462532043,13.820056915283203,60.96999645233154,15.582484245300293
generation,9027,66.00000262260437,14.10508918762207,60.17000079154968,15.859906196594238
generation,9028,64.75000381469727,14.120855331420898,60.67999601364136,15.226408958435059
generation,9029,66.40000343322754,13.711081504821777,60.04999876022339,15.243563652038574
generation,9030,65.9500002861023,14.076648712158203,60.839998722076416,15.636190414428711
generation,9031,65.75000286102295,14.047555923461914,60.31000018119812,15.402786254882812
generation,9032,64.90000486373901,14.56943416595459,59.24000144004822,15.882205963134766
generation,9033,65.00000357627869,13.669151306152344,60.11999845504761,15.094271659851074
generation,9034,64.80000019073486,13.313194274902344,60.189998149871826,15.160154342651367
generation,9035,65.70000052452087,14.117069244384766,61.000001430511475,15.0203218460083
generation,9036,67.00000166893005,13.053108215332031,59.939998388290405,15.561412811279297
generation,9037,63.65000009536743,14.61691951751709,60.189998149871826,15.538468360900879
generation,9038,65.80000519752502,13.386307716369629,60.78999638557434,15.121384620666504
generation,9039,64.75000381469727,15.392131805419922,60.920000076293945,15.259668350219727
generation,9040,65.35000205039978,14.016475677490234,60.35999655723572,15.296256065368652
generation,9041,65.00000357627869,13.755199432373047,60.43999791145325,15.183677673339844
generation,9042,65.50000309944153,13.094087600708008,60.82000136375427,15.426483154296875
generation,9043,66.2000060081482,13.762211799621582,60.36999821662903,15.90230655670166
generation,9044,64.75000381469727,14.396053314208984,59.82999801635742,15.203083038330078
generation,9045,65.05000591278076,14.138514518737793,59.769999980926514,15.707148551940918
generation,9046,65.65000414848328,13.848740577697754,61.149996519088745,15.1386079788208
generation,9047,67.20000505447388,13.268256187438965,60.259997844696045,15.573163986206055
generation,9048,66.00000262260437,13.264666557312012,60.64000129699707,15.350995063781738
generation,9049,65.65000414848328,14.263155937194824,60.36999821662903,15.447184562683105
generation,9050,67.30000376701355,12.895020484924316,60.600000619888306,15.058037757873535
generation,9051,64.65000510215759,13.329327583312988,60.29999852180481,15.409439086914062
generation,9052,67.1500027179718,12.611604690551758,60.36999821662903,15.15562629699707
generation,9053,65.15000462532043,13.444849014282227,60.13000011444092,15.169650077819824
generation,9054,63.75000476837158,15.979438781738281,60.55999994277954,15.172165870666504
generation,9055,66.25000238418579,13.493819236755371,60.499995946884155,15.228988647460938
generation,9056,65.20000100135803,14.497331619262695,59.88999605178833,15.950292587280273
generation,9057,66.25000238418579,14.337409973144531,59.81999635696411,15.740439414978027
generation,9058,66.25000238418579,13.707844734191895,60.14999747276306,15.561817169189453
generation,9059,64.90000486373901,14.000423431396484,60.69999933242798,15.476731300354004
generation,9060,66.50000214576721,13.748237609863281,60.78999638557434,15.36977767944336
generation,9061,66.10000133514404,13.118289947509766,60.93999743461609,15.374823570251465
generation,9062,64.0500009059906,14.673095703125,60.20999550819397,15.77580451965332
generation,9063,65.00000357627869,14.608642578125,60.06999611854553,15.108171463012695
generation,9064,65.00000357627869,13.469426155090332,60.96999645233154,15.287141799926758
generation,9065,64.65000510215759,13.797259330749512,60.86999773979187,15.217095375061035
generation,9066,66.05000495910645,13.279277801513672,60.989999771118164,15.17867660522461
generation,9067,65.10000228881836,14.239267349243164,60.39999723434448,15.256845474243164
generation,9068,65.15000462532043,14.377083778381348,60.46000123023987,15.29672622680664
generation,9069,65.45000076293945,13.709240913391113,60.009998083114624,15.41443157196045
generation,9070,64.50000405311584,15.296342849731445,59.95999574661255,16.080175399780273
generation,9071,66.95000529289246,12.150740623474121,60.6499969959259,15.15068244934082
generation,9072,66.15000367164612,13.148794174194336,60.31000018119812,15.552949905395508
generation,9073,64.0500009059906,13.884702682495117,60.269999504089355,15.093894958496094
generation,9074,66.65000319480896,13.500212669372559,59.83999967575073,16.366085052490234
generation,9075,65.70000052452087,14.583273887634277,59.929996728897095,15.991665840148926
generation,9076,64.0500009059906,15.06151008605957,60.6499969959259,15.441822052001953
generation,9077,64.85000252723694,14.402290344238281,60.22999882698059,15.59024715423584
generation,9078,66.45000576972961,13.505731582641602,60.1099967956543,15.686532974243164
generation,9079,66.00000262260437,13.752283096313477,61.04999780654907,15.361815452575684
generation,9080,64.000004529953,14.375134468078613,60.36999821662903,15.569453239440918
generation,9081,67.05000400543213,13.29150676727295,60.29999852180481,15.292841911315918
generation,9082,66.60000085830688,14.237682342529297,60.86999773979187,15.30979061126709
generation,9083,66.45000576972961,13.433246612548828,60.839998722076416,15.143173217773438
generation,9084,65.00000357627869,14.47314167022705,60.46000123023987,15.189083099365234
generation,9085,63.95000219345093,14.82742691040039,60.280001163482666,15.222354888916016
generation,9086,66.8500006198883,13.3019380569458,60.36999821662903,15.41538143157959
generation,9087,64.3500030040741,15.02184009552002,60.589998960494995,15.318072319030762
generation,9088,64.30000066757202,13.930013656616211,61.570000648498535,15.131363868713379
generation,9089,63.90000581741333,14.721728324890137,60.0600004196167,15.545856475830078
generation,9090,65.20000100135803,13.562914848327637,59.95999574661255,15.495209693908691
generation,9091,66.75000190734863,14.030378341674805,60.39999723434448,15.621068954467773
generation,9092,65.00000357627869,13.720489501953125,59.45999622344971,15.229223251342773
generation,9093,66.35000109672546,12.944075584411621,59.88999605178833,15.333770751953125
generation,9094,66.00000262260437,13.055984497070312,60.49000024795532,15.3681058883667
generation,9095,64.75000381469727,14.669063568115234,60.54999828338623,15.432331085205078
generation,9096,67.70000457763672,13.185418128967285,60.839998722076416,15.449968338012695
generation,9097,65.25000333786011,13.548895835876465,60.53000092506409,15.177387237548828
generation,9098,66.00000262260437,13.34697437286377,60.93999743461609,14.93178939819336
generation,9099,68.10000538825989,12.774827003479004,59.81000065803528,15.506059646606445
generation,9100,64.70000147819519,13.369786262512207,59.929996728897095,15.286269187927246
generation,9101,65.15000462532043,13.84863567352295,60.53000092506409,15.565064430236816
generation,9102,64.55000042915344,14.254836082458496,60.69999933242798,15.07970905303955
generation,9103,65.80000519752502,13.548354148864746,59.939998388290405,15.491805076599121
generation,9104,65.80000519752502,13.877262115478516,60.20999550819397,14.928906440734863
generation,9105,65.35000205039978,14.325181007385254,59.450000524520874,15.654095649719238
generation,9106,66.8500006198883,12.997624397277832,60.68999767303467,14.920409202575684
generation,9107,66.70000553131104,13.933574676513672,60.13999581336975,15.875192642211914
generation,9108,65.5500054359436,12.822063446044922,60.87999939918518,15.120423316955566
generation,9109,66.05000495910645,14.666532516479492,60.2400004863739,15.560524940490723
generation,9110,66.15000367164612,13.415477752685547,60.22999882698059,15.433897018432617
generation,9111,66.75000190734863,13.243176460266113,60.07999777793884,15.57066535949707
generation,9112,65.85000157356262,13.23466968536377,60.2400004863739,15.538729667663574
generation,9113,65.50000309944153,14.230510711669922,60.509997606277466,15.552464485168457
generation,9114,66.15000367164612,12.689679145812988,60.519999265670776,14.821053504943848
generation,9115,64.90000486373901,13.63711929321289,60.22999882698059,15.494211196899414
generation,9116,65.80000519752502,13.673171043395996,60.31999588012695,15.102044105529785
generation,9117,67.1500027179718,13.048267364501953,60.2899968624115,15.514787673950195
generation,9118,65.5500054359436,14.844088554382324,59.609997272491455,15.589412689208984
generation,9119,66.90000295639038,12.762167930603027,60.030001401901245,15.52469253540039
generation,9120,64.90000486373901,13.478004455566406,59.82999801635742,15.181432723999023
generation,9121,65.70000052452087,13.640524864196777,60.36999821662903,15.167262077331543
generation,9122,62.4500036239624,15.280853271484375,60.97999811172485,15.076634407043457
generation,9123,64.70000147819519,14.71961784362793,60.97999811172485,15.076634407043457
generation,9124,67.85000562667847,12.376708030700684,60.69999933242798,14.948486328125
generation,9125,65.00000357627869,14.427803993225098,60.2899968624115,15.284703254699707
generation,9126,65.85000157356262,14.791238784790039,59.95999574661255,15.667243957519531
generation,9127,66.40000343322754,12.933040618896484,61.00999712944031,15.138312339782715
generation,9128,65.15000462532043,13.914674758911133,60.259997844696045,15.160866737365723
generation,9129,66.50000214576721,12.5720796585083,60.53999662399292,15.012218475341797
generation,9130,66.35000109672546,13.659685134887695,60.4200005531311,14.980466842651367
generation,9131,67.5000011920929,13.113653182983398,60.19999980926514,15.525219917297363
generation,9132,65.65000414848328,13.556737899780273,60.2899968624115,15.352742195129395
generation,9133,64.80000019073486,13.133417129516602,60.93999743461609,15.132623672485352
generation,9134,64.85000252723694,13.461264610290527,60.600000619888306,14.758190155029297
generation,9135,65.5500054359436,13.797989845275879,60.989999771118164,15.097295761108398
generation,9136,66.2000060081482,14.14327335357666,60.37999987602234,15.274800300598145
generation,9137,66.55000448226929,13.480798721313477,60.42999625205994,15.428475379943848
generation,9138,65.05000591278076,14.12156867980957,60.019999742507935,15.322365760803223
generation,9139,64.55000042915344,14.580764770507812,60.87999939918518,15.044777870178223
generation,9140,65.9000039100647,13.278921127319336,60.36999821662903,14.8839750289917
generation,9141,66.65000319480896,13.006290435791016,60.36999821662903,14.8839750289917
generation,9142,66.70000553131104,13.988227844238281,60.43999791145325,15.126832962036133
generation,9143,63.95000219345093,14.889917373657227,59.74000096321106,15.841774940490723
generation,9144,65.15000462532043,13.835330963134766,60.78000068664551,15.231122970581055
generation,9145,64.60000276565552,14.228387832641602,60.47999858856201,15.395220756530762
generation,9146,65.75000286102295,12.836651802062988,60.920000076293945,14.648430824279785
generation,9147,65.20000100135803,14.310382843017578,60.79999804496765,15.378622055053711
generation,9148,66.45000576972961,12.88802719116211,60.93999743461609,15.14355754852295
generation,9149,64.55000042915344,14.27620792388916,60.4699969291687,15.022982597351074
generation,9150,65.9000039100647,13.687804222106934,60.030001401901245,15.54903793334961
generation,9151,64.55000042915344,14.557124137878418,60.280001163482666,15.450237274169922
generation,9152,67.65000224113464,12.703569412231445,59.50999855995178,15.77828598022461
generation,9153,65.10000228881836,13.959744453430176,60.21999716758728,15.395784378051758
generation,9154,64.20000195503235,14.063468933105469,60.7699990272522,15.012472152709961
generation,9155,64.30000066757202,14.322668075561523,60.17000079154968,15.126076698303223
generation,9156,65.75000286102295,13.575092315673828,60.38999557495117,15.17424488067627
generation,9157,66.15000367164612,13.014111518859863,60.61999797821045,15.048320770263672
generation,9158,64.90000486373901,14.22360610961914,60.579997301101685,15.186923027038574
generation,9159,66.00000262260437,13.11583423614502,60.20999550819397,15.372814178466797
generation,9160,64.30000066757202,14.133854866027832,60.4699969291687,15.032743453979492
generation,9161,66.70000553131104,13.700395584106445,60.899996757507324,15.051445007324219
generation,9162,65.00000357627869,13.809185981750488,61.04999780654907,14.78093147277832
generation,9163,65.00000357627869,14.175216674804688,60.670000314712524,15.0674409866333
generation,9164,65.65000414848328,13.119997024536133,60.13000011444092,15.299232482910156
generation,9165,65.9500002861023,13.717048645019531,60.659998655319214,15.161062240600586
generation,9166,65.75000286102295,13.937725067138672,60.44999957084656,15.44953441619873
generation,9167,66.50000214576721,13.842850685119629,60.82000136375427,15.07967472076416
generation,9168,65.9000039100647,13.61865234375,60.35999655723572,15.087736129760742
generation,9169,66.30000472068787,13.368989944458008,60.68999767303467,15.386229515075684
generation,9170,65.10000228881836,14.112666130065918,60.579997301101685,15.017440795898438
generation,9171,65.45000076293945,13.287431716918945,60.269999504089355,15.272315979003906
generation,9172,66.40000343322754,13.633723258972168,60.42999625205994,15.398520469665527
generation,9173,67.40000247955322,12.480120658874512,60.280001163482666,15.354412078857422
generation,9174,66.60000085830688,13.301458358764648,60.519999265670776,15.400165557861328
generation,9175,65.65000414848328,13.68958854675293,60.509997606277466,15.217162132263184
generation,9176,64.60000276565552,14.257046699523926,60.72999835014343,14.927450180053711
generation,9177,65.75000286102295,12.80408763885498,60.72999835014343,14.927450180053711
generation,9178,64.55000042915344,14.32255744934082,60.11999845504761,15.367510795593262
generation,9179,66.95000529289246,12.78035831451416,60.46000123023987,15.032415390014648
generation,9180,65.80000519752502,13.36010456085205,60.35999655723572,15.057037353515625
generation,9181,65.20000100135803,14.476184844970703,60.96999645233154,15.64863395690918
generation,9182,66.00000262260437,14.724713325500488,60.49000024795532,15.719098091125488
generation,9183,65.65000414848328,13.555465698242188,60.62999963760376,14.936162948608398
generation,9184,65.6000018119812,13.07547378540039,59.89999771118164,15.382105827331543
generation,9185,66.40000343322754,13.034468650817871,60.93999743461609,15.132345199584961
generation,9186,66.60000085830688,13.013359069824219,60.269999504089355,15.452781677246094
generation,9187,67.05000400543213,12.750334739685059,60.55999994277954,15.381319046020508
generation,9188,65.25000333786011,14.151666641235352,60.93999743461609,14.926645278930664
generation,9189,64.90000486373901,14.338461875915527,60.53999662399292,15.02000617980957
generation,9190,64.75000381469727,14.187457084655762,60.179996490478516,15.625925064086914
generation,9191,66.65000319480896,13.170207977294922,60.7699990272522,15.079771995544434
generation,9192,65.85000157356262,13.70899486541748,60.46000123023987,14.937362670898438
generation,9193,65.40000438690186,13.780385971069336,60.659998655319214,15.096643447875977
generation,9194,64.80000019073486,14.331976890563965,60.589998960494995,15.375179290771484
generation,9195,65.65000414848328,13.957426071166992,60.2899968624115,15.637545585632324
generation,9196,64.30000066757202,14.81830883026123,60.68999767303467,15.132648468017578
generation,9197,66.2000060081482,14.614505767822266,60.49000024795532,15.608681678771973
generation,9198,68.00000071525574,12.650697708129883,60.17000079154968,15.15216064453125
generation,9199,63.90000581741333,15.085634231567383,60.1099967956543,15.859886169433594
generation,9200,66.2000060081482,13.668496131896973,60.179996490478516,15.61228084564209
generation,9201,67.10000038146973,12.803814888000488,60.9499990940094,15.492818832397461
generation,9202,65.00000357627869,14.054180145263672,60.44999957084656,15.262308120727539
generation,9203,66.65000319480896,13.312213897705078,60.519999265670776,15.428826332092285
generation,9204,65.35000205039978,13.152442932128906,60.68999767303467,14.775126457214355
generation,9205,66.10000133514404,12.550102233886719,60.79999804496765,14.943493843078613
generation,9206,65.10000228881836,14.053581237792969,60.61999797821045,15.571548461914062
generation,9207,64.40000534057617,14.957801818847656,60.36999821662903,15.334650039672852
generation,9208,65.65000414848328,13.05648136138916,60.79999804496765,15.172863960266113
generation,9209,65.75000286102295,13.82651424407959,60.38999557495117,15.38294506072998
generation,9210,65.35000205039978,13.604247093200684,60.339999198913574,14.949117660522461
generation,9211,65.40000438690186,13.617902755737305,59.679996967315674,15.663580894470215
generation,9212,63.600003719329834,14.913180351257324,60.13999581336975,15.570876121520996
generation,9213,65.40000438690186,13.620428085327148,60.14999747276306,15.492674827575684
generation,9214,65.00000357627869,13.948884010314941,60.20999550819397,15.424681663513184
generation,9215,66.70000553131104,13.210862159729004,60.54999828338623,15.39887523651123
generation,9216,67.05000400543213,12.524022102355957,60.179996490478516,15.254895210266113
generation,9217,66.55000448226929,13.747474670410156,60.40999889373779,15.50163745880127
generation,9218,64.95000123977661,15.146145820617676,60.009998083114624,15.987385749816895
generation,9219,65.85000157356262,13.641489028930664,60.46000123023987,15.487449645996094
generation,9220,65.65000414848328,13.883451461791992,60.15999913215637,15.44965934753418
generation,9221,65.80000519752502,13.538678169250488,60.579997301101685,15.129895210266113
generation,9222,65.70000052452087,12.563048362731934,60.269999504089355,15.357504844665527
generation,9223,64.0500009059906,14.01399040222168,60.22999882698059,14.948166847229004
generation,9224,65.70000052452087,14.595552444458008,60.80999970436096,15.377388954162598
generation,9225,66.05000495910645,12.963995933532715,60.14999747276306,15.131593704223633
generation,9226,64.50000405311584,14.04257869720459,60.6499969959259,14.972453117370605
generation,9227,65.00000357627869,13.117884635925293,60.71999669075012,15.203418731689453
generation,9228,63.95000219345093,14.941401481628418,60.019999742507935,15.210454940795898
generation,9229,65.65000414848328,13.15870475769043,60.749995708465576,14.824142456054688
generation,9230,66.45000576972961,13.22066879272461,60.37999987602234,15.299601554870605
generation,9231,67.40000247955322,12.128325462341309,60.329997539520264,14.889719009399414
generation,9232,66.00000262260437,13.244545936584473,60.49000024795532,14.829512596130371
generation,9233,65.75000286102295,13.854870796203613,60.519999265670776,15.668025016784668
generation,9234,65.25000333786011,14.004117965698242,59.13999676704407,15.914523124694824
generation,9235,65.40000438690186,13.200575828552246,60.54999828338623,14.567099571228027
generation,9236,65.10000228881836,13.892000198364258,60.14999747276306,15.274731636047363
generation,9237,65.05000591278076,13.857073783874512,60.17000079154968,14.978466987609863
generation,9238,64.80000019073486,13.116874694824219,60.85999608039856,14.949478149414062
generation,9239,64.55000042915344,13.85253620147705,60.920000076293945,15.385169982910156
generation,9240,64.0500009059906,14.883153915405273,60.659998655319214,15.12635326385498
generation,9241,65.15000462532043,13.273198127746582,60.670000314712524,14.989110946655273
generation,9242,65.40000438690186,13.488719940185547,60.839998722076416,15.099308967590332
generation,9243,63.95000219345093,14.543627738952637,60.08999943733215,15.338776588439941
generation,9244,66.00000262260437,13.834603309631348,60.54999828338623,15.152091026306152
generation,9245,65.20000100135803,14.310059547424316,60.009998083114624,15.640259742736816
generation,9246,65.9500002861023,13.776286125183105,60.179996490478516,15.548284530639648
generation,9247,66.75000190734863,13.917966842651367,60.2400004863739,15.841153144836426
generation,9248,64.80000019073486,13.330822944641113,61.04999780654907,15.022490501403809
generation,9249,67.00000166893005,12.309148788452148,60.53000092506409,15.330378532409668
generation,9250,65.9000039100647,13.367889404296875,60.74000000953674,14.884729385375977
generation,9251,66.15000367164612,14.072149276733398,60.82000136375427,15.325043678283691
generation,9252,67.00000166893005,13.397619247436523,60.670000314712524,15.104162216186523
generation,9253,65.9500002861023,14.358994483947754,59.81000065803528,15.727238655090332
generation,9254,66.90000295639038,12.964949607849121,60.280001163482666,15.026087760925293
generation,9255,65.35000205039978,13.791511535644531,61.1299991607666,15.213801383972168
generation,9256,65.30000567436218,13.269979476928711,60.339999198913574,15.21957015991211
generation,9257,64.25000429153442,14.090989112854004,60.019999742507935,15.38189697265625
generation,9258,65.9500002861023,14.095524787902832,60.280001163482666,15.677523612976074
generation,9259,66.45000576972961,12.671769142150879,60.06999611854553,15.1471529006958
generation,9260,67.10000038146973,13.004531860351562,60.22999882698059,15.58687973022461
generation,9261,64.90000486373901,14.18800163269043,60.55999994277954,15.271501541137695
generation,9262,66.15000367164612,13.450666427612305,60.100001096725464,15.44556713104248
generation,9263,64.80000019073486,13.459001541137695,60.53000092506409,15.013540267944336
generation,9264,64.30000066757202,14.139464378356934,60.69999933242798,15.465065956115723
generation,9265,66.15000367164612,13.14498519897461,60.280001163482666,14.906962394714355
generation,9266,66.35000109672546,13.386371612548828,59.74000096321106,14.999096870422363
generation,9267,65.6000018119812,13.83309268951416,60.4200005531311,15.142168998718262
generation,9268,65.30000567436218,13.726798057556152,60.43999791145325,15.064815521240234
generation,9269,64.50000405311584,14.799895286560059,61.11999750137329,15.003005981445312
generation,9270,66.30000472068787,13.547167778015137,59.92000102996826,15.664963722229004
generation,9271,65.9000039100647,13.06071949005127,60.659998655319214,15.340849876403809
generation,9272,65.20000100135803,13.643409729003906,60.15999913215637,15.778992652893066
generation,9273,65.20000100135803,13.803071022033691,60.17000079154968,15.205322265625
generation,9274,65.75000286102295,12.695148468017578,60.13000011444092,15.463622093200684
generation,9275,64.45000171661377,14.005080223083496,60.15999913215637,15.23679256439209
generation,9276,64.70000147819519,13.576436996459961,60.78999638557434,14.95069408416748
generation,9277,64.40000534057617,14.86108684539795,60.04999876022339,15.527997970581055
generation,9278,65.6000018119812,14.240205764770508,61.40999794006348,14.721770286560059
generation,9279,65.35000205039978,13.584529876708984,60.49000024795532,14.737003326416016
generation,9280,64.60000276565552,14.358019828796387,60.87999939918518,14.909838676452637
generation,9281,65.80000519752502,13.024230003356934,60.40999889373779,14.810148239135742
generation,9282,66.55000448226929,13.645549774169922,60.40999889373779,14.810148239135742
generation,9283,66.40000343322754,12.642138481140137,60.40999889373779,14.810148239135742
generation,9284,65.9500002861023,13.918170928955078,60.03999710083008,15.161495208740234
generation,9285,65.35000205039978,14.510089874267578,60.37999987602234,15.39050006866455
generation,9286,64.30000066757202,13.908275604248047,60.249996185302734,15.336444854736328
generation,9287,65.85000157356262,12.93301010131836,60.38999557495117,15.242951393127441
generation,9288,66.15000367164612,13.43620777130127,60.55999994277954,14.837200164794922
generation,9289,65.75000286102295,13.191515922546387,60.600000619888306,14.993287086486816
generation,9290,66.15000367164612,14.55872917175293,60.04999876022339,15.453827857971191
generation,9291,66.05000495910645,13.31298542022705,61.26999855041504,14.806550025939941
generation,9292,64.75000381469727,13.508482933044434,60.60999631881714,15.175567626953125
generation,9293,66.90000295639038,12.909295082092285,60.29999852180481,15.0779390335083
generation,9294,65.40000438690186,15.01482105255127,60.85000038146973,14.844968795776367
generation,9295,66.00000262260437,12.84144401550293,60.329997539520264,15.011249542236328
generation,9296,64.55000042915344,13.76968765258789,60.31999588012695,15.13076400756836
generation,9297,65.9000039100647,14.032341957092285,60.79999804496765,15.3349609375
generation,9298,65.50000309944153,13.341504096984863,60.009998083114624,15.234086036682129
generation,9299,66.75000190734863,12.683988571166992,60.74000000953674,14.932445526123047
generation,9300,65.6000018119812,13.383949279785156,60.06999611854553,15.472576141357422
generation,9301,66.05000495910645,13.553156852722168,60.93999743461609,15.241467475891113
generation,9302,65.45000076293945,13.816709518432617,60.61999797821045,15.033809661865234
generation,9303,65.9500002861023,13.613649368286133,60.21999716758728,15.351778030395508
generation,9304,65.6000018119812,13.965829849243164,60.38999557495117,15.088798522949219
generation,9305,65.10000228881836,13.534241676330566,60.4200005531311,15.161399841308594
generation,9306,66.15000367164612,13.009587287902832,60.350000858306885,15.133017539978027
generation,9307,64.55000042915344,14.1111421585083,59.859997034072876,14.854303359985352
generation,9308,65.20000100135803,13.532245635986328,60.46000123023987,14.894701957702637
generation,9309,66.65000319480896,14.275403022766113,59.70999598503113,15.485865592956543
generation,9310,66.10000133514404,13.493215560913086,59.97999906539917,14.933984756469727
generation,9311,65.9000039100647,12.836424827575684,60.46000123023987,15.031844139099121
generation,9312,65.9500002861023,12.618636131286621,60.21999716758728,14.911903381347656
generation,9313,65.40000438690186,14.194113731384277,60.78999638557434,15.004895210266113
generation,9314,66.60000085830688,12.353398323059082,60.49000024795532,14.814868927001953
generation,9315,65.50000309944153,14.035221099853516,60.7699990272522,15.042101860046387
generation,9316,66.25000238418579,12.606739044189453,60.47999858856201,14.762110710144043
generation,9317,66.05000495910645,13.720318794250488,60.36999821662903,15.301043510437012
generation,9318,64.60000276565552,14.23122787475586,60.36999821662903,15.301043510437012
generation,9319,64.30000066757202,13.323871612548828,59.929996728897095,15.388551712036133
generation,9320,65.9500002861023,13.355595588684082,59.3999981880188,15.625462532043457
generation,9321,65.45000076293945,13.518423080444336,60.13999581336975,15.33087158203125
generation,9322,66.40000343322754,13.33712100982666,60.55999994277954,14.50221061706543
generation,9323,66.10000133514404,13.015819549560547,60.93999743461609,14.65920352935791
generation,9324,66.35000109672546,13.124251365661621,60.79999804496765,15.088790893554688
generation,9325,65.75000286102295,13.805243492126465,60.74000000953674,14.667811393737793
generation,9326,64.0500009059906,13.579867362976074,60.2899968624115,14.947129249572754
generation,9327,66.40000343322754,12.786480903625488,60.659998655319214,14.93541431427002
generation,9328,66.55000448226929,13.50039005279541,60.4699969291687,15.231399536132812
generation,9329,66.05000495910645,12.741567611694336,60.06999611854553,15.402994155883789
generation,9330,64.70000147819519,13.368042945861816,60.74000000953674,15.030498504638672
generation,9331,64.70000147819519,13.67914867401123,60.79999804496765,15.088790893554688
generation,9332,65.25000333786011,13.312541007995605,60.31999588012695,15.41456413269043
generation,9333,66.10000133514404,13.136384010314941,60.68999767303467,14.700648307800293
generation,9334,66.70000553131104,13.049660682678223,60.829997062683105,15.152632713317871
generation,9335,66.15000367164612,13.093045234680176,60.579997301101685,15.130248069763184
generation,9336,65.9000039100647,13.445876121520996,60.44999957084656,15.12308406829834
generation,9337,66.55000448226929,12.671998023986816,60.43999791145325,15.216212272644043
generation,9338,65.35000205039978,13.83649730682373,60.72999835014343,15.036453247070312
generation,9339,66.30000472068787,13.265705108642578,60.29999852180481,14.817955017089844
generation,9340,62.65000104904175,14.284355163574219,60.54999828338623,15.186790466308594
generation,9341,65.85000157356262,12.926874160766602,59.95999574661255,14.696714401245117
generation,9342,65.6000018119812,14.372489929199219,59.929996728897095,15.376126289367676
generation,9343,65.75000286102295,13.114760398864746,59.86999869346619,15.150059700012207
generation,9344,64.70000147819519,14.30638313293457,60.569995641708374,15.04255199432373
generation,9345,65.50000309944153,13.446456909179688,60.920000076293945,14.936134338378906
generation,9346,66.35000109672546,13.263330459594727,60.64000129699707,15.004170417785645
generation,9347,64.80000019073486,13.04366683959961,60.69999933242798,14.889739036560059
generation,9348,65.10000228881836,14.56074047088623,59.89999771118164,15.445440292358398
generation,9349,66.35000109672546,13.424409866333008,60.909998416900635,15.025179862976074
generation,9350,65.30000567436218,13.107348442077637,60.15999913215637,14.827383995056152
generation,9351,66.2000060081482,12.795997619628906,60.13000011444092,15.013407707214355
generation,9352,65.50000309944153,12.723323822021484,60.15999913215637,14.827383995056152
generation,9353,66.2000060081482,13.333776473999023,60.519999265670776,15.212981224060059
generation,9354,64.80000019073486,13.267698287963867,59.82999801635742,14.920584678649902
generation,9355,65.85000157356262,13.85954761505127,59.88999605178833,15.396846771240234
generation,9356,63.200002908706665,15.841944694519043,60.86999773979187,15.457559585571289
generation,9357,64.65000510215759,13.731061935424805,60.37999987602234,14.912236213684082
generation,9358,66.75000190734863,13.333979606628418,59.27000045776367,15.593025207519531
generation,9359,65.40000438690186,13.575700759887695,59.99999642372131,15.444562911987305
generation,9360,65.75000286102295,12.93447494506836,60.89000105857849,14.930968284606934
generation,9361,65.75000286102295,14.096237182617188,60.92999577522278,15.260648727416992
generation,9362,66.25000238418579,13.59203815460205,59.99000072479248,15.19028091430664
generation,9363,63.65000009536743,13.942131996154785,60.100001096725464,15.467984199523926
generation,9364,66.2000060081482,13.61143970489502,60.19999980926514,15.034424781799316
generation,9365,65.9500002861023,13.865556716918945,59.7599983215332,15.438121795654297
generation,9366,65.40000438690186,13.158998489379883,60.15999913215637,14.7676420211792
generation,9367,66.55000448226929,12.8823881149292,60.269999504089355,15.032309532165527
generation,9368,65.05000591278076,13.213661193847656,60.35999655723572,15.007364273071289
generation,9369,65.9000039100647,12.623502731323242,60.17000079154968,14.717520713806152
generation,9370,64.80000019073486,14.59781265258789,60.47999858856201,15.120361328125
generation,9371,65.45000076293945,14.038734436035156,61.10999584197998,14.986807823181152
generation,9372,65.65000414848328,13.057294845581055,60.17000079154968,15.034852981567383
generation,9373,64.75000381469727,13.698305130004883,60.53000092506409,14.932790756225586
generation,9374,66.45000576972961,12.971111297607422,60.15999913215637,15.087586402893066
generation,9375,65.35000205039978,13.030111312866211,59.8800003528595,15.268965721130371
generation,9376,64.3500030040741,13.499434471130371,59.72999930381775,14.855055809020996
generation,9377,67.4500048160553,11.603633880615234,60.53999662399292,14.879167556762695
generation,9378,65.10000228881836,14.051033973693848,60.22999882698059,14.702468872070312
generation,9379,64.60000276565552,13.837363243103027,60.87999939918518,15.147407531738281
generation,9380,64.55000042915344,13.791817665100098,60.46000123023987,15.052433013916016
generation,9381,66.10000133514404,13.364809036254883,59.74999666213989,15.729438781738281
generation,9382,63.65000009536743,14.076598167419434,60.87999939918518,15.147407531738281
generation,9383,64.90000486373901,13.620647430419922,60.829997062683105,15.086726188659668
generation,9384,65.15000462532043,13.600767135620117,60.569995641708374,15.031465530395508
generation,9385,65.20000100135803,13.643531799316406,60.80999970436096,14.791412353515625
generation,9386,65.25000333786011,13.249656677246094,60.06999611854553,14.809499740600586
generation,9387,65.00000357627869,13.649636268615723,59.82999801635742,15.290534019470215
generation,9388,64.30000066757202,13.553114891052246,60.499995946884155,14.844141006469727
generation,9389,66.05000495910645,12.69709587097168,60.499995946884155,14.844141006469727
generation,9390,65.05000591278076,13.338570594787598,60.03999710083008,15.020962715148926
generation,9391,65.6000018119812,14.063970565795898,59.92000102996826,15.235669136047363
generation,9392,65.30000567436218,13.48928165435791,60.67999601364136,15.147992134094238
generation,9393,64.70000147819519,14.648289680480957,59.50999855995178,15.615239143371582
generation,9394,65.35000205039978,13.799899101257324,60.670000314712524,15.229254722595215
generation,9395,65.40000438690186,13.438237190246582,60.36999821662903,14.9619779586792
generation,9396,67.1500027179718,12.929583549499512,60.71000099182129,15.21947193145752
generation,9397,66.25000238418579,13.560531616210938,60.04999876022339,15.031516075134277
generation,9398,66.05000495910645,13.68174934387207,59.85000133514404,15.334126472473145
generation,9399,67.30000376701355,13.049744606018066,60.11999845504761,15.268305778503418
generation,9400,64.10000324249268,14.374091148376465,60.53000092506409,15.313983917236328
generation,9401,65.40000438690186,13.865779876708984,60.04999876022339,15.520760536193848
generation,9402,64.55000042915344,14.404217720031738,60.31999588012695,15.048795700073242
generation,9403,67.30000376701355,13.237495422363281,59.92000102996826,15.214951515197754
generation,9404,65.05000591278076,14.028491973876953,60.2899968624115,15.164562225341797
generation,9405,65.50000309944153,14.11303997039795,60.72999835014343,15.021476745605469
generation,9406,66.75000190734863,13.477675437927246,60.2400004863739,15.109079360961914
generation,9407,64.90000486373901,13.813311576843262,60.72999835014343,15.021476745605469
generation,9408,65.70000052452087,13.233263969421387,60.42999625205994,14.971137046813965
generation,9409,66.40000343322754,13.42236614227295,59.81999635696411,15.532045364379883
generation,9410,65.40000438690186,13.329733848571777,61.169999837875366,14.818990707397461
generation,9411,66.65000319480896,13.106492042541504,60.19999980926514,14.708009719848633
generation,9412,64.90000486373901,13.458681106567383,60.39999723434448,15.202207565307617
generation,9413,66.55000448226929,12.78862190246582,60.589998960494995,15.360674858093262
generation,9414,64.10000324249268,14.281715393066406,60.44999957084656,15.428911209106445
generation,9415,64.80000019073486,14.471946716308594,60.43999791145325,15.0957670211792
generation,9416,65.40000438690186,13.718046188354492,60.82000136375427,15.101214408874512
generation,9417,67.25000143051147,12.761058807373047,60.329997539520264,14.897790908813477
generation,9418,67.05000400543213,13.048983573913574,61.1299991607666,15.328890800476074
generation,9419,66.70000553131104,13.682381629943848,60.030001401901245,15.350848197937012
generation,9420,66.80000424385071,13.201197624206543,59.95999574661255,14.852921485900879
generation,9421,67.20000505447388,13.206212997436523,60.35999655723572,15.345826148986816
generation,9422,65.10000228881836,13.88963508605957,60.53000092506409,14.968375205993652
generation,9423,66.30000472068787,13.114789962768555,59.95999574661255,15.146842002868652
generation,9424,66.00000262260437,12.912294387817383,59.859997034072876,14.949708938598633
generation,9425,64.85000252723694,14.627848625183105,60.43999791145325,15.243658065795898
generation,9426,65.40000438690186,14.493485450744629,60.329997539520264,15.094329833984375
generation,9427,67.10000038146973,12.680329322814941,60.08999943733215,15.328695297241211
generation,9428,65.80000519752502,13.501039505004883,60.53999662399292,14.698966026306152
generation,9429,65.6000018119812,12.805649757385254,60.47999858856201,14.713238716125488
generation,9430,66.90000295639038,12.801197052001953,60.339999198913574,15.022793769836426
generation,9431,65.40000438690186,13.442303657531738,60.13999581336975,15.107575416564941
generation,9432,64.90000486373901,13.712566375732422,60.21999716758728,15.463717460632324
generation,9433,67.30000376701355,12.959083557128906,60.269999504089355,14.783218383789062
generation,9434,64.20000195503235,14.36921501159668,60.69999933242798,15.380528450012207
generation,9435,66.60000085830688,13.296967506408691,60.31000018119812,14.972404479980469
generation,9436,67.60000586509705,12.480949401855469,59.929996728897095,15.254773139953613
generation,9437,67.5000011920929,12.483670234680176,60.259997844696045,15.061168670654297
generation,9438,66.90000295639038,13.233942031860352,60.259997844696045,15.061168670654297
generation,9439,64.65000510215759,14.147198677062988,60.07999777793884,15.260843276977539
generation,9440,65.15000462532043,13.491838455200195,60.749995708465576,14.805091857910156
generation,9441,66.45000576972961,13.571441650390625,60.749995708465576,14.805091857910156
generation,9442,65.35000205039978,13.677364349365234,60.72999835014343,14.859844207763672
generation,9443,65.6000018119812,13.84013843536377,60.44999957084656,15.088390350341797
generation,9444,63.75000476837158,15.156266212463379,60.030001401901245,15.12531566619873
generation,9445,66.45000576972961,13.174561500549316,60.04999876022339,15.267718315124512
generation,9446,64.60000276565552,14.241104125976562,60.189998149871826,15.291537284851074
generation,9447,65.5500054359436,13.293549537658691,60.96000075340271,15.125481605529785
generation,9448,65.5500054359436,13.747005462646484,60.42999625205994,15.12680435180664
generation,9449,64.80000019073486,13.874341011047363,60.47999858856201,15.727986335754395
generation,9450,64.75000381469727,13.527335166931152,60.69999933242798,14.880952835083008
generation,9451,65.65000414848328,13.116544723510742,59.96999740600586,15.308643341064453
generation,9452,65.75000286102295,13.27851676940918,60.06999611854553,15.27980899810791
generation,9453,66.15000367164612,12.783685684204102,60.17000079154968,15.096721649169922
generation,9454,63.450002670288086,14.123614311218262,60.86999773979187,15.085063934326172
generation,9455,66.25000238418579,13.705573081970215,59.74999666213989,15.464987754821777
generation,9456,65.75000286102295,14.239595413208008,60.659998655319214,14.911115646362305
generation,9457,66.2000060081482,13.727684020996094,59.64999794960022,16.180683135986328
generation,9458,66.65000319480896,12.896576881408691,60.189998149871826,15.224754333496094
generation,9459,66.25000238418579,13.509922981262207,60.0600004196167,15.313087463378906
generation,9460,65.00000357627869,13.434027671813965,60.329997539520264,15.483790397644043
generation,9461,66.50000214576721,13.827593803405762,60.179996490478516,15.822848320007324
generation,9462,63.600003719329834,14.28957462310791,60.659998655319214,14.93954849243164
generation,9463,65.15000462532043,13.862629890441895,60.07999777793884,15.175765991210938
generation,9464,65.65000414848328,13.121644020080566,60.38999557495117,14.905924797058105
generation,9465,64.40000534057617,14.123693466186523,60.1099967956543,15.270671844482422
generation,9466,65.05000591278076,13.777244567871094,59.380000829696655,15.02845287322998
generation,9467,66.40000343322754,13.186577796936035,59.81000065803528,15.208962440490723
generation,9468,65.00000357627869,14.302992820739746,59.859997034072876,15.12518310546875
generation,9469,63.450002670288086,14.810599327087402,60.40999889373779,15.12116527557373
generation,9470,65.65000414848328,13.261503219604492,60.579997301101685,15.050636291503906
generation,9471,64.90000486373901,13.539621353149414,59.579998254776,15.335389137268066
generation,9472,66.15000367164612,13.024980545043945,59.81000065803528,15.145916938781738
generation,9473,65.70000052452087,13.265079498291016,60.04999876022339,14.981232643127441
generation,9474,65.50000309944153,13.6903657913208,59.96999740600586,15.308914184570312
generation,9475,64.20000195503235,12.985113143920898,60.019999742507935,14.621828079223633
generation,9476,64.90000486373901,14.22312068939209,60.78000068664551,14.867895126342773
generation,9477,66.8500006198883,12.322650909423828,59.689998626708984,15.310544967651367
generation,9478,65.25000333786011,14.158483505249023,60.44999957084656,14.683781623840332
generation,9479,66.25000238418579,13.66755199432373,60.21999716758728,15.241524696350098
generation,9480,66.25000238418579,13.102555274963379,60.36999821662903,15.059459686279297
generation,9481,64.20000195503235,13.543672561645508,59.859997034072876,14.620162963867188
generation,9482,64.55000042915344,14.197355270385742,60.03999710083008,14.767101287841797
generation,9483,64.90000486373901,13.576589584350586,60.269999504089355,14.89185905456543
generation,9484,65.35000205039978,13.191943168640137,60.78999638557434,15.128122329711914
generation,9485,64.10000324249268,13.743708610534668,60.4699969291687,14.500426292419434
generation,9486,65.05000591278076,13.707998275756836,60.82000136375427,15.225960731506348
generation,9487,65.00000357627869,13.368087768554688,60.13999581336975,15.282492637634277
generation,9488,64.15000557899475,14.047666549682617,59.49000120162964,15.460416793823242
generation,9489,65.6000018119812,13.148580551147461,60.35999655723572,14.877361297607422
generation,9490,65.9500002861023,12.784955024719238,60.71999669075012,15.013148307800293
generation,9491,65.20000100135803,13.89548397064209,59.81999635696411,15.60743236541748
generation,9492,66.60000085830688,12.743220329284668,59.90999937057495,15.503580093383789
generation,9493,65.50000309944153,13.367143630981445,60.37999987602234,15.300389289855957
generation,9494,65.05000591278076,13.88646125793457,60.47999858856201,15.543164253234863
generation,9495,64.85000252723694,13.321935653686523,59.8800003528595,14.9893798828125
generation,9496,66.65000319480896,12.347500801086426,59.49000120162964,14.939743995666504
generation,9497,64.60000276565552,13.6638765335083,59.82999801635742,15.033498764038086
generation,9498,64.40000534057617,14.327512741088867,59.47999954223633,15.473737716674805
generation,9499,64.25000429153442,14.050354957580566,59.86999869346619,15.003729820251465
generation,9500,66.45000576972961,13.534130096435547,60.6499969959259,14.866904258728027
generation,9501,66.2000060081482,13.743279457092285,60.13999581336975,15.326420783996582
generation,9502,64.40000534057617,14.138360023498535,59.99999642372131,15.181907653808594
generation,9503,64.85000252723694,13.255494117736816,60.1099967956543,15.225069046020508
generation,9504,66.30000472068787,13.229751586914062,60.71000099182129,14.933767318725586
generation,9505,65.9500002861023,12.748356819152832,60.71000099182129,14.933767318725586
generation,9506,66.25000238418579,12.93636703491211,60.14999747276306,14.97646713256836
generation,9507,66.55000448226929,12.637147903442383,59.609997272491455,15.032353401184082
generation,9508,65.35000205039978,13.305463790893555,60.71000099182129,14.933767318725586
generation,9509,66.25000238418579,13.514641761779785,60.36999821662903,15.276834487915039
generation,9510,66.40000343322754,14.14021110534668,60.259997844696045,15.518837928771973
generation,9511,66.35000109672546,12.389423370361328,60.37999987602234,14.732773780822754
generation,9512,65.15000462532043,13.12728214263916,60.4200005531311,15.30890941619873
generation,9513,66.70000553131104,12.8499116897583,59.700000286102295,15.573122024536133
generation,9514,66.2000060081482,13.645783424377441,60.07999777793884,14.939651489257812
generation,9515,66.10000133514404,12.869400024414062,60.08999943733215,15.204267501831055
generation,9516,64.95000123977661,14.01041030883789,59.89999771118164,15.375387191772461
generation,9517,66.55000448226929,13.452385902404785,59.52000021934509,15.252954483032227
generation,9518,66.05000495910645,13.13293170928955,60.04999876022339,14.83321762084961
generation,9519,66.95000529289246,13.0224609375,59.83999967575073,15.044090270996094
generation,9520,66.45000576972961,13.037980079650879,59.56999659538269,15.441710472106934
generation,9521,66.40000343322754,13.667522430419922,59.8800003528595,15.064168930053711
generation,9522,66.10000133514404,13.386751174926758,59.43999886512756,15.267073631286621
generation,9523,65.5500054359436,13.464371681213379,59.85000133514404,15.336111068725586
generation,9524,64.65000510215759,13.977550506591797,60.4200005531311,14.852334022521973
generation,9525,65.85000157356262,13.99415111541748,60.20999550819397,15.11475944519043
generation,9526,65.10000228881836,13.469754219055176,59.579998254776,14.684164047241211
generation,9527,64.50000405311584,14.180536270141602,59.38999652862549,15.239473342895508
generation,9528,64.10000324249268,13.913443565368652,60.40999889373779,15.137320518493652
generation,9529,65.5500054359436,14.373932838439941,59.289997816085815,15.384954452514648
generation,9530,67.00000166893005,12.900737762451172,60.36999821662903,14.847817420959473
generation,9531,65.50000309944153,13.988000869750977,60.43999791145325,15.431378364562988
generation,9532,65.80000519752502,13.040313720703125,59.17999744415283,15.44524097442627
generation,9533,63.70000243186951,15.40257740020752,59.359997510910034,15.305681228637695
generation,9534,65.10000228881836,13.600228309631348,60.03999710083008,15.034292221069336
generation,9535,64.3500030040741,13.807188034057617,59.92000102996826,15.12243938446045
generation,9536,65.35000205039978,14.255494117736816,60.08999943733215,15.169180870056152
generation,9537,66.00000262260437,12.662866592407227,60.13999581336975,15.134503364562988
generation,9538,66.70000553131104,12.876810073852539,59.74000096321106,15.527466773986816
generation,9539,66.00000262260437,13.37243938446045,59.47999954223633,15.665698051452637
generation,9540,65.80000519752502,13.59373950958252,60.1099967956543,15.277505874633789
generation,9541,64.20000195503235,14.731284141540527,60.019999742507935,15.348566055297852
generation,9542,63.95000219345093,13.43015193939209,59.859997034072876,15.232519149780273
generation,9543,66.2000060081482,13.015398025512695,60.47999858856201,15.010157585144043
generation,9544,66.35000109672546,13.490741729736328,59.86999869346619,15.203553199768066
generation,9545,65.85000157356262,13.906068801879883,60.46000123023987,14.990140914916992
generation,9546,64.65000510215759,14.066411018371582,59.85000133514404,15.149606704711914
generation,9547,64.25000429153442,13.912040710449219,59.769999980926514,15.160998344421387
generation,9548,65.30000567436218,13.785646438598633,59.359997510910034,15.515409469604492
generation,9549,66.05000495910645,12.672578811645508,60.20999550819397,14.95704174041748
generation,9550,67.00000166893005,13.321005821228027,59.679996967315674,15.291812896728516
generation,9551,66.35000109672546,13.587738037109375,60.53999662399292,15.33482837677002
generation,9552,65.65000414848328,12.740424156188965,59.950000047683716,14.97795581817627
generation,9553,66.15000367164612,13.370525360107422,61.149996519088745,14.660417556762695
generation,9554,64.25000429153442,14.603711128234863,60.46000123023987,15.0267972946167
generation,9555,64.85000252723694,14.442933082580566,60.509997606277466,15.356904983520508
generation,9556,64.50000405311584,13.503052711486816,60.54999828338623,14.736974716186523
generation,9557,66.95000529289246,13.21267032623291,60.89000105857849,15.145198822021484
generation,9558,66.00000262260437,12.555912971496582,59.63999629020691,14.800812721252441
generation,9559,65.00000357627869,13.783132553100586,60.899996757507324,14.914517402648926
generation,9560,66.45000576972961,12.153876304626465,60.44999957084656,14.797844886779785
generation,9561,64.10000324249268,13.680152893066406,60.13999581336975,15.280543327331543
generation,9562,65.80000519752502,13.762042999267578,60.47999858856201,15.107084274291992
generation,9563,66.60000085830688,13.733932495117188,59.929996728897095,15.573110580444336
generation,9564,65.30000567436218,13.236932754516602,59.689998626708984,14.951967239379883
generation,9565,65.15000462532043,14.11839771270752,59.77999567985535,15.32131290435791
generation,9566,66.15000367164612,12.843559265136719,60.31000018119812,14.91910171508789
generation,9567,64.90000486373901,14.771652221679688,60.19999980926514,15.393620491027832
generation,9568,66.2000060081482,13.276227951049805,60.2899968624115,14.768799781799316
generation,9569,65.45000076293945,13.47124195098877,59.89999771118164,15.143285751342773
generation,9570,64.85000252723694,14.202373504638672,59.13999676704407,14.976471900939941
generation,9571,65.45000076293945,13.86828327178955,60.4200005531311,14.720856666564941
generation,9572,67.25000143051147,12.70727252960205,60.189998149871826,14.7620267868042
generation,9573,66.25000238418579,14.38635540008545,60.519999265670776,15.154932975769043
generation,9574,65.9500002861023,12.8656587600708,60.22999882698059,15.12099552154541
generation,9575,65.35000205039978,13.492034912109375,60.2899968624115,14.827054977416992
generation,9576,65.75000286102295,13.298991203308105,59.99000072479248,14.616951942443848
generation,9577,65.5500054359436,13.67717456817627,60.64000129699707,15.015722274780273
generation,9578,66.25000238418579,12.291093826293945,60.2899968624115,14.827054977416992
generation,9579,66.05000495910645,13.675524711608887,60.019999742507935,15.004281044006348
generation,9580,64.90000486373901,13.408196449279785,60.589998960494995,14.5811185836792
generation,9581,65.00000357627869,13.86336898803711,60.78000068664551,14.981775283813477
generation,9582,64.55000042915344,13.992521286010742,60.600000619888306,15.399382591247559
generation,9583,66.95000529289246,13.335555076599121,60.350000858306885,15.60571575164795
generation,9584,65.80000519752502,13.358573913574219,60.08999943733215,14.946146965026855
generation,9585,67.60000586509705,11.956171989440918,60.35999655723572,14.299188613891602
generation,9586,63.65000009536743,14.366889953613281,60.280001163482666,15.026775360107422
generation,9587,66.80000424385071,13.221320152282715,60.259997844696045,15.290946960449219
generation,9588,65.70000052452087,13.266243934631348,60.20999550819397,14.762239456176758
generation,9589,66.15000367164612,12.579379081726074,60.71000099182129,14.57882308959961
generation,9590,65.6000018119812,13.357934951782227,60.71000099182129,14.57882308959961
generation,9591,66.05000495910645,13.808320045471191,60.39999723434448,15.14948558807373
generation,9592,65.00000357627869,13.82823371887207,59.14999842643738,15.496292114257812
generation,9593,65.20000100135803,13.144909858703613,60.989999771118164,15.005905151367188
generation,9594,63.90000581741333,14.701597213745117,60.249996185302734,15.059256553649902
generation,9595,65.00000357627869,14.203912734985352,60.67999601364136,15.034229278564453
generation,9596,63.80000114440918,14.657156944274902,60.54999828338623,15.011858940124512
generation,9597,63.80000114440918,15.140532493591309,60.07999777793884,15.07059383392334
generation,9598,63.600003719329834,15.107300758361816,60.39999723434448,15.131895065307617
generation,9599,65.5500054359436,13.159371376037598,60.53000092506409,15.179689407348633
generation,9600,67.10000038146973,12.021364212036133,61.05999946594238,14.550740242004395
generation,9601,64.75000381469727,12.885248184204102,61.05999946594238,14.550740242004395
generation,9602,66.30000472068787,13.494950294494629,60.85000038146973,14.943965911865234
generation,9603,64.95000123977661,14.14481258392334,60.07999777793884,15.490241050720215
generation,9604,64.3500030040741,14.639984130859375,60.9499990940094,14.912742614746094
generation,9605,66.00000262260437,13.851630210876465,60.350000858306885,14.917677879333496
generation,9606,64.95000123977661,13.665143013000488,60.61999797821045,14.67102336883545
generation,9607,65.80000519752502,13.653592109680176,60.67999601364136,14.844714164733887
generation,9608,66.10000133514404,13.159795761108398,60.569995641708374,14.983637809753418
generation,9609,67.05000400543213,12.842323303222656,59.950000047683716,15.180673599243164
generation,9610,67.05000400543213,13.370983123779297,60.92999577522278,15.18086051940918
generation,9611,65.20000100135803,13.42284870147705,61.11999750137329,14.937126159667969
generation,9612,65.25000333786011,13.894412994384766,60.829997062683105,15.17481517791748
generation,9613,67.10000038146973,13.34550666809082,61.00999712944031,15.196898460388184
generation,9614,65.9500002861023,13.542665481567383,60.2899968624115,15.161396980285645
generation,9615,65.6000018119812,12.813647270202637,60.97999811172485,14.731019973754883
generation,9616,65.40000438690186,13.729312896728516,60.9499990940094,14.717719078063965
generation,9617,68.15000176429749,12.12706470489502,60.600000619888306,15.089879989624023
generation,9618,65.85000157356262,12.92526912689209,60.43999791145325,15.149368286132812
generation,9619,66.60000085830688,13.221132278442383,60.40999889373779,15.286418914794922
generation,9620,65.9500002861023,12.810395240783691,60.249996185302734,14.810409545898438
generation,9621,65.6000018119812,13.360218048095703,60.909998416900635,14.939299583435059
generation,9622,65.85000157356262,12.419445037841797,60.60999631881714,14.736893653869629
generation,9623,65.9000039100647,13.532811164855957,60.1099967956543,14.934609413146973
generation,9624,65.65000414848328,13.04796028137207,60.71000099182129,15.170848846435547
generation,9625,65.9000039100647,13.168464660644531,60.7699990272522,14.94266128540039
generation,9626,65.9000039100647,13.722220420837402,60.19999980926514,15.477096557617188
generation,9627,66.75000190734863,12.690841674804688,60.4699969291687,15.041712760925293
generation,9628,62.800002098083496,14.496912956237793,60.100001096725464,14.91931438446045
generation,9629,66.70000553131104,11.931119918823242,60.989999771118164,14.850674629211426
generation,9630,63.80000114440918,14.383957862854004,60.6499969959259,15.015284538269043
generation,9631,65.10000228881836,13.58659553527832,60.80999970436096,15.160354614257812
generation,9632,64.000004529953,14.059123039245605,60.07999777793884,14.864157676696777
generation,9633,65.65000414848328,13.038866996765137,60.68999767303467,15.024534225463867
generation,9634,66.10000133514404,13.054581642150879,60.670000314712524,15.275378227233887
generation,9635,65.9500002861023,12.979717254638672,60.80999970436096,14.894340515136719
generation,9636,66.55000448226929,12.65359115600586,60.71999669075012,14.832738876342773
generation,9637,64.65000510215759,14.539327621459961,59.89999771118164,15.361854553222656
generation,9638,66.00000262260437,13.492562294006348,60.71000099182129,14.868690490722656
generation,9639,68.30000281333923,11.643864631652832,61.03999614715576,14.488062858581543
generation,9640,64.65000510215759,13.889562606811523,61.18999719619751,14.820090293884277
generation,9641,64.15000557899475,14.494487762451172,60.37999987602234,15.056740760803223
generation,9642,65.50000309944153,13.157158851623535,60.22999882698059,14.685334205627441
generation,9643,67.25000143051147,13.092826843261719,60.509997606277466,15.012595176696777
generation,9644,65.65000414848328,13.251607894897461,60.100001096725464,15.113758087158203
generation,9645,64.10000324249268,13.91538143157959,61.14000082015991,14.85048770904541
generation,9646,64.95000123977661,13.542452812194824,60.49000024795532,14.973803520202637
generation,9647,66.80000424385071,13.357647895812988,60.53000092506409,15.304082870483398
generation,9648,64.70000147819519,14.830907821655273,59.2199981212616,15.165881156921387
generation,9649,65.05000591278076,13.353358268737793,61.40999794006348,14.846569061279297
generation,9650,66.55000448226929,13.510634422302246,60.20999550819397,15.291959762573242
generation,9651,65.70000052452087,13.558005332946777,60.9499990940094,14.872452735900879
generation,9652,66.05000495910645,12.748903274536133,59.64999794960022,15.090312957763672
generation,9653,66.45000576972961,12.408329963684082,61.079996824264526,14.893799781799316
generation,9654,65.15000462532043,13.389183044433594,60.03999710083008,15.01087474822998
generation,9655,65.35000205039978,13.734413146972656,60.6499969959259,15.032047271728516
generation,9656,64.95000123977661,14.56810188293457,59.97999906539917,14.818540573120117
generation,9657,63.15000057220459,15.565732955932617,59.609997272491455,15.140813827514648
generation,9658,65.85000157356262,13.757172584533691,60.61999797821045,14.593043327331543
generation,9659,67.25000143051147,12.381165504455566,60.85000038146973,14.862237930297852
generation,9660,66.60000085830688,13.137286186218262,60.350000858306885,14.888750076293945
generation,9661,65.65000414848328,14.114834785461426,61.04999780654907,15.053462028503418
generation,9662,64.95000123977661,13.721663475036621,60.42999625205994,14.989542007446289
generation,9663,67.5000011920929,12.996230125427246,61.36999726295471,14.92115592956543
generation,9664,64.3500030040741,14.57271671295166,60.100001096725464,15.099991798400879
generation,9665,66.10000133514404,13.612797737121582,60.839998722076416,14.57695484161377
generation,9666,64.70000147819519,13.255658149719238,60.42999625205994,14.656929969787598
generation,9667,65.9000039100647,13.345590591430664,61.08999848365784,14.871994018554688
generation,9668,66.10000133514404,13.545073509216309,60.37999987602234,14.667819023132324
generation,9669,65.40000438690186,13.587913513183594,60.82000136375427,14.777789115905762
generation,9670,65.40000438690186,13.560247421264648,60.659998655319214,15.191058158874512
generation,9671,67.35000610351562,12.319244384765625,60.69999933242798,14.715553283691406
generation,9672,66.55000448226929,13.412320137023926,60.69999933242798,14.992664337158203
generation,9673,66.90000295639038,12.987996101379395,60.670000314712524,14.84766674041748
generation,9674,66.80000424385071,12.947644233703613,59.92000102996826,15.18941879272461
generation,9675,66.00000262260437,13.334060668945312,60.79999804496765,14.554910659790039
generation,9676,66.35000109672546,12.676406860351562,60.17000079154968,15.12944221496582
generation,9677,64.85000252723694,13.696206092834473,60.42999625205994,14.994470596313477
generation,9678,66.2000060081482,13.339491844177246,60.97999811172485,14.765022277832031
generation,9679,64.80000019073486,14.726736068725586,60.7699990272522,14.78046989440918
generation,9680,65.50000309944153,14.109603881835938,60.100001096725464,15.242770195007324
generation,9681,66.45000576972961,14.115694046020508,61.149996519088745,15.226178169250488
generation,9682,67.55000352859497,12.553647994995117,60.55999994277954,14.834129333496094
generation,9683,66.15000367164612,13.916555404663086,60.71000099182129,14.9555082321167
generation,9684,64.45000171661377,14.27413272857666,60.80999970436096,14.630343437194824
generation,9685,66.50000214576721,13.374983787536621,60.829997062683105,14.535682678222656
generation,9686,65.10000228881836,13.055821418762207,60.829997062683105,14.535682678222656
generation,9687,66.95000529289246,12.841365814208984,60.899996757507324,14.550309181213379
generation,9688,66.40000343322754,13.12208366394043,60.899996757507324,14.550309181213379
generation,9689,64.000004529953,13.559839248657227,60.899996757507324,14.63606071472168
generation,9690,65.70000052452087,12.885379791259766,60.519999265670776,14.662266731262207
generation,9691,65.80000519752502,13.289824485778809,60.07999777793884,15.082050323486328
generation,9692,66.50000214576721,13.291831016540527,60.4699969291687,14.870660781860352
generation,9693,64.80000019073486,14.484953880310059,60.42999625205994,15.034372329711914
generation,9694,63.850003480911255,13.85728645324707,59.99000072479248,14.964667320251465
generation,9695,66.35000109672546,12.60781192779541,60.61999797821045,14.608200073242188
generation,9696,65.35000205039978,14.221866607666016,60.14999747276306,15.525507926940918
generation,9697,65.6000018119812,13.691978454589844,60.329997539520264,14.604161262512207
generation,9698,66.60000085830688,12.978081703186035,60.280001163482666,14.510406494140625
generation,9699,66.95000529289246,13.254318237304688,61.03000044822693,14.660354614257812
generation,9700,65.50000309944153,14.1724271774292,60.35999655723572,15.066609382629395
generation,9701,66.15000367164612,13.328070640563965,60.6499969959259,14.95022964477539
generation,9702,65.35000205039978,14.553170204162598,60.2899968624115,15.38435173034668
generation,9703,66.40000343322754,13.9097900390625,60.61999797821045,15.016946792602539
generation,9704,65.85000157356262,13.074728012084961,60.829997062683105,14.611823081970215
generation,9705,66.70000553131104,12.748062133789062,60.38999557495117,14.813738822937012
generation,9706,65.20000100135803,13.963338851928711,60.44999957084656,14.997716903686523
generation,9707,65.15000462532043,13.448567390441895,60.54999828338623,14.897671699523926
generation,9708,65.25000333786011,14.358441352844238,60.19999980926514,15.428556442260742
generation,9709,66.50000214576721,12.80611515045166,60.46000123023987,14.757017135620117
generation,9710,65.05000591278076,14.192977905273438,60.80999970436096,14.787590980529785
generation,9711,64.3500030040741,13.883720397949219,60.569995641708374,15.348950386047363
generation,9712,64.65000510215759,13.6666841506958,60.80999970436096,14.787590980529785
generation,9713,65.75000286102295,13.940220832824707,60.21999716758728,14.967083930969238
generation,9714,66.75000190734863,13.176172256469727,59.859997034072876,14.96545124053955
generation,9715,65.65000414848328,14.391769409179688,60.46000123023987,15.001896858215332
generation,9716,64.75000381469727,13.915966987609863,60.579997301101685,14.796809196472168
generation,9717,65.9000039100647,13.184535026550293,60.36999821662903,15.032781600952148
generation,9718,66.30000472068787,12.994332313537598,60.4200005531311,14.814332962036133
generation,9719,65.75000286102295,14.080068588256836,60.569995641708374,14.755062103271484
generation,9720,65.80000519752502,13.325961112976074,60.339999198913574,14.980712890625
generation,9721,66.65000319480896,12.384001731872559,59.939998388290405,14.989187240600586
generation,9722,66.25000238418579,13.67965316772461,60.38999557495117,15.189974784851074
generation,9723,66.40000343322754,13.88129997253418,60.92999577522278,14.9804105758667
generation,9724,66.15000367164612,13.216906547546387,60.36999821662903,14.9933500289917
generation,9725,65.5500054359436,13.879873275756836,59.929996728897095,15.447709083557129
generation,9726,65.45000076293945,13.28282356262207,60.2899968624115,14.990134239196777
generation,9727,65.35000205039978,13.924651145935059,60.71999669075012,14.73755168914795
generation,9728,66.60000085830688,13.109964370727539,60.179996490478516,14.795164108276367
generation,9729,67.1500027179718,12.562639236450195,60.61999797821045,14.748839378356934
generation,9730,65.40000438690186,14.028709411621094,60.86999773979187,14.981097221374512
generation,9731,64.95000123977661,14.300738334655762,61.000001430511475,14.692527770996094
generation,9732,66.15000367164612,13.426175117492676,60.36999821662903,14.63530158996582
generation,9733,65.00000357627869,14.046341896057129,60.74000000953674,14.856903076171875
generation,9734,64.3500030040741,13.702191352844238,60.69999933242798,14.918901443481445
generation,9735,65.80000519752502,12.611380577087402,60.670000314712524,14.76685619354248
generation,9736,64.20000195503235,13.981769561767578,60.60999631881714,14.613207817077637
generation,9737,65.9500002861023,13.035273551940918,60.49000024795532,14.507678031921387
generation,9738,66.2000060081482,12.968071937561035,60.589998960494995,14.973414421081543
generation,9739,64.85000252723694,14.019078254699707,59.56000089645386,14.785826683044434
generation,9740,66.10000133514404,13.92529582977295,59.56999659538269,15.196637153625488
generation,9741,66.05000495910645,13.414216995239258,60.509997606277466,14.931219100952148
generation,9742,64.65000510215759,14.511136054992676,60.43999791145325,15.160128593444824
generation,9743,65.6000018119812,12.894752502441406,60.85000038146973,14.300101280212402
generation,9744,63.850003480911255,14.056174278259277,60.75999736785889,15.072043418884277
generation,9745,66.30000472068787,12.888101577758789,61.25999689102173,14.274528503417969
generation,9746,66.50000214576721,13.572214126586914,60.40999889373779,14.689697265625
generation,9747,66.10000133514404,13.185089111328125,59.97999906539917,15.348902702331543
generation,9748,65.00000357627869,14.085193634033203,60.49000024795532,14.708498001098633
generation,9749,65.20000100135803,13.546137809753418,60.71000099182129,14.978468894958496
generation,9750,66.45000576972961,13.326577186584473,59.45999622344971,15.376742362976074
generation,9751,64.95000123977661,13.488484382629395,61.39000058174133,14.564519882202148
generation,9752,64.80000019073486,13.400737762451172,60.62999963760376,14.774468421936035
generation,9753,65.35000205039978,13.632148742675781,60.79999804496765,14.754833221435547
generation,9754,66.2000060081482,13.034360885620117,60.55999994277954,14.76854419708252
generation,9755,64.30000066757202,14.777338027954102,60.42999625205994,14.880727767944336
generation,9756,66.25000238418579,13.996686935424805,60.899996757507324,14.610919952392578
generation,9757,67.1500027179718,12.716561317443848,61.03000044822693,15.00487995147705
generation,9758,65.85000157356262,13.441567420959473,60.670000314712524,14.735219955444336
generation,9759,65.9500002861023,12.76883316040039,60.509997606277466,14.775470733642578
generation,9760,67.1500027179718,11.364730834960938,60.2899968624115,14.438283920288086
generation,9761,65.85000157356262,13.085301399230957,59.99000072479248,14.592239379882812
generation,9762,67.35000610351562,12.822325706481934,60.2899968624115,15.239935874938965
generation,9763,65.00000357627869,13.268439292907715,60.0600004196167,14.74732780456543
generation,9764,67.70000457763672,12.585245132446289,60.36999821662903,15.219592094421387
generation,9765,65.5500054359436,13.507840156555176,60.68999767303467,14.684954643249512
generation,9766,65.05000591278076,14.074999809265137,59.96999740600586,15.30134391784668
generation,9767,66.2000060081482,13.69942569732666,60.600000619888306,14.491201400756836
generation,9768,66.10000133514404,13.725228309631348,60.21999716758728,15.177254676818848
generation,9769,66.00000262260437,13.598830223083496,60.329997539520264,15.47321605682373
generation,9770,67.65000224113464,13.419143676757812,60.78000068664551,14.957484245300293
generation,9771,65.85000157356262,13.358912467956543,60.839998722076416,14.286005020141602
generation,9772,65.25000333786011,14.085881233215332,60.36999821662903,14.76966381072998
generation,9773,66.75000190734863,13.314970970153809,61.320000886917114,14.625438690185547
generation,9774,66.15000367164612,13.241942405700684,60.96000075340271,14.633482933044434
generation,9775,66.00000262260437,13.094378471374512,60.42999625205994,14.6342191696167
generation,9776,64.85000252723694,14.18466567993164,60.499995946884155,14.935211181640625
generation,9777,65.70000052452087,13.318717002868652,60.22999882698059,14.94549560546875
generation,9778,64.70000147819519,14.693073272705078,60.259997844696045,14.775818824768066
generation,9779,66.40000343322754,13.023719787597656,60.78000068664551,14.993369102478027
generation,9780,67.30000376701355,12.313323020935059,60.46000123023987,14.5048189163208
generation,9781,65.9500002861023,14.030474662780762,59.679996967315674,15.321887969970703
generation,9782,63.80000114440918,14.048410415649414,60.72999835014343,14.745126724243164
generation,9783,65.70000052452087,13.79226016998291,60.749995708465576,15.03817367553711
generation,9784,64.45000171661377,13.88111400604248,60.659998655319214,14.639640808105469
generation,9785,65.6000018119812,12.8534517288208,60.4699969291687,14.771944046020508
generation,9786,65.35000205039978,12.924763679504395,60.4200005531311,14.729126930236816
generation,9787,66.2000060081482,13.231522560119629,60.920000076293945,14.867757797241211
generation,9788,65.5500054359436,13.022113800048828,60.97999811172485,14.48375129699707
generation,9789,64.90000486373901,12.941845893859863,60.69999933242798,14.467303276062012
generation,9790,66.75000190734863,13.980990409851074,60.60999631881714,15.085295677185059
generation,9791,64.20000195503235,13.950056076049805,61.00999712944031,14.770419120788574
generation,9792,66.70000553131104,12.3916654586792,60.4200005531311,14.740983009338379
generation,9793,65.9000039100647,13.124837875366211,60.80999970436096,14.482568740844727
generation,9794,66.25000238418579,14.000726699829102,60.64000129699707,14.936214447021484
generation,9795,66.35000109672546,13.281927108764648,60.339999198913574,14.893777847290039
generation,9796,65.10000228881836,13.874052047729492,60.53000092506409,14.952967643737793
generation,9797,66.75000190734863,12.223386764526367,60.53000092506409,14.842707633972168
generation,9798,65.15000462532043,13.809911727905273,60.49000024795532,14.749361038208008
generation,9799,65.9500002861023,13.535065650939941,60.19999980926514,15.047362327575684
generation,9800,64.95000123977661,14.701173782348633,61.229997873306274,14.746012687683105
generation,9801,66.05000495910645,14.008216857910156,60.38999557495117,15.591361045837402
generation,9802,66.50000214576721,12.699662208557129,60.509997606277466,14.594881057739258
generation,9803,66.25000238418579,12.871699333190918,60.2400004863739,15.183121681213379
generation,9804,63.90000581741333,15.016035079956055,60.44999957084656,15.114832878112793
generation,9805,65.5500054359436,13.394556999206543,60.7699990272522,14.79619026184082
generation,9806,64.50000405311584,13.96535873413086,60.44999957084656,14.928047180175781
generation,9807,66.60000085830688,13.118415832519531,60.53000092506409,15.012389183044434
generation,9808,65.20000100135803,14.69986343383789,60.600000619888306,15.193792343139648
generation,9809,65.45000076293945,12.468934059143066,60.74000000953674,14.744260787963867
generation,9810,67.30000376701355,12.972260475158691,60.74000000953674,14.744260787963867
generation,9811,65.50000309944153,13.385783195495605,61.11999750137329,15.021995544433594
generation,9812,65.80000519752502,13.074772834777832,60.85000038146973,14.751113891601562
generation,9813,66.55000448226929,13.621644020080566,60.67999601364136,15.031854629516602
generation,9814,67.4500048160553,12.261026382446289,61.21000051498413,14.743524551391602
generation,9815,65.45000076293945,13.460646629333496,60.569995641708374,14.507576942443848
generation,9816,65.65000414848328,14.086959838867188,60.259997844696045,15.190629959106445
generation,9817,64.65000510215759,13.85570240020752,59.38999652862549,15.208144187927246
generation,9818,66.75000190734863,12.636185646057129,61.03999614715576,14.86586856842041
generation,9819,64.90000486373901,14.260064125061035,61.52999997138977,14.779478073120117
generation,9820,65.50000309944153,15.101503372192383,60.13999581336975,15.036749839782715
generation,9821,65.35000205039978,13.14901351928711,60.280001163482666,14.99364185333252
generation,9822,65.10000228881836,13.464359283447266,59.83999967575073,15.075922966003418
generation,9823,65.85000157356262,13.168808937072754,61.18999719619751,14.419418334960938
generation,9824,66.90000295639038,12.442523002624512,60.55999994277954,14.699446678161621
generation,9825,64.65000510215759,14.39477825164795,60.2400004863739,15.073226928710938
generation,9826,65.9000039100647,13.090781211853027,60.31000018119812,14.917837142944336
generation,9827,65.80000519752502,13.382922172546387,60.179996490478516,14.674254417419434
generation,9828,66.25000238418579,13.693230628967285,60.68999767303467,15.098462104797363
generation,9829,63.30000162124634,14.486193656921387,60.68999767303467,15.098462104797363
generation,9830,64.3500030040741,14.673318862915039,60.44999957084656,14.852524757385254
generation,9831,65.15000462532043,13.155304908752441,59.81000065803528,14.887295722961426
generation,9832,65.05000591278076,13.2739896774292,60.17000079154968,14.76227855682373
generation,9833,66.00000262260437,12.432639122009277,60.1099967956543,14.856303215026855
generation,9834,66.35000109672546,12.66822338104248,60.21999716758728,14.961894035339355
generation,9835,65.15000462532043,13.431451797485352,60.179996490478516,15.083325386047363
generation,9836,64.90000486373901,13.781737327575684,60.64000129699707,14.43640422821045
generation,9837,64.75000381469727,14.102757453918457,61.32999658584595,14.479365348815918
generation,9838,66.90000295639038,13.058650970458984,60.600000619888306,14.889559745788574
generation,9839,66.30000472068787,12.901650428771973,60.37999987602234,15.006834030151367
generation,9840,64.40000534057617,14.166542053222656,60.07999777793884,15.07509994506836
generation,9841,63.70000243186951,15.302896499633789,60.6499969959259,14.878713607788086
generation,9842,64.65000510215759,15.105289459228516,60.4200005531311,15.523293495178223
generation,9843,66.60000085830688,13.057511329650879,61.32999658584595,14.479365348815918
generation,9844,65.85000157356262,12.486255645751953,60.4699969291687,14.595507621765137
generation,9845,67.5000011920929,12.235838890075684,60.71999669075012,14.664493560791016
generation,9846,65.15000462532043,13.394119262695312,61.32999658584595,14.479365348815918
generation,9847,65.35000205039978,13.06686782836914,60.589998960494995,14.830692291259766
generation,9848,66.15000367164612,13.089838027954102,60.829997062683105,14.88366985321045
generation,9849,65.70000052452087,13.399994850158691,60.14999747276306,15.130553245544434
generation,9850,66.95000529289246,12.353989601135254,60.499995946884155,14.876784324645996
generation,9851,65.35000205039978,12.984270095825195,60.670000314712524,14.697253227233887
generation,9852,64.55000042915344,13.665400505065918,59.689998626708984,14.875707626342773
generation,9853,65.6000018119812,13.420450210571289,60.40999889373779,14.957770347595215
generation,9854,65.85000157356262,13.176790237426758,60.509997606277466,15.012007713317871
generation,9855,64.65000510215759,14.668346405029297,60.40999889373779,14.957770347595215
generation,9856,64.95000123977661,12.408212661743164,61.32999658584595,14.479365348815918
generation,9857,66.2000060081482,12.968494415283203,60.38999557495117,14.60216999053955
generation,9858,64.30000066757202,13.858484268188477,60.15999913215637,14.783348083496094
generation,9859,66.05000495910645,12.795941352844238,60.7699990272522,14.704845428466797
generation,9860,65.80000519752502,13.690382957458496,60.40999889373779,14.798304557800293
generation,9861,66.60000085830688,13.308981895446777,60.40999889373779,14.798304557800293
generation,9862,65.50000309944153,14.360010147094727,60.60999631881714,14.991228103637695
generation,9863,66.90000295639038,13.763307571411133,59.79999899864197,15.841312408447266
generation,9864,64.40000534057617,14.75760555267334,60.44999957084656,14.939132690429688
generation,9865,64.90000486373901,13.117559432983398,60.259997844696045,14.862069129943848
generation,9866,65.35000205039978,13.881516456604004,59.950000047683716,15.134159088134766
generation,9867,65.10000228881836,14.025988578796387,60.13000011444092,14.851677894592285
generation,9868,67.00000166893005,13.326126098632812,60.96999645233154,15.227812767028809
generation,9869,64.50000405311584,13.891425132751465,60.499995946884155,14.642406463623047
generation,9870,65.6000018119812,13.246011734008789,60.659998655319214,14.995084762573242
generation,9871,63.450002670288086,14.953283309936523,60.80999970436096,15.305360794067383
generation,9872,64.90000486373901,14.87918758392334,60.1099967956543,15.49338150024414
generation,9873,65.15000462532043,13.692819595336914,60.4200005531311,14.510161399841309
generation,9874,65.45000076293945,14.606182098388672,60.509997606277466,14.96179485321045
generation,9875,66.15000367164612,13.322578430175781,60.600000619888306,14.777898788452148
generation,9876,64.45000171661377,13.68984603881836,60.43999791145325,14.469452857971191
generation,9877,65.50000309944153,13.889727592468262,60.13999581336975,15.046008110046387
generation,9878,65.6000018119812,14.817483901977539,60.82000136375427,15.228759765625
generation,9879,64.70000147819519,13.978302955627441,60.269999504089355,15.722845077514648
generation,9880,65.25000333786011,13.030898094177246,60.31999588012695,14.67640495300293
generation,9881,65.75000286102295,13.305292129516602,60.53999662399292,14.596464157104492
generation,9882,66.15000367164612,14.287029266357422,60.37999987602234,15.763829231262207
generation,9883,64.90000486373901,13.68525218963623,60.46000123023987,14.839726448059082
generation,9884,65.6000018119812,13.926619529724121,60.46000123023987,14.839726448059082
generation,9885,65.6000018119812,13.775135040283203,59.65999960899353,15.20583438873291
generation,9886,66.25000238418579,13.222962379455566,60.749995708465576,14.737578392028809
generation,9887,65.70000052452087,12.716649055480957,60.249996185302734,15.137139320373535
generation,9888,64.30000066757202,14.827051162719727,60.31000018119812,15.1036376953125
generation,9889,65.9500002861023,13.358278274536133,60.42999625205994,14.798090934753418
generation,9890,65.10000228881836,13.45178508758545,60.4200005531311,14.978584289550781
generation,9891,63.80000114440918,14.527945518493652,60.39999723434448,15.027162551879883
generation,9892,65.25000333786011,13.804459571838379,60.9499990940094,14.834506034851074
generation,9893,66.65000319480896,13.062182426452637,60.60999631881714,15.153626441955566
generation,9894,64.70000147819519,13.846816062927246,59.579998254776,15.31057071685791
generation,9895,66.35000109672546,12.766214370727539,60.569995641708374,15.045269966125488
generation,9896,65.70000052452087,13.072880744934082,60.569995641708374,14.678265571594238
generation,9897,65.80000519752502,13.772215843200684,60.670000314712524,15.474187850952148
generation,9898,65.10000228881836,14.026281356811523,60.13000011444092,15.226792335510254
generation,9899,65.10000228881836,13.705290794372559,60.53000092506409,14.944308280944824
generation,9900,65.00000357627869,14.07317066192627,59.32999849319458,15.494098663330078
generation,9901,65.00000357627869,13.506183624267578,60.4200005531311,14.877034187316895
generation,9902,63.80000114440918,14.258353233337402,60.62999963760376,14.770337104797363
generation,9903,65.30000567436218,13.862611770629883,60.0600004196167,14.961984634399414
generation,9904,66.45000576972961,12.947153091430664,60.43999791145325,15.246912956237793
generation,9905,66.30000472068787,13.055179595947266,59.89999771118164,15.14503002166748
generation,9906,66.25000238418579,13.79764175415039,59.43999886512756,15.343596458435059
generation,9907,66.15000367164612,13.020541191101074,60.53000092506409,15.18022346496582
generation,9908,65.85000157356262,13.472886085510254,60.350000858306885,14.987373352050781
generation,9909,65.5500054359436,13.277326583862305,60.14999747276306,14.97453784942627
generation,9910,67.20000505447388,13.090435028076172,60.60999631881714,14.794239044189453
generation,9911,65.85000157356262,12.981654167175293,60.329997539520264,14.960291862487793
generation,9912,66.80000424385071,12.925559997558594,60.97999811172485,14.676858901977539
generation,9913,66.55000448226929,12.889429092407227,60.79999804496765,14.726482391357422
generation,9914,65.10000228881836,12.995891571044922,60.46000123023987,14.772683143615723
generation,9915,66.8500006198883,13.003470420837402,60.4200005531311,15.088042259216309
generation,9916,65.10000228881836,13.851119041442871,60.49000024795532,15.055707931518555
generation,9917,66.30000472068787,14.01352310180664,60.49000024795532,15.43405818939209
generation,9918,65.9000039100647,13.4242525100708,60.54999828338623,14.893640518188477
generation,9919,64.0500009059906,14.534031867980957,60.54999828338623,15.469045639038086
generation,9920,64.90000486373901,14.211725234985352,60.35999655723572,15.312664031982422
generation,9921,63.90000581741333,14.278664588928223,59.97999906539917,14.680071830749512
generation,9922,66.35000109672546,13.666997909545898,59.95999574661255,15.231831550598145
generation,9923,65.75000286102295,13.304925918579102,60.04999876022339,14.822251319885254
generation,9924,65.30000567436218,14.01109504699707,60.64000129699707,15.08846378326416
generation,9925,65.05000591278076,13.630078315734863,60.600000619888306,14.815260887145996
generation,9926,66.15000367164612,13.94626522064209,60.670000314712524,14.869277000427246
generation,9927,66.50000214576721,13.523632049560547,60.06999611854553,15.116368293762207
generation,9928,66.50000214576721,13.144518852233887,60.60999631881714,14.881704330444336
generation,9929,65.85000157356262,13.382867813110352,60.60999631881714,14.881704330444336
generation,9930,66.15000367164612,13.388774871826172,60.71999669075012,15.024947166442871
generation,9931,65.9000039100647,13.449197769165039,60.62999963760376,14.760026931762695
generation,9932,65.85000157356262,13.488773345947266,60.2400004863739,14.957256317138672
generation,9933,65.5500054359436,13.64832592010498,60.339999198913574,15.001456260681152
generation,9934,65.35000205039978,13.688519477844238,60.36999821662903,14.70032024383545
generation,9935,66.55000448226929,13.029534339904785,61.03999614715576,14.922266006469727
generation,9936,66.00000262260437,13.463056564331055,59.95999574661255,14.9041109085083
generation,9937,67.25000143051147,13.6137056350708,60.249996185302734,15.145678520202637
generation,9938,65.40000438690186,13.031627655029297,59.16000008583069,15.362553596496582
generation,9939,67.05000400543213,12.67941665649414,60.40999889373779,14.89516830444336
generation,9940,66.30000472068787,13.81910514831543,61.11999750137329,14.962274551391602
generation,9941,65.40000438690186,13.973299026489258,60.4200005531311,15.049510955810547
generation,9942,64.80000019073486,13.471161842346191,60.39999723434448,14.92326545715332
generation,9943,65.35000205039978,13.532917976379395,60.36999821662903,14.704607963562012
generation,9944,66.50000214576721,12.924389839172363,60.54999828338623,14.419224739074707
generation,9945,66.80000424385071,12.454643249511719,60.55999994277954,14.742059707641602
generation,9946,64.0500009059906,14.227669715881348,60.659998655319214,15.224374771118164
generation,9947,66.25000238418579,13.088068962097168,60.519999265670776,15.039716720581055
generation,9948,66.25000238418579,13.249835014343262,60.39999723434448,14.854580879211426
generation,9949,66.90000295639038,12.892742156982422,60.179996490478516,14.866262435913086
generation,9950,65.5500054359436,13.243477821350098,60.1099967956543,15.10594367980957
generation,9951,66.40000343322754,12.753453254699707,60.179996490478516,15.00247859954834
generation,9952,66.2000060081482,13.997477531433105,60.38999557495117,15.284740447998047
generation,9953,65.75000286102295,12.75822639465332,60.03999710083008,15.17188549041748
generation,9954,64.15000557899475,13.68238639831543,60.249996185302734,14.782610893249512
generation,9955,65.65000414848328,13.637799263000488,60.54999828338623,15.15070915222168
generation,9956,66.10000133514404,13.475115776062012,60.14999747276306,15.118230819702148
generation,9957,65.80000519752502,13.788806915283203,60.03999710083008,15.128325462341309
generation,9958,67.25000143051147,12.869688987731934,60.6499969959259,14.944549560546875
generation,9959,67.00000166893005,12.921560287475586,60.75999736785889,15.056459426879883
generation,9960,65.35000205039978,13.026907920837402,60.15999913215637,14.666759490966797
generation,9961,66.65000319480896,13.2677640914917,60.31999588012695,15.062267303466797
generation,9962,66.35000109672546,12.178119659423828,60.55999994277954,14.893562316894531
generation,9963,65.9500002861023,13.888671875,60.61999797821045,14.675350189208984
generation,9964,65.10000228881836,13.860215187072754,59.99999642372131,15.353647232055664
generation,9965,64.65000510215759,14.38086986541748,60.53999662399292,14.906906127929688
generation,9966,65.25000333786011,13.743290901184082,60.339999198913574,14.623849868774414
generation,9967,66.65000319480896,13.151551246643066,60.4200005531311,15.30623722076416
generation,9968,66.05000495910645,13.597658157348633,60.11999845504761,14.860062599182129
generation,9969,64.90000486373901,13.789582252502441,60.40999889373779,15.034912109375
generation,9970,66.10000133514404,13.99739933013916,60.87999939918518,15.091114044189453
generation,9971,65.45000076293945,13.844829559326172,60.6499969959259,14.871307373046875
generation,9972,65.6000018119812,14.429551124572754,60.31000018119812,15.167006492614746
generation,9973,65.9500002861023,13.884157180786133,60.17000079154968,15.250762939453125
generation,9974,64.25000429153442,14.499923706054688,60.44999957084656,14.898028373718262
generation,9975,64.85000252723694,14.732443809509277,60.61999797821045,15.266640663146973
generation,9976,64.80000019073486,13.894083023071289,60.589998960494995,15.040594100952148
generation,9977,65.85000157356262,13.784709930419922,60.42999625205994,15.048681259155273
generation,9978,65.20000100135803,14.016671180725098,60.019999742507935,14.923090934753418
generation,9979,66.70000553131104,12.98304271697998,60.509997606277466,14.599212646484375
generation,9980,65.50000309944153,12.877056121826172,60.47999858856201,14.752106666564941
generation,9981,66.15000367164612,12.865341186523438,60.670000314712524,14.863944053649902
generation,9982,65.25000333786011,14.037644386291504,60.670000314712524,14.863944053649902
generation,9983,67.10000038146973,12.63242244720459,60.1099967956543,14.96552848815918
generation,9984,65.40000438690186,13.625125885009766,59.950000047683716,14.967717170715332
generation,9985,66.2000060081482,13.629358291625977,59.63999629020691,15.09718132019043
generation,9986,65.50000309944153,12.564895629882812,60.37999987602234,14.478287696838379
generation,9987,65.9500002861023,13.741995811462402,60.4200005531311,15.530280113220215
generation,9988,65.35000205039978,13.947691917419434,60.4699969291687,15.221327781677246
generation,9989,65.80000519752502,12.985042572021484,60.15999913215637,15.024459838867188
generation,9990,66.00000262260437,13.338772773742676,60.179996490478516,14.94679069519043
generation,9991,64.60000276565552,14.21780776977539,60.179996490478516,14.852651596069336
generation,9992,65.9500002861023,13.730072975158691,60.07999777793884,14.869436264038086
generation,9993,65.45000076293945,13.469888687133789,60.35999655723572,14.819756507873535
generation,9994,66.50000214576721,12.877215385437012,60.55999994277954,14.97166919708252
generation,9995,66.35000109672546,13.520577430725098,60.53999662399292,14.719659805297852
generation,9996,66.00000262260437,12.748727798461914,60.31999588012695,14.898374557495117
generation,9997,64.25000429153442,14.374885559082031,60.15999913215637,15.1768159866333
generation,9998,66.95000529289246,12.225081443786621,60.579997301101685,15.058587074279785
generation,9999,65.9000039100647,14.089278221130371,60.39999723434448,15.108699798583984
generation,10000,65.50000309944153,13.550209045410156,60.92999577522278,14.6190185546875
after_ga,,,,60.19999980926514,14.898681640625
